14-04-2025 10:36:33,156-06:00 [main] INFO  c.ebac.modulo39.Modulo39Application - Starting Modulo39Application using Java 21.0.6 with PID 14600 (C:\Users\228173\Downloads\EjercicioModulo67\demo2\target\classes started by 228173 in C:\Users\228173\Downloads\EjercicioModulo67)
14-04-2025 10:36:33,156-06:00 [main] INFO  c.ebac.modulo39.Modulo39Application - Starting Modulo39Application using Java 21.0.6 with PID 14600 (C:\Users\228173\Downloads\EjercicioModulo67\demo2\target\classes started by 228173 in C:\Users\228173\Downloads\EjercicioModulo67)
14-04-2025 10:36:44,420-06:00 [main] DEBUG o.s.b.f.s.DefaultListableBeanFactory - Creating shared instance of singleton bean 'org.springframework.boot.autoconfigure.sql.init.SqlInitializationAutoConfiguration'
14-04-2025 10:36:44,455-06:00 [main] DEBUG o.s.b.f.s.DefaultListableBeanFactory - Creating shared instance of singleton bean 'org.springframework.boot.autoconfigure.jdbc.DataSourceTransactionManagerAutoConfiguration$JdbcTransactionManagerConfiguration'
14-04-2025 10:36:44,458-06:00 [main] DEBUG o.s.b.f.s.DefaultListableBeanFactory - Creating shared instance of singleton bean 'org.springframework.boot.autoconfigure.jdbc.DataSourceTransactionManagerAutoConfiguration'
14-04-2025 10:36:44,459-06:00 [main] DEBUG o.s.b.f.s.DefaultListableBeanFactory - Creating shared instance of singleton bean 'org.springframework.boot.autoconfigure.transaction.TransactionAutoConfiguration$EnableTransactionManagementConfiguration$CglibAutoProxyConfiguration'
14-04-2025 10:36:44,459-06:00 [main] DEBUG o.s.b.f.s.DefaultListableBeanFactory - Creating shared instance of singleton bean 'org.springframework.boot.autoconfigure.transaction.TransactionAutoConfiguration$EnableTransactionManagementConfiguration'
14-04-2025 10:36:44,460-06:00 [main] DEBUG o.s.b.f.s.DefaultListableBeanFactory - Creating shared instance of singleton bean 'org.springframework.boot.autoconfigure.transaction.TransactionAutoConfiguration$TransactionTemplateConfiguration'
14-04-2025 10:36:44,461-06:00 [main] DEBUG o.s.b.f.s.DefaultListableBeanFactory - Creating shared instance of singleton bean 'transactionTemplate'
14-04-2025 10:36:44,463-06:00 [main] DEBUG o.s.b.f.s.DefaultListableBeanFactory - Autowiring by type from bean name 'transactionTemplate' via factory method to bean named 'transactionManager'
14-04-2025 10:36:44,467-06:00 [main] DEBUG o.s.b.f.s.DefaultListableBeanFactory - Creating shared instance of singleton bean 'org.springframework.boot.autoconfigure.transaction.TransactionAutoConfiguration'
14-04-2025 10:36:44,469-06:00 [main] DEBUG o.s.b.f.s.DefaultListableBeanFactory - Creating shared instance of singleton bean 'org.springframework.boot.autoconfigure.web.client.RestClientAutoConfiguration'
14-04-2025 10:36:44,470-06:00 [main] DEBUG o.s.b.f.s.DefaultListableBeanFactory - Creating shared instance of singleton bean 'httpMessageConvertersRestClientCustomizer'
14-04-2025 10:36:44,472-06:00 [main] DEBUG o.s.b.f.s.DefaultListableBeanFactory - Creating shared instance of singleton bean 'restClientSsl'
14-04-2025 10:36:44,473-06:00 [main] DEBUG o.s.b.f.s.DefaultListableBeanFactory - Autowiring by type from bean name 'restClientSsl' via factory method to bean named 'sslBundleRegistry'
14-04-2025 10:36:44,478-06:00 [main] DEBUG o.s.b.f.s.DefaultListableBeanFactory - Creating shared instance of singleton bean 'restClientBuilderConfigurer'
14-04-2025 10:36:44,482-06:00 [main] DEBUG o.s.b.f.s.DefaultListableBeanFactory - Creating shared instance of singleton bean 'org.springframework.boot.autoconfigure.web.client.RestTemplateAutoConfiguration'
14-04-2025 10:36:44,483-06:00 [main] DEBUG o.s.b.f.s.DefaultListableBeanFactory - Creating shared instance of singleton bean 'org.springframework.boot.autoconfigure.web.embedded.EmbeddedWebServerFactoryCustomizerAutoConfiguration'
14-04-2025 10:36:44,493-06:00 [main] DEBUG o.s.b.f.s.DefaultListableBeanFactory - Creating shared instance of singleton bean 'multipartResolver'
14-04-2025 10:36:44,525-06:00 [main] DEBUG o.s.c.s.DefaultLifecycleProcessor - Starting beans in phase -2147483647
14-04-2025 10:36:44,539-06:00 [main] DEBUG o.s.c.s.DefaultLifecycleProcessor - Successfully started bean 'springBootLoggingLifecycle'
14-04-2025 10:36:44,540-06:00 [main] DEBUG o.s.c.s.DefaultLifecycleProcessor - Starting beans in phase 1073741823
14-04-2025 10:36:44,543-06:00 [main] DEBUG o.s.c.s.DefaultLifecycleProcessor - Starting beans in phase 2147481599
14-04-2025 10:36:44,545-06:00 [main] INFO  o.a.coyote.http11.Http11NioProtocol - Starting ProtocolHandler ["http-nio-8080"]
14-04-2025 10:36:44,624-06:00 [main] INFO  o.s.b.w.e.tomcat.TomcatWebServer - Tomcat started on port 8080 (http) with context path '/'
14-04-2025 10:36:44,634-06:00 [main] DEBUG o.s.c.s.DefaultLifecycleProcessor - Successfully started bean 'webServerStartStop'
14-04-2025 10:36:44,634-06:00 [main] DEBUG o.s.c.s.DefaultLifecycleProcessor - Starting beans in phase 2147482623
14-04-2025 10:36:44,636-06:00 [main] DEBUG o.s.c.s.DefaultLifecycleProcessor - Successfully started bean 'webServerGracefulShutdown'
14-04-2025 10:36:44,780-06:00 [main] INFO  c.ebac.modulo39.Modulo39Application - Started Modulo39Application in 12.551 seconds (process running for 13.852)
14-04-2025 10:36:44,780-06:00 [main] INFO  c.ebac.modulo39.Modulo39Application - Started Modulo39Application in 12.551 seconds (process running for 13.852)
14-04-2025 10:36:44,786-06:00 [main] DEBUG o.s.b.a.ApplicationAvailabilityBean - Application availability state LivenessState changed to CORRECT
14-04-2025 10:36:44,795-06:00 [main] DEBUG o.s.b.a.ApplicationAvailabilityBean - Application availability state ReadinessState changed to ACCEPTING_TRAFFIC
14-04-2025 10:37:08,862-06:00 [HikariPool-1 housekeeper] DEBUG com.zaxxer.hikari.pool.HikariPool - HikariPool-1 - Pool stats (total=10, active=0, idle=10, waiting=0)
14-04-2025 10:37:08,862-06:00 [HikariPool-1 housekeeper] DEBUG com.zaxxer.hikari.pool.HikariPool - HikariPool-1 - Fill pool skipped, pool has sufficient level or currently being filled.
14-04-2025 10:37:38,866-06:00 [HikariPool-1 housekeeper] DEBUG com.zaxxer.hikari.pool.HikariPool - HikariPool-1 - Pool stats (total=10, active=0, idle=10, waiting=0)
14-04-2025 10:37:38,866-06:00 [HikariPool-1 housekeeper] DEBUG com.zaxxer.hikari.pool.HikariPool - HikariPool-1 - Fill pool skipped, pool has sufficient level or currently being filled.
14-04-2025 10:38:08,867-06:00 [HikariPool-1 housekeeper] DEBUG com.zaxxer.hikari.pool.HikariPool - HikariPool-1 - Pool stats (total=10, active=0, idle=10, waiting=0)
14-04-2025 10:38:08,867-06:00 [HikariPool-1 housekeeper] DEBUG com.zaxxer.hikari.pool.HikariPool - HikariPool-1 - Fill pool skipped, pool has sufficient level or currently being filled.
14-04-2025 10:38:38,871-06:00 [HikariPool-1 housekeeper] DEBUG com.zaxxer.hikari.pool.HikariPool - HikariPool-1 - Pool stats (total=10, active=0, idle=10, waiting=0)
14-04-2025 10:38:38,873-06:00 [HikariPool-1 housekeeper] DEBUG com.zaxxer.hikari.pool.HikariPool - HikariPool-1 - Fill pool skipped, pool has sufficient level or currently being filled.
14-04-2025 10:39:08,876-06:00 [HikariPool-1 housekeeper] DEBUG com.zaxxer.hikari.pool.HikariPool - HikariPool-1 - Pool stats (total=10, active=0, idle=10, waiting=0)
14-04-2025 10:39:08,876-06:00 [HikariPool-1 housekeeper] DEBUG com.zaxxer.hikari.pool.HikariPool - HikariPool-1 - Fill pool skipped, pool has sufficient level or currently being filled.
14-04-2025 10:39:38,886-06:00 [HikariPool-1 housekeeper] DEBUG com.zaxxer.hikari.pool.HikariPool - HikariPool-1 - Pool stats (total=10, active=0, idle=10, waiting=0)
14-04-2025 10:39:38,886-06:00 [HikariPool-1 housekeeper] DEBUG com.zaxxer.hikari.pool.HikariPool - HikariPool-1 - Fill pool skipped, pool has sufficient level or currently being filled.
14-04-2025 10:40:08,895-06:00 [HikariPool-1 housekeeper] DEBUG com.zaxxer.hikari.pool.HikariPool - HikariPool-1 - Pool stats (total=10, active=0, idle=10, waiting=0)
14-04-2025 10:40:08,895-06:00 [HikariPool-1 housekeeper] DEBUG com.zaxxer.hikari.pool.HikariPool - HikariPool-1 - Fill pool skipped, pool has sufficient level or currently being filled.
14-04-2025 10:40:38,907-06:00 [HikariPool-1 housekeeper] DEBUG com.zaxxer.hikari.pool.HikariPool - HikariPool-1 - Pool stats (total=10, active=0, idle=10, waiting=0)
14-04-2025 10:40:38,907-06:00 [HikariPool-1 housekeeper] DEBUG com.zaxxer.hikari.pool.HikariPool - HikariPool-1 - Fill pool skipped, pool has sufficient level or currently being filled.
14-04-2025 10:41:08,911-06:00 [HikariPool-1 housekeeper] DEBUG com.zaxxer.hikari.pool.HikariPool - HikariPool-1 - Pool stats (total=10, active=0, idle=10, waiting=0)
14-04-2025 10:41:08,911-06:00 [HikariPool-1 housekeeper] DEBUG com.zaxxer.hikari.pool.HikariPool - HikariPool-1 - Fill pool skipped, pool has sufficient level or currently being filled.
14-04-2025 10:41:38,921-06:00 [HikariPool-1 housekeeper] DEBUG com.zaxxer.hikari.pool.HikariPool - HikariPool-1 - Pool stats (total=10, active=0, idle=10, waiting=0)
14-04-2025 10:41:38,921-06:00 [HikariPool-1 housekeeper] DEBUG com.zaxxer.hikari.pool.HikariPool - HikariPool-1 - Fill pool skipped, pool has sufficient level or currently being filled.
14-04-2025 10:42:08,926-06:00 [HikariPool-1 housekeeper] DEBUG com.zaxxer.hikari.pool.HikariPool - HikariPool-1 - Pool stats (total=10, active=0, idle=10, waiting=0)
14-04-2025 10:42:08,926-06:00 [HikariPool-1 housekeeper] DEBUG com.zaxxer.hikari.pool.HikariPool - HikariPool-1 - Fill pool skipped, pool has sufficient level or currently being filled.
14-04-2025 10:42:38,934-06:00 [HikariPool-1 housekeeper] DEBUG com.zaxxer.hikari.pool.HikariPool - HikariPool-1 - Pool stats (total=10, active=0, idle=10, waiting=0)
14-04-2025 10:42:38,934-06:00 [HikariPool-1 housekeeper] DEBUG com.zaxxer.hikari.pool.HikariPool - HikariPool-1 - Fill pool skipped, pool has sufficient level or currently being filled.
14-04-2025 11:07:13,966-06:00 [main] INFO  c.ebac.modulo39.Modulo39Application - Starting Modulo39Application using Java 21.0.6 with PID 10024 (C:\Users\228173\Downloads\EjercicioModulo67\demo2\target\classes started by 228173 in C:\Users\228173\Downloads\EjercicioModulo67)
14-04-2025 11:07:13,966-06:00 [main] INFO  c.ebac.modulo39.Modulo39Application - Starting Modulo39Application using Java 21.0.6 with PID 10024 (C:\Users\228173\Downloads\EjercicioModulo67\demo2\target\classes started by 228173 in C:\Users\228173\Downloads\EjercicioModulo67)
14-04-2025 11:07:13,970-06:00 [main] INFO  c.ebac.modulo39.Modulo39Application - No active profile set, falling back to 1 default profile: "default"
14-04-2025 11:07:13,970-06:00 [main] INFO  c.ebac.modulo39.Modulo39Application - No active profile set, falling back to 1 default profile: "default"
14-04-2025 11:07:13,970-06:00 [main] DEBUG o.s.boot.SpringApplication - Loading source class com.ebac.modulo39.Modulo39Application
14-04-2025 11:07:14,029-06:00 [main] DEBUG o.s.b.w.s.c.AnnotationConfigServletWebServerApplicationContext - Refreshing org.springframework.boot.web.servlet.context.AnnotationConfigServletWebServerApplicationContext@45fd9a4d
14-04-2025 11:07:14,057-06:00 [main] DEBUG o.s.b.f.s.DefaultListableBeanFactory - Creating shared instance of singleton bean 'org.springframework.context.annotation.internalConfigurationAnnotationProcessor'
14-04-2025 11:07:14,076-06:00 [main] DEBUG o.s.b.f.s.DefaultListableBeanFactory - Creating shared instance of singleton bean 'org.springframework.boot.autoconfigure.internalCachingMetadataReaderFactory'
14-04-2025 11:07:14,175-06:00 [main] DEBUG o.s.c.a.ClassPathBeanDefinitionScanner - Identified candidate component class: file [C:\Users\228173\Downloads\EjercicioModulo67\demo2\target\classes\com\ebac\modulo39\config\WebConfig.class]
14-04-2025 11:07:14,191-06:00 [main] DEBUG o.s.c.a.ClassPathBeanDefinitionScanner - Identified candidate component class: file [C:\Users\228173\Downloads\EjercicioModulo67\demo2\target\classes\com\ebac\modulo39\controller\LoginController.class]
14-04-2025 11:07:14,205-06:00 [main] DEBUG o.s.c.a.ClassPathBeanDefinitionScanner - Identified candidate component class: file [C:\Users\228173\Downloads\EjercicioModulo67\demo2\target\classes\com\ebac\modulo39\controller\TelefonoController.class]
14-04-2025 11:07:14,207-06:00 [main] DEBUG o.s.c.a.ClassPathBeanDefinitionScanner - Identified candidate component class: file [C:\Users\228173\Downloads\EjercicioModulo67\demo2\target\classes\com\ebac\modulo39\controller\UsuarioController.class]
14-04-2025 11:07:14,223-06:00 [main] DEBUG o.s.c.a.ClassPathBeanDefinitionScanner - Identified candidate component class: file [C:\Users\228173\Downloads\EjercicioModulo67\demo2\target\classes\com\ebac\modulo39\service\TelefonoService.class]
14-04-2025 11:07:14,225-06:00 [main] DEBUG o.s.c.a.ClassPathBeanDefinitionScanner - Identified candidate component class: file [C:\Users\228173\Downloads\EjercicioModulo67\demo2\target\classes\com\ebac\modulo39\service\UsuarioService.class]
14-04-2025 11:07:15,094-06:00 [main] INFO  o.s.d.r.c.RepositoryConfigurationDelegate - Bootstrapping Spring Data JPA repositories in DEFAULT mode.
14-04-2025 11:07:15,102-06:00 [main] DEBUG o.s.b.f.s.DefaultListableBeanFactory - Creating shared instance of singleton bean 'org.springframework.boot.autoconfigure.AutoConfigurationPackages'
14-04-2025 11:07:15,131-06:00 [main] DEBUG o.s.b.a.AutoConfigurationPackages - @EnableAutoConfiguration was declared on a class in the package 'com.ebac.modulo39'. Automatic @Repository and @Entity scanning is enabled.
14-04-2025 11:07:15,131-06:00 [main] DEBUG o.s.d.r.c.RepositoryConfigurationDelegate - Scanning for JPA repositories in packages com.ebac.modulo39.
14-04-2025 11:07:15,156-06:00 [main] DEBUG o.s.d.r.c.RepositoryComponentProvider - Identified candidate component class: file [C:\Users\228173\Downloads\EjercicioModulo67\demo2\target\classes\com\ebac\modulo39\repository\TelefonoRepository.class]
14-04-2025 11:07:15,157-06:00 [main] DEBUG o.s.d.r.c.RepositoryComponentProvider - Identified candidate component class: file [C:\Users\228173\Downloads\EjercicioModulo67\demo2\target\classes\com\ebac\modulo39\repository\UsuarioLoginRepository.class]
14-04-2025 11:07:15,157-06:00 [main] DEBUG o.s.d.r.c.RepositoryComponentProvider - Identified candidate component class: file [C:\Users\228173\Downloads\EjercicioModulo67\demo2\target\classes\com\ebac\modulo39\repository\UsuarioRepository.class]
14-04-2025 11:07:15,237-06:00 [main] INFO  o.s.d.r.c.RepositoryConfigurationDelegate - Finished Spring Data repository scanning in 106 ms. Found 3 JPA repository interfaces.
14-04-2025 11:07:15,522-06:00 [main] DEBUG o.s.b.f.s.DefaultListableBeanFactory - Creating shared instance of singleton bean 'propertySourcesPlaceholderConfigurer'
14-04-2025 11:07:15,538-06:00 [main] DEBUG o.s.b.f.s.DefaultListableBeanFactory - Creating shared instance of singleton bean 'emBeanDefinitionRegistrarPostProcessor'
14-04-2025 11:07:15,542-06:00 [main] DEBUG o.s.b.f.s.DefaultListableBeanFactory - Creating shared instance of singleton bean 'org.springframework.boot.sql.init.dependency.DatabaseInitializationDependencyConfigurer$DependsOnDatabaseInitializationPostProcessor'
14-04-2025 11:07:15,605-06:00 [main] DEBUG o.s.b.f.s.DefaultListableBeanFactory - Creating shared instance of singleton bean 'org.springframework.context.event.internalEventListenerProcessor'
14-04-2025 11:07:15,605-06:00 [main] DEBUG o.s.b.f.s.DefaultListableBeanFactory - Creating shared instance of singleton bean 'preserveErrorControllerTargetClassPostProcessor'
14-04-2025 11:07:15,605-06:00 [main] DEBUG o.s.b.f.s.DefaultListableBeanFactory - Creating shared instance of singleton bean 'org.springframework.context.event.internalEventListenerFactory'
14-04-2025 11:07:15,605-06:00 [main] DEBUG o.s.b.f.s.DefaultListableBeanFactory - Creating shared instance of singleton bean 'org.springframework.transaction.config.internalTransactionalEventListenerFactory'
14-04-2025 11:07:15,620-06:00 [main] DEBUG o.s.b.f.s.DefaultListableBeanFactory - Creating shared instance of singleton bean 'org.springframework.context.annotation.internalAutowiredAnnotationProcessor'
14-04-2025 11:07:15,623-06:00 [main] DEBUG o.s.b.f.s.DefaultListableBeanFactory - Creating shared instance of singleton bean 'org.springframework.context.annotation.internalCommonAnnotationProcessor'
14-04-2025 11:07:15,627-06:00 [main] DEBUG o.s.b.f.s.DefaultListableBeanFactory - Creating shared instance of singleton bean 'org.springframework.context.annotation.internalPersistenceAnnotationProcessor'
14-04-2025 11:07:15,628-06:00 [main] DEBUG o.s.b.f.s.DefaultListableBeanFactory - Creating shared instance of singleton bean 'org.springframework.boot.context.properties.ConfigurationPropertiesBindingPostProcessor'
14-04-2025 11:07:15,629-06:00 [main] DEBUG o.s.b.f.s.DefaultListableBeanFactory - Creating shared instance of singleton bean 'org.springframework.boot.context.internalConfigurationPropertiesBinder'
14-04-2025 11:07:15,632-06:00 [main] DEBUG o.s.b.f.s.DefaultListableBeanFactory - Creating shared instance of singleton bean 'jdbcConnectionDetailsHikariBeanPostProcessor'
14-04-2025 11:07:15,637-06:00 [main] DEBUG o.s.b.f.s.DefaultListableBeanFactory - Creating shared instance of singleton bean 'org.springframework.aop.config.internalAutoProxyCreator'
14-04-2025 11:07:15,660-06:00 [main] DEBUG o.s.b.f.s.DefaultListableBeanFactory - Creating shared instance of singleton bean 'persistenceExceptionTranslationPostProcessor'
14-04-2025 11:07:15,670-06:00 [main] DEBUG o.s.b.f.s.DefaultListableBeanFactory - Autowiring by type from bean name 'persistenceExceptionTranslationPostProcessor' via factory method to bean named 'environment'
14-04-2025 11:07:15,676-06:00 [main] DEBUG o.s.b.f.s.DefaultListableBeanFactory - Creating shared instance of singleton bean 'webServerFactoryCustomizerBeanPostProcessor'
14-04-2025 11:07:15,676-06:00 [main] DEBUG o.s.b.f.s.DefaultListableBeanFactory - Creating shared instance of singleton bean 'errorPageRegistrarBeanPostProcessor'
14-04-2025 11:07:15,676-06:00 [main] DEBUG o.s.b.f.s.DefaultListableBeanFactory - Creating shared instance of singleton bean 'projectingArgumentResolverBeanPostProcessor'
14-04-2025 11:07:15,680-06:00 [main] DEBUG o.s.b.f.s.DefaultListableBeanFactory - Creating shared instance of singleton bean 'org.springframework.transaction.config.internalTransactionAdvisor'
14-04-2025 11:07:15,681-06:00 [main] DEBUG o.s.b.f.s.DefaultListableBeanFactory - Creating shared instance of singleton bean 'org.springframework.transaction.annotation.ProxyTransactionManagementConfiguration'
14-04-2025 11:07:15,710-06:00 [main] DEBUG o.s.b.f.s.DefaultListableBeanFactory - Creating shared instance of singleton bean 'transactionAttributeSource'
14-04-2025 11:07:15,723-06:00 [main] DEBUG o.s.b.f.s.DefaultListableBeanFactory - Creating shared instance of singleton bean 'transactionInterceptor'
14-04-2025 11:07:15,725-06:00 [main] DEBUG o.s.b.f.s.DefaultListableBeanFactory - Autowiring by type from bean name 'transactionInterceptor' via factory method to bean named 'transactionAttributeSource'
14-04-2025 11:07:15,727-06:00 [main] DEBUG o.s.b.f.s.DefaultListableBeanFactory - Autowiring by type from bean name 'org.springframework.transaction.config.internalTransactionAdvisor' via factory method to bean named 'transactionAttributeSource'
14-04-2025 11:07:15,727-06:00 [main] DEBUG o.s.b.f.s.DefaultListableBeanFactory - Autowiring by type from bean name 'org.springframework.transaction.config.internalTransactionAdvisor' via factory method to bean named 'transactionInterceptor'
14-04-2025 11:07:15,769-06:00 [main] DEBUG o.s.u.c.s.UiApplicationContextUtils - Unable to locate ThemeSource with name 'themeSource': using default [org.springframework.ui.context.support.ResourceBundleThemeSource@12eedfee]
14-04-2025 11:07:15,771-06:00 [main] DEBUG o.s.b.f.s.DefaultListableBeanFactory - Creating shared instance of singleton bean 'tomcatServletWebServerFactory'
14-04-2025 11:07:15,771-06:00 [main] DEBUG o.s.b.f.s.DefaultListableBeanFactory - Creating shared instance of singleton bean 'org.springframework.boot.autoconfigure.web.servlet.ServletWebServerFactoryConfiguration$EmbeddedTomcat'
14-04-2025 11:07:15,820-06:00 [main] DEBUG o.s.b.f.s.DefaultListableBeanFactory - Creating shared instance of singleton bean 'websocketServletWebServerCustomizer'
14-04-2025 11:07:15,820-06:00 [main] DEBUG o.s.b.f.s.DefaultListableBeanFactory - Creating shared instance of singleton bean 'org.springframework.boot.autoconfigure.websocket.servlet.WebSocketServletAutoConfiguration$TomcatWebSocketConfiguration'
14-04-2025 11:07:15,820-06:00 [main] DEBUG o.s.b.f.s.DefaultListableBeanFactory - Creating shared instance of singleton bean 'servletWebServerFactoryCustomizer'
14-04-2025 11:07:15,820-06:00 [main] DEBUG o.s.b.f.s.DefaultListableBeanFactory - Creating shared instance of singleton bean 'org.springframework.boot.autoconfigure.web.servlet.ServletWebServerFactoryAutoConfiguration'
14-04-2025 11:07:15,820-06:00 [main] DEBUG o.s.b.f.s.DefaultListableBeanFactory - Creating shared instance of singleton bean 'server-org.springframework.boot.autoconfigure.web.ServerProperties'
14-04-2025 11:07:15,838-06:00 [main] DEBUG o.s.b.f.s.DefaultListableBeanFactory - Creating shared instance of singleton bean 'org.springframework.boot.context.properties.BoundConfigurationProperties'
14-04-2025 11:07:15,856-06:00 [main] DEBUG o.s.b.f.s.DefaultListableBeanFactory - Autowiring by type from bean name 'servletWebServerFactoryCustomizer' via factory method to bean named 'server-org.springframework.boot.autoconfigure.web.ServerProperties'
14-04-2025 11:07:15,865-06:00 [main] DEBUG o.s.b.f.s.DefaultListableBeanFactory - Creating shared instance of singleton bean 'sslBundleRegistry'
14-04-2025 11:07:15,866-06:00 [main] DEBUG o.s.b.f.s.DefaultListableBeanFactory - Creating shared instance of singleton bean 'org.springframework.boot.autoconfigure.ssl.SslAutoConfiguration'
14-04-2025 11:07:15,868-06:00 [main] DEBUG o.s.b.f.s.DefaultListableBeanFactory - Creating shared instance of singleton bean 'spring.ssl-org.springframework.boot.autoconfigure.ssl.SslProperties'
14-04-2025 11:07:15,871-06:00 [main] DEBUG o.s.b.f.s.DefaultListableBeanFactory - Autowiring by type from bean name 'org.springframework.boot.autoconfigure.ssl.SslAutoConfiguration' via constructor to bean named 'org.springframework.boot.web.servlet.context.AnnotationConfigServletWebServerApplicationContext@45fd9a4d'
14-04-2025 11:07:15,874-06:00 [main] DEBUG o.s.b.f.s.DefaultListableBeanFactory - Autowiring by type from bean name 'org.springframework.boot.autoconfigure.ssl.SslAutoConfiguration' via constructor to bean named 'spring.ssl-org.springframework.boot.autoconfigure.ssl.SslProperties'
14-04-2025 11:07:15,882-06:00 [main] DEBUG o.s.b.f.s.DefaultListableBeanFactory - Creating shared instance of singleton bean 'sslPropertiesSslBundleRegistrar'
14-04-2025 11:07:15,883-06:00 [main] DEBUG o.s.b.f.s.DefaultListableBeanFactory - Creating shared instance of singleton bean 'fileWatcher'
14-04-2025 11:07:15,886-06:00 [main] DEBUG o.s.b.f.s.DefaultListableBeanFactory - Autowiring by type from bean name 'sslPropertiesSslBundleRegistrar' via factory method to bean named 'fileWatcher'
14-04-2025 11:07:15,899-06:00 [main] DEBUG o.s.b.f.s.DefaultListableBeanFactory - Creating shared instance of singleton bean 'tomcatServletWebServerFactoryCustomizer'
14-04-2025 11:07:15,900-06:00 [main] DEBUG o.s.b.f.s.DefaultListableBeanFactory - Autowiring by type from bean name 'tomcatServletWebServerFactoryCustomizer' via factory method to bean named 'server-org.springframework.boot.autoconfigure.web.ServerProperties'
14-04-2025 11:07:15,902-06:00 [main] DEBUG o.s.b.f.s.DefaultListableBeanFactory - Creating shared instance of singleton bean 'tomcatWebServerFactoryCustomizer'
14-04-2025 11:07:15,902-06:00 [main] DEBUG o.s.b.f.s.DefaultListableBeanFactory - Creating shared instance of singleton bean 'org.springframework.boot.autoconfigure.web.embedded.EmbeddedWebServerFactoryCustomizerAutoConfiguration$TomcatWebServerFactoryCustomizerConfiguration'
14-04-2025 11:07:15,905-06:00 [main] DEBUG o.s.b.f.s.DefaultListableBeanFactory - Autowiring by type from bean name 'tomcatWebServerFactoryCustomizer' via factory method to bean named 'environment'
14-04-2025 11:07:15,905-06:00 [main] DEBUG o.s.b.f.s.DefaultListableBeanFactory - Autowiring by type from bean name 'tomcatWebServerFactoryCustomizer' via factory method to bean named 'server-org.springframework.boot.autoconfigure.web.ServerProperties'
14-04-2025 11:07:15,911-06:00 [main] DEBUG o.s.b.f.s.DefaultListableBeanFactory - Creating shared instance of singleton bean 'localeCharsetMappingsCustomizer'
14-04-2025 11:07:15,912-06:00 [main] DEBUG o.s.b.f.s.DefaultListableBeanFactory - Creating shared instance of singleton bean 'org.springframework.boot.autoconfigure.web.servlet.HttpEncodingAutoConfiguration'
14-04-2025 11:07:15,913-06:00 [main] DEBUG o.s.b.f.s.DefaultListableBeanFactory - Autowiring by type from bean name 'org.springframework.boot.autoconfigure.web.servlet.HttpEncodingAutoConfiguration' via constructor to bean named 'server-org.springframework.boot.autoconfigure.web.ServerProperties'
14-04-2025 11:07:15,954-06:00 [main] DEBUG o.s.b.f.s.DefaultListableBeanFactory - Creating shared instance of singleton bean 'errorPageCustomizer'
14-04-2025 11:07:15,954-06:00 [main] DEBUG o.s.b.f.s.DefaultListableBeanFactory - Creating shared instance of singleton bean 'org.springframework.boot.autoconfigure.web.servlet.error.ErrorMvcAutoConfiguration'
14-04-2025 11:07:15,954-06:00 [main] DEBUG o.s.b.f.s.DefaultListableBeanFactory - Autowiring by type from bean name 'org.springframework.boot.autoconfigure.web.servlet.error.ErrorMvcAutoConfiguration' via constructor to bean named 'server-org.springframework.boot.autoconfigure.web.ServerProperties'
14-04-2025 11:07:15,954-06:00 [main] DEBUG o.s.b.f.s.DefaultListableBeanFactory - Creating shared instance of singleton bean 'dispatcherServletRegistration'
14-04-2025 11:07:15,967-06:00 [main] DEBUG o.s.b.f.s.DefaultListableBeanFactory - Creating shared instance of singleton bean 'org.springframework.boot.autoconfigure.web.servlet.DispatcherServletAutoConfiguration$DispatcherServletRegistrationConfiguration'
14-04-2025 11:07:15,969-06:00 [main] DEBUG o.s.b.f.s.DefaultListableBeanFactory - Creating shared instance of singleton bean 'dispatcherServlet'
14-04-2025 11:07:15,969-06:00 [main] DEBUG o.s.b.f.s.DefaultListableBeanFactory - Creating shared instance of singleton bean 'org.springframework.boot.autoconfigure.web.servlet.DispatcherServletAutoConfiguration$DispatcherServletConfiguration'
14-04-2025 11:07:15,972-06:00 [main] DEBUG o.s.b.f.s.DefaultListableBeanFactory - Creating shared instance of singleton bean 'spring.mvc-org.springframework.boot.autoconfigure.web.servlet.WebMvcProperties'
14-04-2025 11:07:15,977-06:00 [main] DEBUG o.s.b.f.s.DefaultListableBeanFactory - Autowiring by type from bean name 'dispatcherServlet' via factory method to bean named 'spring.mvc-org.springframework.boot.autoconfigure.web.servlet.WebMvcProperties'
14-04-2025 11:07:16,007-06:00 [main] DEBUG o.s.b.f.s.DefaultListableBeanFactory - Autowiring by type from bean name 'dispatcherServletRegistration' via factory method to bean named 'dispatcherServlet'
14-04-2025 11:07:16,007-06:00 [main] DEBUG o.s.b.f.s.DefaultListableBeanFactory - Autowiring by type from bean name 'dispatcherServletRegistration' via factory method to bean named 'spring.mvc-org.springframework.boot.autoconfigure.web.servlet.WebMvcProperties'
14-04-2025 11:07:16,012-06:00 [main] DEBUG o.s.b.f.s.DefaultListableBeanFactory - Creating shared instance of singleton bean 'multipartConfigElement'
14-04-2025 11:07:16,012-06:00 [main] DEBUG o.s.b.f.s.DefaultListableBeanFactory - Creating shared instance of singleton bean 'org.springframework.boot.autoconfigure.web.servlet.MultipartAutoConfiguration'
14-04-2025 11:07:16,016-06:00 [main] DEBUG o.s.b.f.s.DefaultListableBeanFactory - Creating shared instance of singleton bean 'spring.servlet.multipart-org.springframework.boot.autoconfigure.web.servlet.MultipartProperties'
14-04-2025 11:07:16,025-06:00 [main] DEBUG o.s.b.f.s.DefaultListableBeanFactory - Autowiring by type from bean name 'org.springframework.boot.autoconfigure.web.servlet.MultipartAutoConfiguration' via constructor to bean named 'spring.servlet.multipart-org.springframework.boot.autoconfigure.web.servlet.MultipartProperties'
14-04-2025 11:07:16,028-06:00 [main] DEBUG o.s.b.f.s.DefaultListableBeanFactory - Autowiring by type from bean name 'errorPageCustomizer' via factory method to bean named 'dispatcherServletRegistration'
14-04-2025 11:07:16,173-06:00 [main] DEBUG o.s.b.w.e.t.TomcatServletWebServerFactory - Code archive: C:\Users\228173\.m2\repository\org\springframework\boot\spring-boot\3.4.1\spring-boot-3.4.1.jar
14-04-2025 11:07:16,174-06:00 [main] DEBUG o.s.b.w.e.t.TomcatServletWebServerFactory - Code archive: C:\Users\228173\.m2\repository\org\springframework\boot\spring-boot\3.4.1\spring-boot-3.4.1.jar
14-04-2025 11:07:16,175-06:00 [main] DEBUG o.s.b.w.e.t.TomcatServletWebServerFactory - None of the document roots [src/main/webapp, public, static] point to a directory and will be ignored.
14-04-2025 11:07:16,204-06:00 [main] INFO  o.s.b.w.e.tomcat.TomcatWebServer - Tomcat initialized with port 8080 (http)
14-04-2025 11:07:16,223-06:00 [main] INFO  o.a.coyote.http11.Http11NioProtocol - Initializing ProtocolHandler ["http-nio-8080"]
14-04-2025 11:07:16,226-06:00 [main] INFO  o.a.catalina.core.StandardService - Starting service [Tomcat]
14-04-2025 11:07:16,226-06:00 [main] INFO  o.a.catalina.core.StandardEngine - Starting Servlet engine: [Apache Tomcat/10.1.34]
14-04-2025 11:07:16,334-06:00 [main] INFO  o.a.c.c.C.[Tomcat].[localhost].[/] - Initializing Spring embedded WebApplicationContext
14-04-2025 11:07:16,334-06:00 [main] DEBUG o.s.b.w.s.c.ServletWebServerApplicationContext - Published root WebApplicationContext as ServletContext attribute with name [org.springframework.web.context.WebApplicationContext.ROOT]
14-04-2025 11:07:16,334-06:00 [main] INFO  o.s.b.w.s.c.ServletWebServerApplicationContext - Root WebApplicationContext: initialization completed in 2305 ms
14-04-2025 11:07:16,344-06:00 [main] DEBUG o.s.b.f.s.DefaultListableBeanFactory - Creating shared instance of singleton bean 'requestContextFilter'
14-04-2025 11:07:16,349-06:00 [main] DEBUG o.s.b.f.s.DefaultListableBeanFactory - Creating shared instance of singleton bean 'formContentFilter'
14-04-2025 11:07:16,350-06:00 [main] DEBUG o.s.b.f.s.DefaultListableBeanFactory - Creating shared instance of singleton bean 'org.springframework.boot.autoconfigure.web.servlet.WebMvcAutoConfiguration'
14-04-2025 11:07:16,353-06:00 [main] DEBUG o.s.b.f.s.DefaultListableBeanFactory - Creating shared instance of singleton bean 'characterEncodingFilter'
14-04-2025 11:07:16,367-06:00 [main] DEBUG o.s.b.w.s.ServletContextInitializerBeans - Mapping filters: characterEncodingFilter urls=[/*] order=-2147483648, formContentFilter urls=[/*] order=-9900, requestContextFilter urls=[/*] order=-105
14-04-2025 11:07:16,368-06:00 [main] DEBUG o.s.b.w.s.ServletContextInitializerBeans - Mapping servlets: dispatcherServlet urls=[/]
14-04-2025 11:07:16,400-06:00 [main] DEBUG o.s.b.w.s.f.OrderedRequestContextFilter - Filter 'requestContextFilter' configured for use
14-04-2025 11:07:16,403-06:00 [main] DEBUG o.s.b.w.s.f.OrderedCharacterEncodingFilter - Filter 'characterEncodingFilter' configured for use
14-04-2025 11:07:16,405-06:00 [main] DEBUG o.s.b.w.s.f.OrderedFormContentFilter - Filter 'formContentFilter' configured for use
14-04-2025 11:07:16,417-06:00 [main] DEBUG o.s.b.f.s.DefaultListableBeanFactory - Creating shared instance of singleton bean 'dataSourceScriptDatabaseInitializer'
14-04-2025 11:07:16,418-06:00 [main] DEBUG o.s.b.f.s.DefaultListableBeanFactory - Creating shared instance of singleton bean 'org.springframework.boot.autoconfigure.sql.init.DataSourceInitializationConfiguration'
14-04-2025 11:07:16,420-06:00 [main] DEBUG o.s.b.f.s.DefaultListableBeanFactory - Creating shared instance of singleton bean 'dataSource'
14-04-2025 11:07:16,421-06:00 [main] DEBUG o.s.b.f.s.DefaultListableBeanFactory - Creating shared instance of singleton bean 'org.springframework.boot.autoconfigure.jdbc.DataSourceConfiguration$Hikari'
14-04-2025 11:07:16,423-06:00 [main] DEBUG o.s.b.f.s.DefaultListableBeanFactory - Creating shared instance of singleton bean 'spring.datasource-org.springframework.boot.autoconfigure.jdbc.DataSourceProperties'
14-04-2025 11:07:16,438-06:00 [main] DEBUG o.s.b.f.s.DefaultListableBeanFactory - Creating shared instance of singleton bean 'jdbcConnectionDetails'
14-04-2025 11:07:16,438-06:00 [main] DEBUG o.s.b.f.s.DefaultListableBeanFactory - Creating shared instance of singleton bean 'org.springframework.boot.autoconfigure.jdbc.DataSourceAutoConfiguration$PooledDataSourceConfiguration'
14-04-2025 11:07:16,446-06:00 [main] DEBUG o.s.b.f.s.DefaultListableBeanFactory - Autowiring by type from bean name 'jdbcConnectionDetails' via factory method to bean named 'spring.datasource-org.springframework.boot.autoconfigure.jdbc.DataSourceProperties'
14-04-2025 11:07:16,446-06:00 [main] DEBUG o.s.b.f.s.DefaultListableBeanFactory - Autowiring by type from bean name 'dataSource' via factory method to bean named 'spring.datasource-org.springframework.boot.autoconfigure.jdbc.DataSourceProperties'
14-04-2025 11:07:16,448-06:00 [main] DEBUG o.s.b.f.s.DefaultListableBeanFactory - Autowiring by type from bean name 'dataSource' via factory method to bean named 'jdbcConnectionDetails'
14-04-2025 11:07:16,453-06:00 [main] DEBUG com.zaxxer.hikari.HikariConfig - Driver class com.mysql.cj.jdbc.Driver found in Thread context class loader jdk.internal.loader.ClassLoaders$AppClassLoader@33909752
14-04-2025 11:07:16,486-06:00 [main] DEBUG o.s.b.f.s.DefaultListableBeanFactory - Creating shared instance of singleton bean 'spring.sql.init-org.springframework.boot.autoconfigure.sql.init.SqlInitializationProperties'
14-04-2025 11:07:16,491-06:00 [main] DEBUG o.s.b.f.s.DefaultListableBeanFactory - Autowiring by type from bean name 'dataSourceScriptDatabaseInitializer' via factory method to bean named 'dataSource'
14-04-2025 11:07:16,491-06:00 [main] DEBUG o.s.b.f.s.DefaultListableBeanFactory - Autowiring by type from bean name 'dataSourceScriptDatabaseInitializer' via factory method to bean named 'spring.sql.init-org.springframework.boot.autoconfigure.sql.init.SqlInitializationProperties'
14-04-2025 11:07:16,501-06:00 [main] DEBUG o.s.b.f.s.DefaultListableBeanFactory - Creating shared instance of singleton bean 'entityManagerFactory'
14-04-2025 11:07:16,504-06:00 [main] DEBUG o.s.b.f.s.DefaultListableBeanFactory - Creating shared instance of singleton bean 'org.springframework.boot.autoconfigure.orm.jpa.HibernateJpaConfiguration'
14-04-2025 11:07:16,507-06:00 [main] DEBUG o.s.b.f.s.DefaultListableBeanFactory - Creating shared instance of singleton bean 'spring.jpa-org.springframework.boot.autoconfigure.orm.jpa.JpaProperties'
14-04-2025 11:07:16,513-06:00 [main] DEBUG o.s.b.f.s.DefaultListableBeanFactory - Creating shared instance of singleton bean 'spring.jpa.hibernate-org.springframework.boot.autoconfigure.orm.jpa.HibernateProperties'
14-04-2025 11:07:16,515-06:00 [main] DEBUG o.s.b.f.s.DefaultListableBeanFactory - Autowiring by type from bean name 'org.springframework.boot.autoconfigure.orm.jpa.HibernateJpaConfiguration' via constructor to bean named 'dataSource'
14-04-2025 11:07:16,516-06:00 [main] DEBUG o.s.b.f.s.DefaultListableBeanFactory - Autowiring by type from bean name 'org.springframework.boot.autoconfigure.orm.jpa.HibernateJpaConfiguration' via constructor to bean named 'spring.jpa-org.springframework.boot.autoconfigure.orm.jpa.JpaProperties'
14-04-2025 11:07:16,517-06:00 [main] DEBUG o.s.b.f.s.DefaultListableBeanFactory - Autowiring by type from bean name 'org.springframework.boot.autoconfigure.orm.jpa.HibernateJpaConfiguration' via constructor to bean named 'org.springframework.beans.factory.support.DefaultListableBeanFactory@5778826f'
14-04-2025 11:07:16,517-06:00 [main] DEBUG o.s.b.f.s.DefaultListableBeanFactory - Autowiring by type from bean name 'org.springframework.boot.autoconfigure.orm.jpa.HibernateJpaConfiguration' via constructor to bean named 'spring.jpa.hibernate-org.springframework.boot.autoconfigure.orm.jpa.HibernateProperties'
14-04-2025 11:07:16,526-06:00 [main] DEBUG o.s.b.f.s.DefaultListableBeanFactory - Creating shared instance of singleton bean 'hikariPoolDataSourceMetadataProvider'
14-04-2025 11:07:16,527-06:00 [main] DEBUG o.s.b.f.s.DefaultListableBeanFactory - Creating shared instance of singleton bean 'org.springframework.boot.autoconfigure.jdbc.metadata.DataSourcePoolMetadataProvidersConfiguration$HikariPoolDataSourceMetadataProviderConfiguration'
14-04-2025 11:07:16,533-06:00 [main] DEBUG o.s.b.f.s.DefaultListableBeanFactory - Creating shared instance of singleton bean 'entityManagerFactoryBuilder'
14-04-2025 11:07:16,535-06:00 [main] DEBUG o.s.b.f.s.DefaultListableBeanFactory - Creating shared instance of singleton bean 'jpaVendorAdapter'
14-04-2025 11:07:16,560-06:00 [main] DEBUG org.jboss.logging - Logging Provider: org.jboss.logging.Slf4jLoggerProvider found via system property
14-04-2025 11:07:16,570-06:00 [main] DEBUG o.s.b.f.s.DefaultListableBeanFactory - Autowiring by type from bean name 'entityManagerFactoryBuilder' via factory method to bean named 'jpaVendorAdapter'
14-04-2025 11:07:16,585-06:00 [main] DEBUG o.s.jdbc.datasource.DataSourceUtils - Fetching JDBC Connection from DataSource
14-04-2025 11:07:16,588-06:00 [main] DEBUG com.zaxxer.hikari.HikariConfig - HikariPool-1 - configuration:
14-04-2025 11:07:16,594-06:00 [main] DEBUG com.zaxxer.hikari.HikariConfig - allowPoolSuspension.............false
14-04-2025 11:07:16,599-06:00 [main] DEBUG com.zaxxer.hikari.HikariConfig - autoCommit......................true
14-04-2025 11:07:16,600-06:00 [main] DEBUG com.zaxxer.hikari.HikariConfig - catalog.........................none
14-04-2025 11:07:16,600-06:00 [main] DEBUG com.zaxxer.hikari.HikariConfig - connectionInitSql...............none
14-04-2025 11:07:16,601-06:00 [main] DEBUG com.zaxxer.hikari.HikariConfig - connectionTestQuery.............none
14-04-2025 11:07:16,602-06:00 [main] DEBUG com.zaxxer.hikari.HikariConfig - connectionTimeout...............30000
14-04-2025 11:07:16,602-06:00 [main] DEBUG com.zaxxer.hikari.HikariConfig - dataSource......................none
14-04-2025 11:07:16,603-06:00 [main] DEBUG com.zaxxer.hikari.HikariConfig - dataSourceClassName.............none
14-04-2025 11:07:16,604-06:00 [main] DEBUG com.zaxxer.hikari.HikariConfig - dataSourceJNDI..................none
14-04-2025 11:07:16,606-06:00 [main] DEBUG com.zaxxer.hikari.HikariConfig - dataSourceProperties............{password=<masked>}
14-04-2025 11:07:16,606-06:00 [main] DEBUG com.zaxxer.hikari.HikariConfig - driverClassName................."com.mysql.cj.jdbc.Driver"
14-04-2025 11:07:16,607-06:00 [main] DEBUG com.zaxxer.hikari.HikariConfig - exceptionOverrideClassName......none
14-04-2025 11:07:16,607-06:00 [main] DEBUG com.zaxxer.hikari.HikariConfig - healthCheckProperties...........{}
14-04-2025 11:07:16,607-06:00 [main] DEBUG com.zaxxer.hikari.HikariConfig - healthCheckRegistry.............none
14-04-2025 11:07:16,607-06:00 [main] DEBUG com.zaxxer.hikari.HikariConfig - idleTimeout.....................600000
14-04-2025 11:07:16,610-06:00 [main] DEBUG com.zaxxer.hikari.HikariConfig - initializationFailTimeout.......1
14-04-2025 11:07:16,610-06:00 [main] DEBUG com.zaxxer.hikari.HikariConfig - isolateInternalQueries..........false
14-04-2025 11:07:16,611-06:00 [main] DEBUG com.zaxxer.hikari.HikariConfig - jdbcUrl.........................jdbc:mysql://localhost:3306/modulo40
14-04-2025 11:07:16,611-06:00 [main] DEBUG com.zaxxer.hikari.HikariConfig - keepaliveTime...................0
14-04-2025 11:07:16,611-06:00 [main] DEBUG com.zaxxer.hikari.HikariConfig - leakDetectionThreshold..........0
14-04-2025 11:07:16,612-06:00 [main] DEBUG com.zaxxer.hikari.HikariConfig - maxLifetime.....................1800000
14-04-2025 11:07:16,612-06:00 [main] DEBUG com.zaxxer.hikari.HikariConfig - maximumPoolSize.................10
14-04-2025 11:07:16,612-06:00 [main] DEBUG com.zaxxer.hikari.HikariConfig - metricRegistry..................none
14-04-2025 11:07:16,613-06:00 [main] DEBUG com.zaxxer.hikari.HikariConfig - metricsTrackerFactory...........none
14-04-2025 11:07:16,613-06:00 [main] DEBUG com.zaxxer.hikari.HikariConfig - minimumIdle.....................10
14-04-2025 11:07:16,614-06:00 [main] DEBUG com.zaxxer.hikari.HikariConfig - password........................<masked>
14-04-2025 11:07:16,614-06:00 [main] DEBUG com.zaxxer.hikari.HikariConfig - poolName........................"HikariPool-1"
14-04-2025 11:07:16,614-06:00 [main] DEBUG com.zaxxer.hikari.HikariConfig - readOnly........................false
14-04-2025 11:07:16,615-06:00 [main] DEBUG com.zaxxer.hikari.HikariConfig - registerMbeans..................false
14-04-2025 11:07:16,615-06:00 [main] DEBUG com.zaxxer.hikari.HikariConfig - scheduledExecutor...............none
14-04-2025 11:07:16,615-06:00 [main] DEBUG com.zaxxer.hikari.HikariConfig - schema..........................none
14-04-2025 11:07:16,617-06:00 [main] DEBUG com.zaxxer.hikari.HikariConfig - threadFactory...................internal
14-04-2025 11:07:16,617-06:00 [main] DEBUG com.zaxxer.hikari.HikariConfig - transactionIsolation............default
14-04-2025 11:07:16,617-06:00 [main] DEBUG com.zaxxer.hikari.HikariConfig - username........................"root"
14-04-2025 11:07:16,618-06:00 [main] DEBUG com.zaxxer.hikari.HikariConfig - validationTimeout...............5000
14-04-2025 11:07:16,618-06:00 [main] INFO  com.zaxxer.hikari.HikariDataSource - HikariPool-1 - Starting...
14-04-2025 11:07:17,350-06:00 [main] INFO  com.zaxxer.hikari.pool.HikariPool - HikariPool-1 - Added connection com.mysql.cj.jdbc.ConnectionImpl@5d194314
14-04-2025 11:07:17,351-06:00 [main] INFO  com.zaxxer.hikari.HikariDataSource - HikariPool-1 - Start completed.
14-04-2025 11:07:17,401-06:00 [main] DEBUG o.s.b.f.s.DefaultListableBeanFactory - Creating shared instance of singleton bean 'persistenceManagedTypes'
14-04-2025 11:07:17,405-06:00 [main] DEBUG o.s.b.f.s.DefaultListableBeanFactory - Autowiring by type from bean name 'persistenceManagedTypes' via factory method to bean named 'org.springframework.beans.factory.support.DefaultListableBeanFactory@5778826f'
14-04-2025 11:07:17,405-06:00 [main] DEBUG o.s.b.f.s.DefaultListableBeanFactory - Autowiring by type from bean name 'persistenceManagedTypes' via factory method to bean named 'org.springframework.boot.web.servlet.context.AnnotationConfigServletWebServerApplicationContext@45fd9a4d'
14-04-2025 11:07:17,438-06:00 [main] DEBUG o.s.b.f.s.DefaultListableBeanFactory - Autowiring by type from bean name 'entityManagerFactory' via factory method to bean named 'entityManagerFactoryBuilder'
14-04-2025 11:07:17,439-06:00 [main] DEBUG o.s.b.f.s.DefaultListableBeanFactory - Autowiring by type from bean name 'entityManagerFactory' via factory method to bean named 'persistenceManagedTypes'
14-04-2025 11:07:17,460-06:00 [HikariPool-1 housekeeper] DEBUG com.zaxxer.hikari.pool.HikariPool - HikariPool-1 - Pool stats (total=1, active=0, idle=1, waiting=0)
14-04-2025 11:07:17,470-06:00 [main] DEBUG o.s.o.j.LocalContainerEntityManagerFactoryBean - Building JPA container EntityManagerFactory for persistence unit 'default'
14-04-2025 11:07:17,504-06:00 [HikariPool-1 connection adder] DEBUG com.zaxxer.hikari.pool.HikariPool - HikariPool-1 - Added connection com.mysql.cj.jdbc.ConnectionImpl@4ec85c04
14-04-2025 11:07:17,511-06:00 [main] DEBUG o.h.jpa.internal.util.LogHelper - PersistenceUnitInfo [
	name: default
	persistence provider classname: null
	classloader: jdk.internal.loader.ClassLoaders$AppClassLoader@33909752
	excludeUnlistedClasses: true
	JTA datasource: null
	Non JTA datasource: HikariDataSource (HikariPool-1)
	Transaction type: RESOURCE_LOCAL
	PU root URL: file:/C:/Users/228173/Downloads/EjercicioModulo67/demo2/target/classes/
	Shared Cache Mode: UNSPECIFIED
	Validation Mode: AUTO
	Jar files URLs []
	Managed classes names [
		com.ebac.modulo39.dto.Telefono
		com.ebac.modulo39.dto.Usuario
		com.ebac.modulo39.dto.UsuarioLogin]
	Mapping files names []
	Properties []
14-04-2025 11:07:17,523-06:00 [main] DEBUG o.h.i.internal.IntegratorServiceImpl - Adding Integrator [org.hibernate.boot.beanvalidation.BeanValidationIntegrator].
14-04-2025 11:07:17,534-06:00 [main] DEBUG o.h.i.internal.IntegratorServiceImpl - Adding Integrator [org.hibernate.cache.internal.CollectionCacheInvalidator].
14-04-2025 11:07:17,539-06:00 [HikariPool-1 connection adder] DEBUG com.zaxxer.hikari.pool.HikariPool - HikariPool-1 - After adding stats (total=2, active=0, idle=2, waiting=0)
14-04-2025 11:07:17,571-06:00 [HikariPool-1 connection adder] DEBUG com.zaxxer.hikari.pool.HikariPool - HikariPool-1 - Added connection com.mysql.cj.jdbc.ConnectionImpl@ff5563f
14-04-2025 11:07:17,611-06:00 [HikariPool-1 connection adder] DEBUG com.zaxxer.hikari.pool.HikariPool - HikariPool-1 - After adding stats (total=3, active=0, idle=3, waiting=0)
14-04-2025 11:07:17,646-06:00 [HikariPool-1 connection adder] DEBUG com.zaxxer.hikari.pool.HikariPool - HikariPool-1 - Added connection com.mysql.cj.jdbc.ConnectionImpl@3eb0db8c
14-04-2025 11:07:17,654-06:00 [main] INFO  org.hibernate.Version - HHH000412: Hibernate ORM core version 6.6.4.Final
14-04-2025 11:07:17,670-06:00 [main] DEBUG org.hibernate.cfg.Environment - HHH000206: 'hibernate.properties' not found
14-04-2025 11:07:17,684-06:00 [HikariPool-1 connection adder] DEBUG com.zaxxer.hikari.pool.HikariPool - HikariPool-1 - After adding stats (total=4, active=0, idle=4, waiting=0)
14-04-2025 11:07:17,712-06:00 [HikariPool-1 connection adder] DEBUG com.zaxxer.hikari.pool.HikariPool - HikariPool-1 - Added connection com.mysql.cj.jdbc.ConnectionImpl@79954484
14-04-2025 11:07:17,728-06:00 [main] DEBUG org.hibernate.orm.idgen.factory - Registering IdentifierGenerator strategy [uuid2] -> [org.hibernate.id.UUIDGenerator]
14-04-2025 11:07:17,729-06:00 [main] DEBUG org.hibernate.orm.idgen.factory - Registering IdentifierGenerator strategy [guid] -> [org.hibernate.id.GUIDGenerator]
14-04-2025 11:07:17,731-06:00 [main] DEBUG org.hibernate.orm.idgen.factory - Registering IdentifierGenerator strategy [uuid] -> [org.hibernate.id.UUIDHexGenerator]
14-04-2025 11:07:17,731-06:00 [main] DEBUG org.hibernate.orm.idgen.factory - Registering IdentifierGenerator strategy [uuid.hex] -> [org.hibernate.id.UUIDHexGenerator]
14-04-2025 11:07:17,733-06:00 [main] DEBUG org.hibernate.orm.idgen.factory - Registering IdentifierGenerator strategy [assigned] -> [org.hibernate.id.Assigned]
14-04-2025 11:07:17,736-06:00 [main] DEBUG org.hibernate.orm.idgen.factory - Registering IdentifierGenerator strategy [identity] -> [org.hibernate.id.IdentityGenerator]
14-04-2025 11:07:17,736-06:00 [main] DEBUG org.hibernate.orm.idgen.factory - Registering IdentifierGenerator strategy [select] -> [org.hibernate.id.SelectGenerator]
14-04-2025 11:07:17,739-06:00 [main] DEBUG org.hibernate.orm.idgen.factory - Registering IdentifierGenerator strategy [sequence] -> [org.hibernate.id.enhanced.SequenceStyleGenerator]
14-04-2025 11:07:17,740-06:00 [main] DEBUG org.hibernate.orm.idgen.factory - Registering IdentifierGenerator strategy [increment] -> [org.hibernate.id.IncrementGenerator]
14-04-2025 11:07:17,741-06:00 [main] DEBUG org.hibernate.orm.idgen.factory - Registering IdentifierGenerator strategy [foreign] -> [org.hibernate.id.ForeignGenerator]
14-04-2025 11:07:17,741-06:00 [main] DEBUG org.hibernate.orm.idgen.factory - Registering IdentifierGenerator strategy [enhanced-sequence] -> [org.hibernate.id.enhanced.SequenceStyleGenerator]
14-04-2025 11:07:17,743-06:00 [main] DEBUG org.hibernate.orm.idgen.factory - Registering IdentifierGenerator strategy [enhanced-table] -> [org.hibernate.id.enhanced.TableGenerator]
14-04-2025 11:07:17,746-06:00 [HikariPool-1 connection adder] DEBUG com.zaxxer.hikari.pool.HikariPool - HikariPool-1 - After adding stats (total=5, active=0, idle=5, waiting=0)
14-04-2025 11:07:17,756-06:00 [main] DEBUG o.h.c.i.RegionFactoryInitiator - Cannot default RegionFactory based on registered strategies as `[]` RegionFactory strategies were registered
14-04-2025 11:07:17,759-06:00 [main] INFO  o.h.c.i.RegionFactoryInitiator - HHH000026: Second-level cache disabled
14-04-2025 11:07:17,771-06:00 [HikariPool-1 connection adder] DEBUG com.zaxxer.hikari.pool.HikariPool - HikariPool-1 - Added connection com.mysql.cj.jdbc.ConnectionImpl@6b94321b
14-04-2025 11:07:17,805-06:00 [HikariPool-1 connection adder] DEBUG com.zaxxer.hikari.pool.HikariPool - HikariPool-1 - After adding stats (total=6, active=0, idle=6, waiting=0)
14-04-2025 11:07:17,836-06:00 [HikariPool-1 connection adder] DEBUG com.zaxxer.hikari.pool.HikariPool - HikariPool-1 - Added connection com.mysql.cj.jdbc.ConnectionImpl@751ecc82
14-04-2025 11:07:17,869-06:00 [HikariPool-1 connection adder] DEBUG com.zaxxer.hikari.pool.HikariPool - HikariPool-1 - After adding stats (total=7, active=0, idle=7, waiting=0)
14-04-2025 11:07:17,893-06:00 [HikariPool-1 connection adder] DEBUG com.zaxxer.hikari.pool.HikariPool - HikariPool-1 - Added connection com.mysql.cj.jdbc.ConnectionImpl@1241a30c
14-04-2025 11:07:17,926-06:00 [HikariPool-1 connection adder] DEBUG com.zaxxer.hikari.pool.HikariPool - HikariPool-1 - After adding stats (total=8, active=0, idle=8, waiting=0)
14-04-2025 11:07:17,946-06:00 [main] DEBUG o.hibernate.type.BasicTypeRegistry - Adding type registration boolean -> org.hibernate.type.BasicTypeReference@99c4993
14-04-2025 11:07:17,946-06:00 [main] DEBUG o.hibernate.type.BasicTypeRegistry - Adding type registration boolean -> org.hibernate.type.BasicTypeReference@99c4993
14-04-2025 11:07:17,947-06:00 [main] DEBUG o.hibernate.type.BasicTypeRegistry - Adding type registration java.lang.Boolean -> org.hibernate.type.BasicTypeReference@99c4993
14-04-2025 11:07:17,947-06:00 [main] DEBUG o.hibernate.type.BasicTypeRegistry - Adding type registration numeric_boolean -> org.hibernate.type.BasicTypeReference@38089dae
14-04-2025 11:07:17,947-06:00 [HikariPool-1 connection adder] DEBUG com.zaxxer.hikari.pool.HikariPool - HikariPool-1 - Added connection com.mysql.cj.jdbc.ConnectionImpl@1e95948c
14-04-2025 11:07:17,948-06:00 [main] DEBUG o.hibernate.type.BasicTypeRegistry - Adding type registration org.hibernate.type.NumericBooleanConverter -> org.hibernate.type.BasicTypeReference@38089dae
14-04-2025 11:07:17,951-06:00 [main] DEBUG o.hibernate.type.BasicTypeRegistry - Adding type registration true_false -> org.hibernate.type.BasicTypeReference@9729a97
14-04-2025 11:07:17,951-06:00 [main] DEBUG o.hibernate.type.BasicTypeRegistry - Adding type registration org.hibernate.type.TrueFalseConverter -> org.hibernate.type.BasicTypeReference@9729a97
14-04-2025 11:07:17,951-06:00 [main] DEBUG o.hibernate.type.BasicTypeRegistry - Adding type registration yes_no -> org.hibernate.type.BasicTypeReference@5dfd31f4
14-04-2025 11:07:17,951-06:00 [main] DEBUG o.hibernate.type.BasicTypeRegistry - Adding type registration org.hibernate.type.YesNoConverter -> org.hibernate.type.BasicTypeReference@5dfd31f4
14-04-2025 11:07:17,951-06:00 [main] DEBUG o.hibernate.type.BasicTypeRegistry - Adding type registration byte -> org.hibernate.type.BasicTypeReference@36463b09
14-04-2025 11:07:17,952-06:00 [main] DEBUG o.hibernate.type.BasicTypeRegistry - Adding type registration byte -> org.hibernate.type.BasicTypeReference@36463b09
14-04-2025 11:07:17,952-06:00 [main] DEBUG o.hibernate.type.BasicTypeRegistry - Adding type registration java.lang.Byte -> org.hibernate.type.BasicTypeReference@36463b09
14-04-2025 11:07:17,953-06:00 [main] DEBUG o.hibernate.type.BasicTypeRegistry - Adding type registration binary -> org.hibernate.type.BasicTypeReference@4adf3582
14-04-2025 11:07:17,953-06:00 [main] DEBUG o.hibernate.type.BasicTypeRegistry - Adding type registration byte[] -> org.hibernate.type.BasicTypeReference@4adf3582
14-04-2025 11:07:17,953-06:00 [main] DEBUG o.hibernate.type.BasicTypeRegistry - Adding type registration [B -> org.hibernate.type.BasicTypeReference@4adf3582
14-04-2025 11:07:17,954-06:00 [main] DEBUG o.hibernate.type.BasicTypeRegistry - Adding type registration binary_wrapper -> org.hibernate.type.BasicTypeReference@57e4b86c
14-04-2025 11:07:17,954-06:00 [main] DEBUG o.hibernate.type.BasicTypeRegistry - Adding type registration wrapper-binary -> org.hibernate.type.BasicTypeReference@57e4b86c
14-04-2025 11:07:17,955-06:00 [main] DEBUG o.hibernate.type.BasicTypeRegistry - Adding type registration image -> org.hibernate.type.BasicTypeReference@632241f5
14-04-2025 11:07:17,955-06:00 [main] DEBUG o.hibernate.type.BasicTypeRegistry - Adding type registration blob -> org.hibernate.type.BasicTypeReference@64bba0eb
14-04-2025 11:07:17,955-06:00 [main] DEBUG o.hibernate.type.BasicTypeRegistry - Adding type registration java.sql.Blob -> org.hibernate.type.BasicTypeReference@64bba0eb
14-04-2025 11:07:17,956-06:00 [main] DEBUG o.hibernate.type.BasicTypeRegistry - Adding type registration materialized_blob -> org.hibernate.type.BasicTypeReference@577bfadb
14-04-2025 11:07:17,956-06:00 [main] DEBUG o.hibernate.type.BasicTypeRegistry - Adding type registration materialized_blob_wrapper -> org.hibernate.type.BasicTypeReference@25ae1f80
14-04-2025 11:07:17,956-06:00 [main] DEBUG o.hibernate.type.BasicTypeRegistry - Adding type registration short -> org.hibernate.type.BasicTypeReference@54f2df29
14-04-2025 11:07:17,956-06:00 [main] DEBUG o.hibernate.type.BasicTypeRegistry - Adding type registration short -> org.hibernate.type.BasicTypeReference@54f2df29
14-04-2025 11:07:17,957-06:00 [main] DEBUG o.hibernate.type.BasicTypeRegistry - Adding type registration java.lang.Short -> org.hibernate.type.BasicTypeReference@54f2df29
14-04-2025 11:07:17,958-06:00 [main] DEBUG o.hibernate.type.BasicTypeRegistry - Adding type registration integer -> org.hibernate.type.BasicTypeReference@6df791a4
14-04-2025 11:07:17,958-06:00 [main] DEBUG o.hibernate.type.BasicTypeRegistry - Adding type registration int -> org.hibernate.type.BasicTypeReference@6df791a4
14-04-2025 11:07:17,959-06:00 [main] DEBUG o.hibernate.type.BasicTypeRegistry - Adding type registration java.lang.Integer -> org.hibernate.type.BasicTypeReference@6df791a4
14-04-2025 11:07:17,959-06:00 [main] DEBUG o.hibernate.type.BasicTypeRegistry - Adding type registration long -> org.hibernate.type.BasicTypeReference@655203e3
14-04-2025 11:07:17,960-06:00 [main] DEBUG o.hibernate.type.BasicTypeRegistry - Adding type registration long -> org.hibernate.type.BasicTypeReference@655203e3
14-04-2025 11:07:17,960-06:00 [main] DEBUG o.hibernate.type.BasicTypeRegistry - Adding type registration java.lang.Long -> org.hibernate.type.BasicTypeReference@655203e3
14-04-2025 11:07:17,960-06:00 [main] DEBUG o.hibernate.type.BasicTypeRegistry - Adding type registration float -> org.hibernate.type.BasicTypeReference@305552d6
14-04-2025 11:07:17,961-06:00 [main] DEBUG o.hibernate.type.BasicTypeRegistry - Adding type registration float -> org.hibernate.type.BasicTypeReference@305552d6
14-04-2025 11:07:17,961-06:00 [main] DEBUG o.hibernate.type.BasicTypeRegistry - Adding type registration java.lang.Float -> org.hibernate.type.BasicTypeReference@305552d6
14-04-2025 11:07:17,961-06:00 [main] DEBUG o.hibernate.type.BasicTypeRegistry - Adding type registration double -> org.hibernate.type.BasicTypeReference@729cd862
14-04-2025 11:07:17,962-06:00 [main] DEBUG o.hibernate.type.BasicTypeRegistry - Adding type registration double -> org.hibernate.type.BasicTypeReference@729cd862
14-04-2025 11:07:17,962-06:00 [main] DEBUG o.hibernate.type.BasicTypeRegistry - Adding type registration java.lang.Double -> org.hibernate.type.BasicTypeReference@729cd862
14-04-2025 11:07:17,963-06:00 [main] DEBUG o.hibernate.type.BasicTypeRegistry - Adding type registration big_integer -> org.hibernate.type.BasicTypeReference@23b71d24
14-04-2025 11:07:17,963-06:00 [main] DEBUG o.hibernate.type.BasicTypeRegistry - Adding type registration java.math.BigInteger -> org.hibernate.type.BasicTypeReference@23b71d24
14-04-2025 11:07:17,963-06:00 [main] DEBUG o.hibernate.type.BasicTypeRegistry - Adding type registration big_decimal -> org.hibernate.type.BasicTypeReference@568f4faa
14-04-2025 11:07:17,964-06:00 [main] DEBUG o.hibernate.type.BasicTypeRegistry - Adding type registration java.math.BigDecimal -> org.hibernate.type.BasicTypeReference@568f4faa
14-04-2025 11:07:17,964-06:00 [main] DEBUG o.hibernate.type.BasicTypeRegistry - Adding type registration character -> org.hibernate.type.BasicTypeReference@4c56644f
14-04-2025 11:07:17,964-06:00 [main] DEBUG o.hibernate.type.BasicTypeRegistry - Adding type registration char -> org.hibernate.type.BasicTypeReference@4c56644f
14-04-2025 11:07:17,966-06:00 [main] DEBUG o.hibernate.type.BasicTypeRegistry - Adding type registration java.lang.Character -> org.hibernate.type.BasicTypeReference@4c56644f
14-04-2025 11:07:17,967-06:00 [main] DEBUG o.hibernate.type.BasicTypeRegistry - Adding type registration character_nchar -> org.hibernate.type.BasicTypeReference@589dfa6f
14-04-2025 11:07:17,967-06:00 [main] DEBUG o.hibernate.type.BasicTypeRegistry - Adding type registration string -> org.hibernate.type.BasicTypeReference@43588265
14-04-2025 11:07:17,967-06:00 [main] DEBUG o.hibernate.type.BasicTypeRegistry - Adding type registration java.lang.String -> org.hibernate.type.BasicTypeReference@43588265
14-04-2025 11:07:17,968-06:00 [main] DEBUG o.hibernate.type.BasicTypeRegistry - Adding type registration nstring -> org.hibernate.type.BasicTypeReference@6f8667bb
14-04-2025 11:07:17,968-06:00 [main] DEBUG o.hibernate.type.BasicTypeRegistry - Adding type registration characters -> org.hibernate.type.BasicTypeReference@100d0218
14-04-2025 11:07:17,968-06:00 [main] DEBUG o.hibernate.type.BasicTypeRegistry - Adding type registration char[] -> org.hibernate.type.BasicTypeReference@100d0218
14-04-2025 11:07:17,969-06:00 [main] DEBUG o.hibernate.type.BasicTypeRegistry - Adding type registration [C -> org.hibernate.type.BasicTypeReference@100d0218
14-04-2025 11:07:17,969-06:00 [main] DEBUG o.hibernate.type.BasicTypeRegistry - Adding type registration wrapper-characters -> org.hibernate.type.BasicTypeReference@2774dcf4
14-04-2025 11:07:17,970-06:00 [main] DEBUG o.hibernate.type.BasicTypeRegistry - Adding type registration text -> org.hibernate.type.BasicTypeReference@20b829d5
14-04-2025 11:07:17,970-06:00 [main] DEBUG o.hibernate.type.BasicTypeRegistry - Adding type registration ntext -> org.hibernate.type.BasicTypeReference@7c5f29c6
14-04-2025 11:07:17,970-06:00 [main] DEBUG o.hibernate.type.BasicTypeRegistry - Adding type registration clob -> org.hibernate.type.BasicTypeReference@4baf997
14-04-2025 11:07:17,970-06:00 [main] DEBUG o.hibernate.type.BasicTypeRegistry - Adding type registration java.sql.Clob -> org.hibernate.type.BasicTypeReference@4baf997
14-04-2025 11:07:17,971-06:00 [main] DEBUG o.hibernate.type.BasicTypeRegistry - Adding type registration nclob -> org.hibernate.type.BasicTypeReference@5280688
14-04-2025 11:07:17,971-06:00 [main] DEBUG o.hibernate.type.BasicTypeRegistry - Adding type registration java.sql.NClob -> org.hibernate.type.BasicTypeReference@5280688
14-04-2025 11:07:17,971-06:00 [main] DEBUG o.hibernate.type.BasicTypeRegistry - Adding type registration materialized_clob -> org.hibernate.type.BasicTypeReference@643f6179
14-04-2025 11:07:17,971-06:00 [main] DEBUG o.hibernate.type.BasicTypeRegistry - Adding type registration materialized_clob_char_array -> org.hibernate.type.BasicTypeReference@61ab6521
14-04-2025 11:07:17,972-06:00 [main] DEBUG o.hibernate.type.BasicTypeRegistry - Adding type registration materialized_clob_character_array -> org.hibernate.type.BasicTypeReference@328e4ec2
14-04-2025 11:07:17,972-06:00 [main] DEBUG o.hibernate.type.BasicTypeRegistry - Adding type registration materialized_nclob -> org.hibernate.type.BasicTypeReference@7757025d
14-04-2025 11:07:17,972-06:00 [main] DEBUG o.hibernate.type.BasicTypeRegistry - Adding type registration materialized_nclob_character_array -> org.hibernate.type.BasicTypeReference@68fc9167
14-04-2025 11:07:17,972-06:00 [main] DEBUG o.hibernate.type.BasicTypeRegistry - Adding type registration materialized_nclob_char_array -> org.hibernate.type.BasicTypeReference@52c46334
14-04-2025 11:07:17,973-06:00 [main] DEBUG o.hibernate.type.BasicTypeRegistry - Adding type registration Duration -> org.hibernate.type.BasicTypeReference@12fccff0
14-04-2025 11:07:17,973-06:00 [main] DEBUG o.hibernate.type.BasicTypeRegistry - Adding type registration java.time.Duration -> org.hibernate.type.BasicTypeReference@12fccff0
14-04-2025 11:07:17,973-06:00 [main] DEBUG o.hibernate.type.BasicTypeRegistry - Adding type registration LocalDateTime -> org.hibernate.type.BasicTypeReference@5d767218
14-04-2025 11:07:17,974-06:00 [main] DEBUG o.hibernate.type.BasicTypeRegistry - Adding type registration java.time.LocalDateTime -> org.hibernate.type.BasicTypeReference@5d767218
14-04-2025 11:07:17,974-06:00 [main] DEBUG o.hibernate.type.BasicTypeRegistry - Adding type registration LocalDate -> org.hibernate.type.BasicTypeReference@510da778
14-04-2025 11:07:17,974-06:00 [main] DEBUG o.hibernate.type.BasicTypeRegistry - Adding type registration java.time.LocalDate -> org.hibernate.type.BasicTypeReference@510da778
14-04-2025 11:07:17,975-06:00 [main] DEBUG o.hibernate.type.BasicTypeRegistry - Adding type registration LocalTime -> org.hibernate.type.BasicTypeReference@20a1b3ae
14-04-2025 11:07:17,975-06:00 [main] DEBUG o.hibernate.type.BasicTypeRegistry - Adding type registration java.time.LocalTime -> org.hibernate.type.BasicTypeReference@20a1b3ae
14-04-2025 11:07:17,975-06:00 [main] DEBUG o.hibernate.type.BasicTypeRegistry - Adding type registration OffsetDateTime -> org.hibernate.type.BasicTypeReference@54567b05
14-04-2025 11:07:17,976-06:00 [main] DEBUG o.hibernate.type.BasicTypeRegistry - Adding type registration java.time.OffsetDateTime -> org.hibernate.type.BasicTypeReference@54567b05
14-04-2025 11:07:17,976-06:00 [main] DEBUG o.hibernate.type.BasicTypeRegistry - Adding type registration OffsetDateTimeWithTimezone -> org.hibernate.type.BasicTypeReference@3a5e2525
14-04-2025 11:07:17,976-06:00 [main] DEBUG o.hibernate.type.BasicTypeRegistry - Adding type registration OffsetDateTimeWithoutTimezone -> org.hibernate.type.BasicTypeReference@6546371
14-04-2025 11:07:17,977-06:00 [main] DEBUG o.hibernate.type.BasicTypeRegistry - Adding type registration OffsetTime -> org.hibernate.type.BasicTypeReference@2b458cd6
14-04-2025 11:07:17,977-06:00 [main] DEBUG o.hibernate.type.BasicTypeRegistry - Adding type registration java.time.OffsetTime -> org.hibernate.type.BasicTypeReference@2b458cd6
14-04-2025 11:07:17,977-06:00 [main] DEBUG o.hibernate.type.BasicTypeRegistry - Adding type registration OffsetTimeUtc -> org.hibernate.type.BasicTypeReference@4c2c44e8
14-04-2025 11:07:17,977-06:00 [main] DEBUG o.hibernate.type.BasicTypeRegistry - Adding type registration OffsetTimeWithTimezone -> org.hibernate.type.BasicTypeReference@7103745
14-04-2025 11:07:17,979-06:00 [main] DEBUG o.hibernate.type.BasicTypeRegistry - Adding type registration OffsetTimeWithoutTimezone -> org.hibernate.type.BasicTypeReference@227a933d
14-04-2025 11:07:17,979-06:00 [main] DEBUG o.hibernate.type.BasicTypeRegistry - Adding type registration ZonedDateTime -> org.hibernate.type.BasicTypeReference@25de8898
14-04-2025 11:07:17,979-06:00 [main] DEBUG o.hibernate.type.BasicTypeRegistry - Adding type registration java.time.ZonedDateTime -> org.hibernate.type.BasicTypeReference@25de8898
14-04-2025 11:07:17,980-06:00 [main] DEBUG o.hibernate.type.BasicTypeRegistry - Adding type registration ZonedDateTimeWithTimezone -> org.hibernate.type.BasicTypeReference@bfb93cf
14-04-2025 11:07:17,980-06:00 [main] DEBUG o.hibernate.type.BasicTypeRegistry - Adding type registration ZonedDateTimeWithoutTimezone -> org.hibernate.type.BasicTypeReference@dd737ea
14-04-2025 11:07:17,980-06:00 [main] DEBUG o.hibernate.type.BasicTypeRegistry - Adding type registration date -> org.hibernate.type.BasicTypeReference@7bc2ae16
14-04-2025 11:07:17,981-06:00 [main] DEBUG o.hibernate.type.BasicTypeRegistry - Adding type registration java.sql.Date -> org.hibernate.type.BasicTypeReference@7bc2ae16
14-04-2025 11:07:17,981-06:00 [main] DEBUG o.hibernate.type.BasicTypeRegistry - Adding type registration time -> org.hibernate.type.BasicTypeReference@2a0963be
14-04-2025 11:07:17,981-06:00 [main] DEBUG o.hibernate.type.BasicTypeRegistry - Adding type registration java.sql.Time -> org.hibernate.type.BasicTypeReference@2a0963be
14-04-2025 11:07:17,981-06:00 [main] DEBUG o.hibernate.type.BasicTypeRegistry - Adding type registration timestamp -> org.hibernate.type.BasicTypeReference@7d3bf8db
14-04-2025 11:07:17,982-06:00 [HikariPool-1 connection adder] DEBUG com.zaxxer.hikari.pool.HikariPool - HikariPool-1 - After adding stats (total=9, active=0, idle=9, waiting=0)
14-04-2025 11:07:17,982-06:00 [main] DEBUG o.hibernate.type.BasicTypeRegistry - Adding type registration java.sql.Timestamp -> org.hibernate.type.BasicTypeReference@7d3bf8db
14-04-2025 11:07:17,984-06:00 [main] DEBUG o.hibernate.type.BasicTypeRegistry - Adding type registration java.util.Date -> org.hibernate.type.BasicTypeReference@7d3bf8db
14-04-2025 11:07:17,985-06:00 [main] DEBUG o.hibernate.type.BasicTypeRegistry - Adding type registration calendar -> org.hibernate.type.BasicTypeReference@49e7e8f1
14-04-2025 11:07:17,985-06:00 [main] DEBUG o.hibernate.type.BasicTypeRegistry - Adding type registration java.util.Calendar -> org.hibernate.type.BasicTypeReference@49e7e8f1
14-04-2025 11:07:17,986-06:00 [main] DEBUG o.hibernate.type.BasicTypeRegistry - Adding type registration java.util.GregorianCalendar -> org.hibernate.type.BasicTypeReference@49e7e8f1
14-04-2025 11:07:17,986-06:00 [main] DEBUG o.hibernate.type.BasicTypeRegistry - Adding type registration calendar_date -> org.hibernate.type.BasicTypeReference@27bb4dc5
14-04-2025 11:07:17,987-06:00 [main] DEBUG o.hibernate.type.BasicTypeRegistry - Adding type registration calendar_time -> org.hibernate.type.BasicTypeReference@464ede1f
14-04-2025 11:07:17,987-06:00 [main] DEBUG o.hibernate.type.BasicTypeRegistry - Adding type registration instant -> org.hibernate.type.BasicTypeReference@64910b2d
14-04-2025 11:07:17,987-06:00 [main] DEBUG o.hibernate.type.BasicTypeRegistry - Adding type registration java.time.Instant -> org.hibernate.type.BasicTypeReference@64910b2d
14-04-2025 11:07:17,988-06:00 [main] DEBUG o.hibernate.type.BasicTypeRegistry - Adding type registration uuid -> org.hibernate.type.BasicTypeReference@1247c72e
14-04-2025 11:07:17,988-06:00 [main] DEBUG o.hibernate.type.BasicTypeRegistry - Adding type registration java.util.UUID -> org.hibernate.type.BasicTypeReference@1247c72e
14-04-2025 11:07:17,988-06:00 [main] DEBUG o.hibernate.type.BasicTypeRegistry - Adding type registration pg-uuid -> org.hibernate.type.BasicTypeReference@1247c72e
14-04-2025 11:07:17,988-06:00 [main] DEBUG o.hibernate.type.BasicTypeRegistry - Adding type registration uuid-binary -> org.hibernate.type.BasicTypeReference@6fef75c6
14-04-2025 11:07:17,989-06:00 [main] DEBUG o.hibernate.type.BasicTypeRegistry - Adding type registration uuid-char -> org.hibernate.type.BasicTypeReference@5f61e002
14-04-2025 11:07:17,989-06:00 [main] DEBUG o.hibernate.type.BasicTypeRegistry - Adding type registration class -> org.hibernate.type.BasicTypeReference@334540a0
14-04-2025 11:07:17,989-06:00 [main] DEBUG o.hibernate.type.BasicTypeRegistry - Adding type registration java.lang.Class -> org.hibernate.type.BasicTypeReference@334540a0
14-04-2025 11:07:17,990-06:00 [main] DEBUG o.hibernate.type.BasicTypeRegistry - Adding type registration currency -> org.hibernate.type.BasicTypeReference@1f179f51
14-04-2025 11:07:17,991-06:00 [main] DEBUG o.hibernate.type.BasicTypeRegistry - Adding type registration Currency -> org.hibernate.type.BasicTypeReference@1f179f51
14-04-2025 11:07:17,997-06:00 [main] DEBUG o.hibernate.type.BasicTypeRegistry - Adding type registration java.util.Currency -> org.hibernate.type.BasicTypeReference@1f179f51
14-04-2025 11:07:17,998-06:00 [main] DEBUG o.hibernate.type.BasicTypeRegistry - Adding type registration locale -> org.hibernate.type.BasicTypeReference@5b7308aa
14-04-2025 11:07:17,998-06:00 [main] DEBUG o.hibernate.type.BasicTypeRegistry - Adding type registration java.util.Locale -> org.hibernate.type.BasicTypeReference@5b7308aa
14-04-2025 11:07:17,998-06:00 [main] DEBUG o.hibernate.type.BasicTypeRegistry - Adding type registration serializable -> org.hibernate.type.BasicTypeReference@42aa1324
14-04-2025 11:07:17,999-06:00 [main] DEBUG o.hibernate.type.BasicTypeRegistry - Adding type registration java.io.Serializable -> org.hibernate.type.BasicTypeReference@42aa1324
14-04-2025 11:07:18,002-06:00 [main] DEBUG o.hibernate.type.BasicTypeRegistry - Adding type registration timezone -> org.hibernate.type.BasicTypeReference@6164e137
14-04-2025 11:07:18,003-06:00 [main] DEBUG o.hibernate.type.BasicTypeRegistry - Adding type registration java.util.TimeZone -> org.hibernate.type.BasicTypeReference@6164e137
14-04-2025 11:07:18,003-06:00 [main] DEBUG o.hibernate.type.BasicTypeRegistry - Adding type registration ZoneOffset -> org.hibernate.type.BasicTypeReference@7ef8e623
14-04-2025 11:07:18,003-06:00 [main] DEBUG o.hibernate.type.BasicTypeRegistry - Adding type registration java.time.ZoneOffset -> org.hibernate.type.BasicTypeReference@7ef8e623
14-04-2025 11:07:18,004-06:00 [main] DEBUG o.hibernate.type.BasicTypeRegistry - Adding type registration url -> org.hibernate.type.BasicTypeReference@3d8d970e
14-04-2025 11:07:18,004-06:00 [main] DEBUG o.hibernate.type.BasicTypeRegistry - Adding type registration java.net.URL -> org.hibernate.type.BasicTypeReference@3d8d970e
14-04-2025 11:07:18,004-06:00 [main] DEBUG o.hibernate.type.BasicTypeRegistry - Adding type registration vector -> org.hibernate.type.BasicTypeReference@2fac80a8
14-04-2025 11:07:18,005-06:00 [main] DEBUG o.hibernate.type.BasicTypeRegistry - Adding type registration float_vector -> org.hibernate.type.BasicTypeReference@6987a133
14-04-2025 11:07:18,005-06:00 [main] DEBUG o.hibernate.type.BasicTypeRegistry - Adding type registration double_vector -> org.hibernate.type.BasicTypeReference@50778bde
14-04-2025 11:07:18,005-06:00 [main] DEBUG o.hibernate.type.BasicTypeRegistry - Adding type registration byte_vector -> org.hibernate.type.BasicTypeReference@1934339
14-04-2025 11:07:18,005-06:00 [main] DEBUG o.hibernate.type.BasicTypeRegistry - Adding type registration row_version -> org.hibernate.type.BasicTypeReference@4af12a63
14-04-2025 11:07:18,012-06:00 [HikariPool-1 connection adder] DEBUG com.zaxxer.hikari.pool.HikariPool - HikariPool-1 - Added connection com.mysql.cj.jdbc.ConnectionImpl@23c994da
14-04-2025 11:07:18,013-06:00 [main] DEBUG o.hibernate.type.BasicTypeRegistry - Adding type registration object -> org.hibernate.type.JavaObjectType@6c6c2a73
14-04-2025 11:07:18,013-06:00 [main] DEBUG o.hibernate.type.BasicTypeRegistry - Adding type registration java.lang.Object -> org.hibernate.type.JavaObjectType@6c6c2a73
14-04-2025 11:07:18,015-06:00 [main] DEBUG o.hibernate.type.BasicTypeRegistry - Adding type registration null -> org.hibernate.type.NullType@6f07d414
14-04-2025 11:07:18,017-06:00 [main] DEBUG o.hibernate.type.BasicTypeRegistry - Adding type registration imm_date -> org.hibernate.type.BasicTypeReference@8ac12e6
14-04-2025 11:07:18,018-06:00 [main] DEBUG o.hibernate.type.BasicTypeRegistry - Adding type registration imm_time -> org.hibernate.type.BasicTypeReference@40faff12
14-04-2025 11:07:18,018-06:00 [main] DEBUG o.hibernate.type.BasicTypeRegistry - Adding type registration imm_timestamp -> org.hibernate.type.BasicTypeReference@734fbae3
14-04-2025 11:07:18,018-06:00 [main] DEBUG o.hibernate.type.BasicTypeRegistry - Adding type registration imm_calendar -> org.hibernate.type.BasicTypeReference@223967ea
14-04-2025 11:07:18,019-06:00 [main] DEBUG o.hibernate.type.BasicTypeRegistry - Adding type registration imm_calendar_date -> org.hibernate.type.BasicTypeReference@4a6a6a69
14-04-2025 11:07:18,019-06:00 [main] DEBUG o.hibernate.type.BasicTypeRegistry - Adding type registration imm_calendar_time -> org.hibernate.type.BasicTypeReference@5d7f1e59
14-04-2025 11:07:18,020-06:00 [main] DEBUG o.hibernate.type.BasicTypeRegistry - Adding type registration imm_binary -> org.hibernate.type.BasicTypeReference@53e93fb7
14-04-2025 11:07:18,020-06:00 [main] DEBUG o.hibernate.type.BasicTypeRegistry - Adding type registration imm_serializable -> org.hibernate.type.BasicTypeReference@3a861417
14-04-2025 11:07:18,027-06:00 [main] DEBUG o.h.b.internal.BootstrapContextImpl - Injecting JPA temp ClassLoader [org.springframework.instrument.classloading.SimpleThrowawayClassLoader@4d67d5a4] into BootstrapContext; was [null]
14-04-2025 11:07:18,028-06:00 [main] DEBUG o.h.b.internal.ClassLoaderAccessImpl - ClassLoaderAccessImpl#injectTempClassLoader(org.springframework.instrument.classloading.SimpleThrowawayClassLoader@4d67d5a4) [was null]
14-04-2025 11:07:18,029-06:00 [main] DEBUG o.h.b.internal.BootstrapContextImpl - Injecting ScanEnvironment [org.hibernate.jpa.boot.internal.StandardJpaScanEnvironmentImpl@2475fba3] into BootstrapContext; was [null]
14-04-2025 11:07:18,029-06:00 [main] DEBUG o.h.b.internal.BootstrapContextImpl - Injecting ScanOptions [org.hibernate.boot.archive.scan.internal.StandardScanOptions@19bf47fc] into BootstrapContext; was [org.hibernate.boot.archive.scan.internal.StandardScanOptions@71dd4624]
14-04-2025 11:07:18,046-06:00 [HikariPool-1 connection adder] DEBUG com.zaxxer.hikari.pool.HikariPool - HikariPool-1 - After adding stats (total=10, active=0, idle=10, waiting=0)
14-04-2025 11:07:18,376-06:00 [main] INFO  o.s.o.j.p.SpringPersistenceUnitInfo - No LoadTimeWeaver setup: ignoring JPA class transformer
14-04-2025 11:07:18,377-06:00 [main] DEBUG o.h.b.internal.BootstrapContextImpl - Injecting JPA temp ClassLoader [null] into BootstrapContext; was [org.springframework.instrument.classloading.SimpleThrowawayClassLoader@4d67d5a4]
14-04-2025 11:07:18,377-06:00 [main] DEBUG o.h.b.internal.ClassLoaderAccessImpl - ClassLoaderAccessImpl#injectTempClassLoader(null) [was org.springframework.instrument.classloading.SimpleThrowawayClassLoader@4d67d5a4]
14-04-2025 11:07:18,436-06:00 [main] DEBUG o.h.e.j.e.i.JdbcEnvironmentInitiator - Database ->
	   name : MySQL
	version : 9.2.0
	  major : 9
	  minor : 2
14-04-2025 11:07:18,436-06:00 [main] DEBUG o.h.e.j.e.i.JdbcEnvironmentInitiator - Driver ->
	   name : MySQL Connector/J
	version : mysql-connector-j-8.0.32 (Revision: fa4912a849140828e48162a2c396c8df0091bed7)
	  major : 8
	  minor : 0
14-04-2025 11:07:18,436-06:00 [main] DEBUG o.h.e.j.e.i.JdbcEnvironmentInitiator - JDBC version : 4.2
14-04-2025 11:07:18,554-06:00 [main] DEBUG org.hibernate.orm.dialect - HHH035001: Using dialect: org.hibernate.dialect.MySQLDialect, version: 9.2
14-04-2025 11:07:18,559-06:00 [main] DEBUG o.h.e.j.e.s.IdentifierHelperBuilder - JDBC driver metadata reported database stores quoted identifiers in more than one case
14-04-2025 11:07:18,560-06:00 [main] DEBUG o.h.e.j.e.s.IdentifierHelperBuilder - IdentifierCaseStrategy for both quoted and unquoted identifiers was set to the same strategy [LOWER]; that will likely lead to problems in schema update and validation if using quoted identifiers
14-04-2025 11:07:18,582-06:00 [main] INFO  o.hibernate.orm.connections.pooling - HHH10001005: Database info:
	Database JDBC URL [Connecting through datasource 'HikariDataSource (HikariPool-1)']
	Database driver: undefined/unknown
	Database version: 9.2
	Autocommit mode: undefined/unknown
	Isolation level: undefined/unknown
	Minimum pool size: undefined/unknown
	Maximum pool size: undefined/unknown
14-04-2025 11:07:18,599-06:00 [main] DEBUG o.h.t.d.sql.spi.DdlTypeRegistry - addDescriptor(12, org.hibernate.type.descriptor.sql.internal.CapacityDependentDdlType@54941dfd) replaced previous registration(org.hibernate.type.descriptor.sql.internal.CapacityDependentDdlType@5a7e81)
14-04-2025 11:07:18,600-06:00 [main] DEBUG o.h.t.d.sql.spi.DdlTypeRegistry - addDescriptor(-9, org.hibernate.type.descriptor.sql.internal.CapacityDependentDdlType@4045fd1f) replaced previous registration(org.hibernate.type.descriptor.sql.internal.CapacityDependentDdlType@13ee97af)
14-04-2025 11:07:18,601-06:00 [main] DEBUG o.h.t.d.sql.spi.DdlTypeRegistry - addDescriptor(-3, org.hibernate.type.descriptor.sql.internal.CapacityDependentDdlType@67e11bda) replaced previous registration(org.hibernate.type.descriptor.sql.internal.CapacityDependentDdlType@341ccfd1)
14-04-2025 11:07:18,602-06:00 [main] DEBUG o.h.t.d.sql.spi.DdlTypeRegistry - addDescriptor(4003, org.hibernate.type.descriptor.sql.internal.DdlTypeImpl@5bde6148) replaced previous registration(org.hibernate.type.descriptor.sql.internal.DdlTypeImpl@3cead673)
14-04-2025 11:07:18,602-06:00 [main] DEBUG o.h.t.d.sql.spi.DdlTypeRegistry - addDescriptor(4001, org.hibernate.type.descriptor.sql.internal.DdlTypeImpl@53ba25ff) replaced previous registration(org.hibernate.type.descriptor.sql.internal.DdlTypeImpl@10a0a1e)
14-04-2025 11:07:18,603-06:00 [main] DEBUG o.h.t.d.sql.spi.DdlTypeRegistry - addDescriptor(4002, org.hibernate.type.descriptor.sql.internal.DdlTypeImpl@2976ef56) replaced previous registration(org.hibernate.type.descriptor.sql.internal.DdlTypeImpl@4345fd45)
14-04-2025 11:07:18,603-06:00 [main] DEBUG o.h.t.d.sql.spi.DdlTypeRegistry - addDescriptor(2004, org.hibernate.type.descriptor.sql.internal.CapacityDependentDdlType@4152bd0f) replaced previous registration(org.hibernate.type.descriptor.sql.internal.DdlTypeImpl@10d905c1)
14-04-2025 11:07:18,604-06:00 [main] DEBUG o.h.t.d.sql.spi.DdlTypeRegistry - addDescriptor(2005, org.hibernate.type.descriptor.sql.internal.CapacityDependentDdlType@e4b54d3) replaced previous registration(org.hibernate.type.descriptor.sql.internal.DdlTypeImpl@62883f8a)
14-04-2025 11:07:18,604-06:00 [main] DEBUG o.h.t.d.sql.spi.DdlTypeRegistry - addDescriptor(2011, org.hibernate.type.descriptor.sql.internal.CapacityDependentDdlType@36665c11) replaced previous registration(org.hibernate.type.descriptor.sql.internal.DdlTypeImpl@6e49b011)
14-04-2025 11:07:18,611-06:00 [main] DEBUG o.h.t.d.jdbc.spi.JdbcTypeRegistry - addDescriptor(NCharTypeDescriptor) replaced previous registration(CharTypeDescriptor)
14-04-2025 11:07:18,611-06:00 [main] DEBUG o.h.t.d.jdbc.spi.JdbcTypeRegistry - addDescriptor(NVarcharTypeDescriptor) replaced previous registration(VarcharTypeDescriptor)
14-04-2025 11:07:18,612-06:00 [main] DEBUG o.h.t.d.jdbc.spi.JdbcTypeRegistry - addDescriptor(LongNVarcharTypeDescriptor) replaced previous registration(LongVarcharTypeDescriptor)
14-04-2025 11:07:18,619-06:00 [main] DEBUG o.h.t.d.jdbc.spi.JdbcTypeRegistry - addDescriptor(NClobTypeDescriptor(DEFAULT)) replaced previous registration(ClobTypeDescriptor(DEFAULT))
14-04-2025 11:07:18,627-06:00 [main] DEBUG o.hibernate.type.BasicTypeRegistry - Adding type registration null -> org.hibernate.type.NullType@2152fde5
14-04-2025 11:07:18,628-06:00 [main] DEBUG o.hibernate.type.BasicTypeRegistry - Type registration key [null] overrode previous entry : `org.hibernate.type.NullType@6f07d414`
14-04-2025 11:07:18,637-06:00 [main] DEBUG o.hibernate.type.BasicTypeRegistry - Adding type registration org.hibernate.type.DurationType -> basicType@1(java.time.Duration,3015)
14-04-2025 11:07:18,638-06:00 [main] DEBUG o.hibernate.type.BasicTypeRegistry - Adding type registration Duration -> basicType@1(java.time.Duration,3015)
14-04-2025 11:07:18,638-06:00 [main] DEBUG o.hibernate.type.BasicTypeRegistry - Adding type registration java.time.Duration -> basicType@1(java.time.Duration,3015)
14-04-2025 11:07:18,643-06:00 [main] DEBUG o.hibernate.type.BasicTypeRegistry - Adding type registration org.hibernate.type.OffsetDateTimeType -> basicType@2(java.time.OffsetDateTime,3003)
14-04-2025 11:07:18,643-06:00 [main] DEBUG o.hibernate.type.BasicTypeRegistry - Adding type registration OffsetDateTime -> basicType@2(java.time.OffsetDateTime,3003)
14-04-2025 11:07:18,643-06:00 [main] DEBUG o.hibernate.type.BasicTypeRegistry - Adding type registration java.time.OffsetDateTime -> basicType@2(java.time.OffsetDateTime,3003)
14-04-2025 11:07:18,643-06:00 [main] DEBUG o.hibernate.type.BasicTypeRegistry - Adding type registration org.hibernate.type.ZonedDateTimeType -> basicType@3(java.time.ZonedDateTime,3003)
14-04-2025 11:07:18,643-06:00 [main] DEBUG o.hibernate.type.BasicTypeRegistry - Adding type registration ZonedDateTime -> basicType@3(java.time.ZonedDateTime,3003)
14-04-2025 11:07:18,643-06:00 [main] DEBUG o.hibernate.type.BasicTypeRegistry - Adding type registration java.time.ZonedDateTime -> basicType@3(java.time.ZonedDateTime,3003)
14-04-2025 11:07:18,648-06:00 [main] DEBUG o.hibernate.type.BasicTypeRegistry - Adding type registration org.hibernate.type.OffsetTimeType -> basicType@4(java.time.OffsetTime,3007)
14-04-2025 11:07:18,648-06:00 [main] DEBUG o.hibernate.type.BasicTypeRegistry - Adding type registration OffsetTime -> basicType@4(java.time.OffsetTime,3007)
14-04-2025 11:07:18,649-06:00 [main] DEBUG o.hibernate.type.BasicTypeRegistry - Adding type registration java.time.OffsetTime -> basicType@4(java.time.OffsetTime,3007)
14-04-2025 11:07:18,651-06:00 [main] DEBUG o.h.type.spi.TypeConfiguration$Scope - Scoping TypeConfiguration [org.hibernate.type.spi.TypeConfiguration@60e47aab] to MetadataBuildingContext [org.hibernate.boot.internal.MetadataBuildingContextRootImpl@261a66b8]
14-04-2025 11:07:18,709-06:00 [main] DEBUG o.h.boot.model.relational.Namespace - Created database namespace [logicalName=Name{catalog=null, schema=null}, physicalName=Name{catalog=null, schema=null}]
14-04-2025 11:07:18,742-06:00 [main] DEBUG o.h.boot.model.internal.EntityBinder - Binding entity from annotated class: com.ebac.modulo39.dto.Telefono
14-04-2025 11:07:18,759-06:00 [main] DEBUG o.h.boot.model.internal.EntityBinder - Import with entity name Telefono
14-04-2025 11:07:18,766-06:00 [main] DEBUG o.h.boot.model.internal.EntityBinder - Bind entity com.ebac.modulo39.dto.Telefono on table telefono
14-04-2025 11:07:18,792-06:00 [main] DEBUG o.h.b.model.internal.AnnotatedColumn - Binding column: AnnotatedDiscriminatorColumn(column='DTYPE')
14-04-2025 11:07:18,832-06:00 [main] DEBUG o.h.b.model.internal.AnnotatedColumn - Binding column: AnnotatedColumn()
14-04-2025 11:07:18,839-06:00 [main] DEBUG o.h.b.internal.ClassLoaderAccessImpl - Not known whether passed class name [com.ebac.modulo39.dto.Telefono] is safe
14-04-2025 11:07:18,843-06:00 [main] DEBUG o.h.b.internal.ClassLoaderAccessImpl - No temp ClassLoader provided; using live ClassLoader for loading potentially unsafe class : com.ebac.modulo39.dto.Telefono
14-04-2025 11:07:18,855-06:00 [main] DEBUG o.h.b.model.internal.PropertyBinder - MetadataSourceProcessor property idTelefono with lazy=false
14-04-2025 11:07:18,862-06:00 [main] DEBUG o.h.b.m.i.AbstractPropertyHolder - Attempting to locate auto-apply AttributeConverter for property [com.ebac.modulo39.dto.Telefono:idTelefono]
14-04-2025 11:07:18,866-06:00 [main] DEBUG o.h.b.m.internal.BasicValueBinder - building BasicValue for idTelefono
14-04-2025 11:07:18,866-06:00 [main] DEBUG org.hibernate.mapping.BasicValue - Skipping column re-registration: telefono.id_telefono
14-04-2025 11:07:18,866-06:00 [main] DEBUG o.h.b.model.internal.PropertyBinder - Building property idTelefono
14-04-2025 11:07:18,880-06:00 [main] DEBUG o.h.boot.model.internal.BinderHelper - #makeIdGenerator(BasicValue([Column(id_telefono)]), idTelefono, identity, , ...)
14-04-2025 11:07:18,890-06:00 [main] DEBUG o.h.b.model.internal.AnnotatedColumn - Binding column: AnnotatedColumn()
14-04-2025 11:07:18,891-06:00 [main] DEBUG o.h.b.model.internal.PropertyBinder - MetadataSourceProcessor property lada with lazy=false
14-04-2025 11:07:18,891-06:00 [main] DEBUG o.h.b.m.i.AbstractPropertyHolder - Attempting to locate auto-apply AttributeConverter for property [com.ebac.modulo39.dto.Telefono:lada]
14-04-2025 11:07:18,891-06:00 [main] DEBUG o.h.b.m.internal.BasicValueBinder - building BasicValue for lada
14-04-2025 11:07:18,892-06:00 [main] DEBUG org.hibernate.mapping.BasicValue - Skipping column re-registration: telefono.lada
14-04-2025 11:07:18,892-06:00 [main] DEBUG o.h.b.model.internal.PropertyBinder - Building property lada
14-04-2025 11:07:18,892-06:00 [main] DEBUG o.h.b.model.internal.AnnotatedColumn - Binding column: AnnotatedColumn()
14-04-2025 11:07:18,892-06:00 [main] DEBUG o.h.b.model.internal.PropertyBinder - MetadataSourceProcessor property numero with lazy=false
14-04-2025 11:07:18,893-06:00 [main] DEBUG o.h.b.m.i.AbstractPropertyHolder - Attempting to locate auto-apply AttributeConverter for property [com.ebac.modulo39.dto.Telefono:numero]
14-04-2025 11:07:18,893-06:00 [main] DEBUG o.h.b.m.internal.BasicValueBinder - building BasicValue for numero
14-04-2025 11:07:18,893-06:00 [main] DEBUG org.hibernate.mapping.BasicValue - Skipping column re-registration: telefono.numero
14-04-2025 11:07:18,894-06:00 [main] DEBUG o.h.b.model.internal.PropertyBinder - Building property numero
14-04-2025 11:07:18,894-06:00 [main] DEBUG o.h.b.model.internal.AnnotatedColumn - Binding column: AnnotatedColumn()
14-04-2025 11:07:18,895-06:00 [main] DEBUG o.h.b.model.internal.PropertyBinder - MetadataSourceProcessor property tipoTelefono with lazy=false
14-04-2025 11:07:18,895-06:00 [main] DEBUG o.h.b.m.i.AbstractPropertyHolder - Attempting to locate auto-apply AttributeConverter for property [com.ebac.modulo39.dto.Telefono:tipoTelefono]
14-04-2025 11:07:18,895-06:00 [main] DEBUG o.h.b.m.internal.BasicValueBinder - building BasicValue for tipoTelefono
14-04-2025 11:07:18,895-06:00 [main] DEBUG org.hibernate.mapping.BasicValue - Skipping column re-registration: telefono.tipo_telefono
14-04-2025 11:07:18,895-06:00 [main] DEBUG o.h.b.model.internal.PropertyBinder - Building property tipoTelefono
14-04-2025 11:07:18,903-06:00 [main] DEBUG o.h.b.model.internal.AnnotatedColumn - Binding column: AnnotatedJoinColumn(column='idUsuario')
14-04-2025 11:07:18,904-06:00 [main] DEBUG o.h.b.model.internal.AnnotatedColumn - Binding column: AnnotatedColumn()
14-04-2025 11:07:18,910-06:00 [main] DEBUG o.h.b.model.internal.PropertyBinder - Building property usuario
14-04-2025 11:07:18,914-06:00 [main] DEBUG o.h.b.r.c.i.ClassLoaderServiceImpl - HHH000194: Package not found or no package-info.java: com.ebac.modulo39.dto
14-04-2025 11:07:18,916-06:00 [main] DEBUG o.h.boot.model.internal.EntityBinder - Binding entity from annotated class: com.ebac.modulo39.dto.Usuario
14-04-2025 11:07:18,916-06:00 [main] DEBUG o.h.boot.model.internal.EntityBinder - Import with entity name Usuario
14-04-2025 11:07:18,916-06:00 [main] DEBUG o.h.boot.model.internal.EntityBinder - Bind entity com.ebac.modulo39.dto.Usuario on table usuario
14-04-2025 11:07:18,916-06:00 [main] DEBUG o.h.b.model.internal.AnnotatedColumn - Binding column: AnnotatedDiscriminatorColumn(column='DTYPE')
14-04-2025 11:07:18,929-06:00 [main] DEBUG o.h.b.model.internal.AnnotatedColumn - Binding column: AnnotatedColumn()
14-04-2025 11:07:18,929-06:00 [main] DEBUG o.h.b.internal.ClassLoaderAccessImpl - Not known whether passed class name [com.ebac.modulo39.dto.Usuario] is safe
14-04-2025 11:07:18,929-06:00 [main] DEBUG o.h.b.internal.ClassLoaderAccessImpl - No temp ClassLoader provided; using live ClassLoader for loading potentially unsafe class : com.ebac.modulo39.dto.Usuario
14-04-2025 11:07:18,930-06:00 [main] DEBUG o.h.b.model.internal.PropertyBinder - MetadataSourceProcessor property idUsuario with lazy=false
14-04-2025 11:07:18,931-06:00 [main] DEBUG o.h.b.m.i.AbstractPropertyHolder - Attempting to locate auto-apply AttributeConverter for property [com.ebac.modulo39.dto.Usuario:idUsuario]
14-04-2025 11:07:18,931-06:00 [main] DEBUG o.h.b.m.internal.BasicValueBinder - building BasicValue for idUsuario
14-04-2025 11:07:18,932-06:00 [main] DEBUG org.hibernate.mapping.BasicValue - Skipping column re-registration: usuario.id_usuario
14-04-2025 11:07:18,932-06:00 [main] DEBUG o.h.b.model.internal.PropertyBinder - Building property idUsuario
14-04-2025 11:07:18,932-06:00 [main] DEBUG o.h.boot.model.internal.BinderHelper - #makeIdGenerator(BasicValue([Column(id_usuario)]), idUsuario, identity, , ...)
14-04-2025 11:07:18,932-06:00 [main] DEBUG o.h.b.model.internal.AnnotatedColumn - Binding column: AnnotatedColumn()
14-04-2025 11:07:18,932-06:00 [main] DEBUG o.h.b.model.internal.PropertyBinder - MetadataSourceProcessor property edad with lazy=false
14-04-2025 11:07:18,932-06:00 [main] DEBUG o.h.b.m.i.AbstractPropertyHolder - Attempting to locate auto-apply AttributeConverter for property [com.ebac.modulo39.dto.Usuario:edad]
14-04-2025 11:07:18,932-06:00 [main] DEBUG o.h.b.m.internal.BasicValueBinder - building BasicValue for edad
14-04-2025 11:07:18,932-06:00 [main] DEBUG org.hibernate.mapping.BasicValue - Skipping column re-registration: usuario.edad
14-04-2025 11:07:18,932-06:00 [main] DEBUG o.h.b.model.internal.PropertyBinder - Building property edad
14-04-2025 11:07:18,938-06:00 [main] DEBUG o.h.b.model.internal.AnnotatedColumn - Binding column: AnnotatedColumn()
14-04-2025 11:07:18,938-06:00 [main] DEBUG o.h.b.model.internal.PropertyBinder - MetadataSourceProcessor property nombre with lazy=false
14-04-2025 11:07:18,938-06:00 [main] DEBUG o.h.b.m.i.AbstractPropertyHolder - Attempting to locate auto-apply AttributeConverter for property [com.ebac.modulo39.dto.Usuario:nombre]
14-04-2025 11:07:18,939-06:00 [main] DEBUG o.h.b.m.internal.BasicValueBinder - building BasicValue for nombre
14-04-2025 11:07:18,939-06:00 [main] DEBUG org.hibernate.mapping.BasicValue - Skipping column re-registration: usuario.nombre
14-04-2025 11:07:18,939-06:00 [main] DEBUG o.h.b.model.internal.PropertyBinder - Building property nombre
14-04-2025 11:07:18,940-06:00 [main] DEBUG o.h.b.model.internal.AnnotatedColumn - Binding column: AnnotatedJoinColumn()
14-04-2025 11:07:18,941-06:00 [main] DEBUG o.h.b.model.internal.AnnotatedColumn - Binding column: AnnotatedColumn()
14-04-2025 11:07:18,956-06:00 [main] DEBUG o.h.b.model.internal.AnnotatedColumn - Binding column: IndexColumn(column='telefonos_ORDER')
14-04-2025 11:07:18,958-06:00 [main] DEBUG o.h.b.model.internal.AnnotatedColumn - Binding column: AnnotatedColumn()
14-04-2025 11:07:18,959-06:00 [main] DEBUG o.h.b.model.internal.AnnotatedColumn - Binding column: AnnotatedColumn(column='telefonos_KEY')
14-04-2025 11:07:18,959-06:00 [main] DEBUG o.h.b.model.internal.AnnotatedColumn - Binding column: AnnotatedJoinColumn(column='telefonos_KEY')
14-04-2025 11:07:18,959-06:00 [main] DEBUG o.h.b.model.internal.AnnotatedColumn - Binding column: AnnotatedJoinColumn()
14-04-2025 11:07:18,959-06:00 [main] DEBUG o.h.b.model.internal.AnnotatedColumn - Binding column: AnnotatedJoinColumn()
14-04-2025 11:07:18,959-06:00 [main] DEBUG o.h.b.m.internal.CollectionBinder - Collection role: com.ebac.modulo39.dto.Usuario.telefonos
14-04-2025 11:07:18,965-06:00 [main] DEBUG o.h.b.model.internal.PropertyBinder - Building property telefonos
14-04-2025 11:07:18,965-06:00 [main] DEBUG o.h.b.r.c.i.ClassLoaderServiceImpl - HHH000194: Package not found or no package-info.java: com.ebac.modulo39.dto
14-04-2025 11:07:18,968-06:00 [main] DEBUG o.h.boot.model.internal.EntityBinder - Binding entity from annotated class: com.ebac.modulo39.dto.UsuarioLogin
14-04-2025 11:07:18,969-06:00 [main] DEBUG o.h.boot.model.internal.EntityBinder - Import with entity name UsuarioLogin
14-04-2025 11:07:18,970-06:00 [main] DEBUG o.h.boot.model.internal.EntityBinder - Bind entity com.ebac.modulo39.dto.UsuarioLogin on table usuarioslogin
14-04-2025 11:07:18,970-06:00 [main] DEBUG o.h.b.model.internal.AnnotatedColumn - Binding column: AnnotatedDiscriminatorColumn(column='DTYPE')
14-04-2025 11:07:18,971-06:00 [main] DEBUG o.h.b.model.internal.AnnotatedColumn - Binding column: AnnotatedColumn()
14-04-2025 11:07:18,972-06:00 [main] DEBUG o.h.b.internal.ClassLoaderAccessImpl - Not known whether passed class name [com.ebac.modulo39.dto.UsuarioLogin] is safe
14-04-2025 11:07:18,972-06:00 [main] DEBUG o.h.b.internal.ClassLoaderAccessImpl - No temp ClassLoader provided; using live ClassLoader for loading potentially unsafe class : com.ebac.modulo39.dto.UsuarioLogin
14-04-2025 11:07:18,972-06:00 [main] DEBUG o.h.b.model.internal.PropertyBinder - MetadataSourceProcessor property id with lazy=false
14-04-2025 11:07:18,973-06:00 [main] DEBUG o.h.b.m.i.AbstractPropertyHolder - Attempting to locate auto-apply AttributeConverter for property [com.ebac.modulo39.dto.UsuarioLogin:id]
14-04-2025 11:07:18,974-06:00 [main] DEBUG o.h.b.m.internal.BasicValueBinder - building BasicValue for id
14-04-2025 11:07:18,974-06:00 [main] DEBUG org.hibernate.mapping.BasicValue - Skipping column re-registration: usuarioslogin.id
14-04-2025 11:07:18,974-06:00 [main] DEBUG o.h.b.model.internal.PropertyBinder - Building property id
14-04-2025 11:07:18,974-06:00 [main] DEBUG o.h.b.model.internal.AnnotatedColumn - Binding column: AnnotatedColumn(column='password')
14-04-2025 11:07:18,974-06:00 [main] DEBUG o.h.b.model.internal.PropertyBinder - MetadataSourceProcessor property password with lazy=false
14-04-2025 11:07:18,974-06:00 [main] DEBUG o.h.b.m.i.AbstractPropertyHolder - Attempting to locate auto-apply AttributeConverter for property [com.ebac.modulo39.dto.UsuarioLogin:password]
14-04-2025 11:07:18,974-06:00 [main] DEBUG o.h.b.m.internal.BasicValueBinder - building BasicValue for password
14-04-2025 11:07:18,974-06:00 [main] DEBUG org.hibernate.mapping.BasicValue - Skipping column re-registration: usuarioslogin.password
14-04-2025 11:07:18,974-06:00 [main] DEBUG o.h.b.model.internal.PropertyBinder - Building property password
14-04-2025 11:07:18,977-06:00 [main] DEBUG o.h.b.model.internal.AnnotatedColumn - Binding column: AnnotatedColumn(column='username')
14-04-2025 11:07:18,977-06:00 [main] DEBUG o.h.b.model.internal.PropertyBinder - MetadataSourceProcessor property username with lazy=false
14-04-2025 11:07:18,977-06:00 [main] DEBUG o.h.b.m.i.AbstractPropertyHolder - Attempting to locate auto-apply AttributeConverter for property [com.ebac.modulo39.dto.UsuarioLogin:username]
14-04-2025 11:07:18,977-06:00 [main] DEBUG o.h.b.m.internal.BasicValueBinder - building BasicValue for username
14-04-2025 11:07:18,978-06:00 [main] DEBUG org.hibernate.mapping.BasicValue - Skipping column re-registration: usuarioslogin.username
14-04-2025 11:07:18,978-06:00 [main] DEBUG o.h.b.model.internal.PropertyBinder - Building property username
14-04-2025 11:07:18,978-06:00 [main] DEBUG o.h.b.r.c.i.ClassLoaderServiceImpl - HHH000194: Package not found or no package-info.java: com.ebac.modulo39.dto
14-04-2025 11:07:18,980-06:00 [main] DEBUG o.h.b.m.internal.BasicValueBinder - Starting `BasicValueBinder#fillSimpleValue` for idTelefono
14-04-2025 11:07:18,980-06:00 [main] DEBUG o.h.b.m.internal.BasicValueBinder - Starting `BasicValueBinder#fillSimpleValue` for lada
14-04-2025 11:07:18,980-06:00 [main] DEBUG o.h.b.m.internal.BasicValueBinder - Starting `BasicValueBinder#fillSimpleValue` for numero
14-04-2025 11:07:18,982-06:00 [main] DEBUG o.h.b.m.internal.BasicValueBinder - Starting `BasicValueBinder#fillSimpleValue` for tipoTelefono
14-04-2025 11:07:18,982-06:00 [main] DEBUG o.h.b.m.internal.BasicValueBinder - Starting `BasicValueBinder#fillSimpleValue` for idUsuario
14-04-2025 11:07:18,982-06:00 [main] DEBUG o.h.b.m.internal.BasicValueBinder - Starting `BasicValueBinder#fillSimpleValue` for edad
14-04-2025 11:07:18,982-06:00 [main] DEBUG o.h.b.m.internal.BasicValueBinder - Starting `BasicValueBinder#fillSimpleValue` for nombre
14-04-2025 11:07:18,982-06:00 [main] DEBUG o.h.b.m.internal.BasicValueBinder - Starting `BasicValueBinder#fillSimpleValue` for id
14-04-2025 11:07:18,982-06:00 [main] DEBUG o.h.b.m.internal.BasicValueBinder - Starting `BasicValueBinder#fillSimpleValue` for password
14-04-2025 11:07:18,982-06:00 [main] DEBUG o.h.b.m.internal.BasicValueBinder - Starting `BasicValueBinder#fillSimpleValue` for username
14-04-2025 11:07:18,993-06:00 [main] DEBUG org.hibernate.mapping.PrimaryKey - Forcing column [id_telefono] to be non-null as it is part of the primary key for table [telefono]
14-04-2025 11:07:18,993-06:00 [main] DEBUG org.hibernate.mapping.PrimaryKey - Forcing column [id_usuario] to be non-null as it is part of the primary key for table [usuario]
14-04-2025 11:07:18,993-06:00 [main] DEBUG org.hibernate.mapping.PrimaryKey - Forcing column [id] to be non-null as it is part of the primary key for table [usuarioslogin]
14-04-2025 11:07:18,996-06:00 [main] DEBUG o.h.b.m.i.CollectionSecondPass - Second pass for collection: com.ebac.modulo39.dto.Usuario.telefonos
14-04-2025 11:07:18,997-06:00 [main] DEBUG o.h.b.m.internal.CollectionBinder - Binding a OneToMany: com.ebac.modulo39.dto.Usuario.telefonos through a foreign key
14-04-2025 11:07:19,000-06:00 [main] DEBUG o.h.b.m.internal.CollectionBinder - Mapping collection: com.ebac.modulo39.dto.Usuario.telefonos -> telefono
14-04-2025 11:07:19,006-06:00 [main] DEBUG o.h.boot.model.internal.TableBinder - Retrieving property com.ebac.modulo39.dto.Telefono.usuario
14-04-2025 11:07:19,007-06:00 [main] DEBUG o.h.b.m.i.CollectionSecondPass - Mapped collection key: id_usuario, one-to-many: com.ebac.modulo39.dto.Telefono
14-04-2025 11:07:19,099-06:00 [main] DEBUG o.h.internal.SessionFactoryImpl - Building session factory
14-04-2025 11:07:19,156-06:00 [main] DEBUG o.h.s.i.SessionFactoryServiceRegistryImpl - EventListenerRegistry access via ServiceRegistry is deprecated.  Use `sessionFactory.getEventEngine().getListenerRegistry()` instead
14-04-2025 11:07:19,157-06:00 [main] DEBUG o.h.internal.SessionFactoryImpl - Instantiating SessionFactory with settings: {java.specification.version=21, sun.cpu.isalist=amd64, hibernate.resource.beans.container=org.springframework.orm.hibernate5.SpringBeanContainer@1f547af8, hibernate.connection.handling_mode=DELAYED_ACQUISITION_AND_HOLD, sun.jnu.encoding=Cp1252, hibernate.implicit_naming_strategy=org.springframework.boot.orm.jpa.hibernate.SpringImplicitNamingStrategy, java.class.path=C:\Users\228173\Downloads\EjercicioModulo67\demo2\target\classes;C:\Users\228173\.m2\repository\org\springframework\boot\spring-boot-starter-web\3.4.1\spring-boot-starter-web-3.4.1.jar;C:\Users\228173\.m2\repository\org\springframework\boot\spring-boot-starter\3.4.1\spring-boot-starter-3.4.1.jar;C:\Users\228173\.m2\repository\org\springframework\boot\spring-boot\3.4.1\spring-boot-3.4.1.jar;C:\Users\228173\.m2\repository\org\springframework\boot\spring-boot-autoconfigure\3.4.1\spring-boot-autoconfigure-3.4.1.jar;C:\Users\228173\.m2\repository\org\springframework\boot\spring-boot-starter-logging\3.4.1\spring-boot-starter-logging-3.4.1.jar;C:\Users\228173\.m2\repository\org\apache\logging\log4j\log4j-to-slf4j\2.24.3\log4j-to-slf4j-2.24.3.jar;C:\Users\228173\.m2\repository\org\apache\logging\log4j\log4j-api\2.24.3\log4j-api-2.24.3.jar;C:\Users\228173\.m2\repository\org\slf4j\jul-to-slf4j\2.0.16\jul-to-slf4j-2.0.16.jar;C:\Users\228173\.m2\repository\jakarta\annotation\jakarta.annotation-api\2.1.1\jakarta.annotation-api-2.1.1.jar;C:\Users\228173\.m2\repository\org\yaml\snakeyaml\2.3\snakeyaml-2.3.jar;C:\Users\228173\.m2\repository\org\springframework\boot\spring-boot-starter-json\3.4.1\spring-boot-starter-json-3.4.1.jar;C:\Users\228173\.m2\repository\com\fasterxml\jackson\core\jackson-databind\2.18.2\jackson-databind-2.18.2.jar;C:\Users\228173\.m2\repository\com\fasterxml\jackson\core\jackson-annotations\2.18.2\jackson-annotations-2.18.2.jar;C:\Users\228173\.m2\repository\com\fasterxml\jackson\core\jackson-core\2.18.2\jackson-core-2.18.2.jar;C:\Users\228173\.m2\repository\com\fasterxml\jackson\datatype\jackson-datatype-jdk8\2.18.2\jackson-datatype-jdk8-2.18.2.jar;C:\Users\228173\.m2\repository\com\fasterxml\jackson\datatype\jackson-datatype-jsr310\2.18.2\jackson-datatype-jsr310-2.18.2.jar;C:\Users\228173\.m2\repository\com\fasterxml\jackson\module\jackson-module-parameter-names\2.18.2\jackson-module-parameter-names-2.18.2.jar;C:\Users\228173\.m2\repository\org\springframework\boot\spring-boot-starter-tomcat\3.4.1\spring-boot-starter-tomcat-3.4.1.jar;C:\Users\228173\.m2\repository\org\apache\tomcat\embed\tomcat-embed-core\10.1.34\tomcat-embed-core-10.1.34.jar;C:\Users\228173\.m2\repository\org\apache\tomcat\embed\tomcat-embed-el\10.1.34\tomcat-embed-el-10.1.34.jar;C:\Users\228173\.m2\repository\org\apache\tomcat\embed\tomcat-embed-websocket\10.1.34\tomcat-embed-websocket-10.1.34.jar;C:\Users\228173\.m2\repository\org\springframework\spring-web\6.2.1\spring-web-6.2.1.jar;C:\Users\228173\.m2\repository\org\springframework\spring-beans\6.2.1\spring-beans-6.2.1.jar;C:\Users\228173\.m2\repository\io\micrometer\micrometer-observation\1.14.2\micrometer-observation-1.14.2.jar;C:\Users\228173\.m2\repository\io\micrometer\micrometer-commons\1.14.2\micrometer-commons-1.14.2.jar;C:\Users\228173\.m2\repository\org\springframework\spring-webmvc\6.2.1\spring-webmvc-6.2.1.jar;C:\Users\228173\.m2\repository\org\springframework\spring-aop\6.2.1\spring-aop-6.2.1.jar;C:\Users\228173\.m2\repository\org\springframework\spring-context\6.2.1\spring-context-6.2.1.jar;C:\Users\228173\.m2\repository\org\springframework\spring-expression\6.2.1\spring-expression-6.2.1.jar;C:\Users\228173\.m2\repository\jakarta\xml\bind\jakarta.xml.bind-api\4.0.2\jakarta.xml.bind-api-4.0.2.jar;C:\Users\228173\.m2\repository\jakarta\activation\jakarta.activation-api\2.1.3\jakarta.activation-api-2.1.3.jar;C:\Users\228173\.m2\repository\org\springframework\spring-core\6.2.1\spring-core-6.2.1.jar;C:\Users\228173\.m2\repository\org\springframework\spring-jcl\6.2.1\spring-jcl-6.2.1.jar;C:\Users\228173\.m2\repository\org\springframework\boot\spring-boot-starter-data-jpa\3.4.1\spring-boot-starter-data-jpa-3.4.1.jar;C:\Users\228173\.m2\repository\org\springframework\boot\spring-boot-starter-jdbc\3.4.1\spring-boot-starter-jdbc-3.4.1.jar;C:\Users\228173\.m2\repository\com\zaxxer\HikariCP\5.1.0\HikariCP-5.1.0.jar;C:\Users\228173\.m2\repository\org\springframework\spring-jdbc\6.2.1\spring-jdbc-6.2.1.jar;C:\Users\228173\.m2\repository\org\hibernate\orm\hibernate-core\6.6.4.Final\hibernate-core-6.6.4.Final.jar;C:\Users\228173\.m2\repository\jakarta\persistence\jakarta.persistence-api\3.1.0\jakarta.persistence-api-3.1.0.jar;C:\Users\228173\.m2\repository\jakarta\transaction\jakarta.transaction-api\2.0.1\jakarta.transaction-api-2.0.1.jar;C:\Users\228173\.m2\repository\org\jboss\logging\jboss-logging\3.6.1.Final\jboss-logging-3.6.1.Final.jar;C:\Users\228173\.m2\repository\org\hibernate\common\hibernate-commons-annotations\7.0.3.Final\hibernate-commons-annotations-7.0.3.Final.jar;C:\Users\228173\.m2\repository\io\smallrye\jandex\3.2.0\jandex-3.2.0.jar;C:\Users\228173\.m2\repository\com\fasterxml\classmate\1.7.0\classmate-1.7.0.jar;C:\Users\228173\.m2\repository\org\glassfish\jaxb\jaxb-runtime\4.0.5\jaxb-runtime-4.0.5.jar;C:\Users\228173\.m2\repository\org\glassfish\jaxb\jaxb-core\4.0.5\jaxb-core-4.0.5.jar;C:\Users\228173\.m2\repository\org\eclipse\angus\angus-activation\2.0.2\angus-activation-2.0.2.jar;C:\Users\228173\.m2\repository\org\glassfish\jaxb\txw2\4.0.5\txw2-4.0.5.jar;C:\Users\228173\.m2\repository\com\sun\istack\istack-commons-runtime\4.1.2\istack-commons-runtime-4.1.2.jar;C:\Users\228173\.m2\repository\jakarta\inject\jakarta.inject-api\2.0.1\jakarta.inject-api-2.0.1.jar;C:\Users\228173\.m2\repository\org\antlr\antlr4-runtime\4.13.0\antlr4-runtime-4.13.0.jar;C:\Users\228173\.m2\repository\org\springframework\data\spring-data-jpa\3.4.1\spring-data-jpa-3.4.1.jar;C:\Users\228173\.m2\repository\org\springframework\data\spring-data-commons\3.4.1\spring-data-commons-3.4.1.jar;C:\Users\228173\.m2\repository\org\springframework\spring-orm\6.2.1\spring-orm-6.2.1.jar;C:\Users\228173\.m2\repository\org\springframework\spring-tx\6.2.1\spring-tx-6.2.1.jar;C:\Users\228173\.m2\repository\org\springframework\spring-aspects\6.2.1\spring-aspects-6.2.1.jar;C:\Users\228173\.m2\repository\org\aspectj\aspectjweaver\1.9.22.1\aspectjweaver-1.9.22.1.jar;C:\Users\228173\.m2\repository\com\h2database\h2\2.3.232\h2-2.3.232.jar;C:\Users\228173\.m2\repository\org\projectlombok\lombok\1.18.36\lombok-1.18.36.jar;C:\Users\228173\.m2\repository\ch\qos\logback\logback-classic\1.4.12\logback-classic-1.4.12.jar;C:\Users\228173\.m2\repository\ch\qos\logback\logback-core\1.5.12\logback-core-1.5.12.jar;C:\Users\228173\.m2\repository\org\slf4j\slf4j-api\2.0.16\slf4j-api-2.0.16.jar;C:\Users\228173\.m2\repository\net\bytebuddy\byte-buddy\1.15.11\byte-buddy-1.15.11.jar;C:\Users\228173\.m2\repository\com\mysql\mysql-connector-j\8.0.32\mysql-connector-j-8.0.32.jar, java.vm.vendor=Eclipse Adoptium, sun.arch.data.model=64, user.variant=, java.vendor.url=https://adoptium.net/, catalina.useNaming=false, user.timezone=GMT-06:00, jakarta.persistence.sharedCache.mode=UNSPECIFIED, org.jboss.logging.provider=slf4j, java.vm.specification.version=21, os.name=Windows 11, jakarta.persistence.nonJtaDataSource=HikariDataSource (HikariPool-1), sun.java.launcher=SUN_STANDARD, user.country=US, sun.boot.library.path=C:\Users\228173\.vscode\extensions\redhat.java-1.41.1-win32-x64\jre\21.0.6-win32-x86_64\bin, sun.java.command=com.ebac.modulo39.Modulo39Application, javax.persistence.nonJtaDataSource=HikariDataSource (HikariPool-1), hibernate.transaction.jta.platform=org.hibernate.engine.transaction.jta.platform.internal.NoJtaPlatform@4caf875c, jdk.debug=release, sun.cpu.endian=little, hibernate.cdi.extensions=true, user.home=C:\Users\228173, user.language=en, java.specification.vendor=Oracle Corporation, java.version.date=2025-01-21, java.home=C:\Users\228173\.vscode\extensions\redhat.java-1.41.1-win32-x64\jre\21.0.6-win32-x86_64, file.separator=\, java.vm.compressedOopsMode=Zero based, line.separator=
, hibernate.persistenceUnitName=default, java.vm.specification.vendor=Oracle Corporation, java.specification.name=Java Platform API Specification, FILE_LOG_CHARSET=UTF-8, hibernate.transaction.coordinator_class=class org.hibernate.resource.transaction.backend.jdbc.internal.JdbcResourceLocalTransactionCoordinatorBuilderImpl, java.awt.headless=true, jakarta.persistence.validation.mode=AUTO, user.script=, sun.management.compiler=HotSpot 64-Bit Tiered Compilers, java.runtime.version=21.0.6+7-LTS, user.name=228173, stdout.encoding=cp437, path.separator=;, os.version=10.0, java.runtime.name=OpenJDK Runtime Environment, file.encoding=UTF-8, java.vm.name=OpenJDK 64-Bit Server VM, java.vendor.version=Temurin-21.0.6+7, java.vendor.url.bug=https://github.com/adoptium/adoptium-support/issues, java.io.tmpdir=C:\Users\228173\AppData\Local\Temp\, com.zaxxer.hikari.pool_number=1, catalina.home=C:\Users\228173\AppData\Local\Temp\tomcat.8080.6576058553505253194, java.version=21.0.6, hibernate.physical_naming_strategy=org.hibernate.boot.model.naming.CamelCaseToUnderscoresNamingStrategy, user.dir=C:\Users\228173\Downloads\EjercicioModulo67, os.arch=amd64, java.vm.specification.name=Java Virtual Machine Specification, PID=10024, sun.os.patch.level=, CONSOLE_LOG_CHARSET=UTF-8, catalina.base=C:\Users\228173\AppData\Local\Temp\tomcat.8080.6576058553505253194, hibernate.boot.CfgXmlAccessService.key=org.hibernate.boot.registry.StandardServiceRegistryBuilder$1@5d15789f, native.encoding=Cp1252, java.library.path=C:\Users\228173\.vscode\extensions\redhat.java-1.41.1-win32-x64\jre\21.0.6-win32-x86_64\bin;C:\WINDOWS\Sun\Java\bin;C:\WINDOWS\system32;C:\WINDOWS;C:\Program Files\Common Files\Oracle\Java\javapath;C:\Program Files (x86)\Common Files\Oracle\Java\java8path;C:\Program Files (x86)\Common Files\Oracle\Java\javapath;C:\Program Files (x86)\NVIDIA Corporation\PhysX\Common;C:\WINDOWS\system32;C:\WINDOWS;C:\WINDOWS\System32\Wbem;C:\WINDOWS\System32\WindowsPowerShell\v1.0\;C:\WINDOWS\System32\OpenSSH\;C:\Program Files (x86)\Windows Kits\8.1\Windows Performance Toolkit\;C:\Program Files\dotnet\;C:\ProgramData\chocolatey\bin;C:\Users\228173\downloads\gradle-8.11.1-bin\gradle-8.11.1\bin;C:\Program Files\nodejs\;C:\Users\228173\AppData\Local\Microsoft\WindowsApps;C:\Users\228173\AppData\Local\Programs\Microsoft VS Code\bin;C:\Users\228173\AppData\Local\Programs\Git\cmd;C:\Users\228173\AppData\Roaming\npm;C:\Users\228173\apache-maven-3.9.9;C:\Program Files\MySQL\MySQL Server 9.2\bin;;c:\Users\228173\AppData\Roaming\Code\User\globalStorage\github.copilot-chat\debugCommand;., stderr.encoding=cp437, java.vendor=Eclipse Adoptium, java.vm.info=mixed mode, sharing, java.vm.version=21.0.6+7-LTS, sun.io.unicode.encoding=UnicodeLittle, hibernate.archive.scanner=org.hibernate.boot.archive.scan.internal.DisabledScanner, hibernate.connection.datasource=HikariDataSource (HikariPool-1), java.class.version=65.0}
14-04-2025 11:07:19,163-06:00 [main] DEBUG o.h.internal.SessionFactoryImpl - Session factory constructed with filter configurations : {}
14-04-2025 11:07:19,171-06:00 [main] DEBUG o.h.t.s.s.SchemaManagementToolCoordinator - No schema actions specified for contributor `orm`; doing nothing
14-04-2025 11:07:19,217-06:00 [main] DEBUG o.h.q.s.function.SqmFunctionRegistry - Registered SqmFunctionTemplate [NamedSqmFunctionTemplate(max)] under max; prior registration was null
14-04-2025 11:07:19,217-06:00 [main] DEBUG o.h.q.s.function.SqmFunctionRegistry - Registered SqmFunctionTemplate [NamedSqmFunctionTemplate(min)] under min; prior registration was null
14-04-2025 11:07:19,217-06:00 [main] DEBUG o.h.q.s.function.SqmFunctionRegistry - Registered SqmFunctionTemplate [NamedSqmFunctionTemplate(sum)] under sum; prior registration was null
14-04-2025 11:07:19,217-06:00 [main] DEBUG o.h.q.s.function.SqmFunctionRegistry - Registered SqmFunctionTemplate [NamedSqmFunctionTemplate(avg)] under avg; prior registration was null
14-04-2025 11:07:19,217-06:00 [main] DEBUG o.h.q.s.function.SqmFunctionRegistry - Registered SqmFunctionTemplate [org.hibernate.dialect.function.CountFunction@7178d811] under count; prior registration was null
14-04-2025 11:07:19,217-06:00 [main] DEBUG o.h.q.s.function.SqmFunctionRegistry - Registered SqmFunctionTemplate [org.hibernate.dialect.function.EveryAnyEmulation@625db0e0] under every; prior registration was null
14-04-2025 11:07:19,217-06:00 [main] DEBUG o.h.q.s.function.SqmFunctionRegistry - Registered SqmFunctionTemplate [org.hibernate.dialect.function.EveryAnyEmulation@511d568f] under any; prior registration was null
14-04-2025 11:07:19,217-06:00 [main] DEBUG o.h.q.s.function.SqmFunctionRegistry - Registered SqmFunctionTemplate [NamedSqmFunctionTemplate(floor)] under floor; prior registration was null
14-04-2025 11:07:19,217-06:00 [main] DEBUG o.h.q.s.function.SqmFunctionRegistry - Registered SqmFunctionTemplate [NamedSqmFunctionTemplate(ceiling)] under ceiling; prior registration was null
14-04-2025 11:07:19,217-06:00 [main] DEBUG o.h.q.s.function.SqmFunctionRegistry - Registered SqmFunctionTemplate [NamedSqmFunctionTemplate(mod)] under mod; prior registration was null
14-04-2025 11:07:19,229-06:00 [main] DEBUG o.h.q.s.function.SqmFunctionRegistry - Registered SqmFunctionTemplate [NamedSqmFunctionTemplate(abs)] under abs; prior registration was null
14-04-2025 11:07:19,230-06:00 [main] DEBUG o.h.q.s.function.SqmFunctionRegistry - Registered SqmFunctionTemplate [NamedSqmFunctionTemplate(sign)] under sign; prior registration was null
14-04-2025 11:07:19,235-06:00 [main] DEBUG o.h.q.s.function.SqmFunctionRegistry - Registered SqmFunctionTemplate [NamedSqmFunctionTemplate(sqrt)] under sqrt; prior registration was null
14-04-2025 11:07:19,235-06:00 [main] DEBUG o.h.q.s.function.SqmFunctionRegistry - Registered SqmFunctionTemplate [NamedSqmFunctionTemplate(ln)] under ln; prior registration was null
14-04-2025 11:07:19,236-06:00 [main] DEBUG o.h.q.s.function.SqmFunctionRegistry - Registered SqmFunctionTemplate [NamedSqmFunctionTemplate(exp)] under exp; prior registration was null
14-04-2025 11:07:19,236-06:00 [main] DEBUG o.h.q.s.function.SqmFunctionRegistry - Registered SqmFunctionTemplate [NamedSqmFunctionTemplate(power)] under power; prior registration was null
14-04-2025 11:07:19,237-06:00 [main] DEBUG o.h.q.s.function.SqmFunctionRegistry - Registered SqmFunctionTemplate [NamedSqmFunctionTemplate(round)] under round; prior registration was null
14-04-2025 11:07:19,238-06:00 [main] DEBUG o.h.q.s.function.SqmFunctionRegistry - Registered SqmFunctionTemplate [NamedSqmFunctionTemplate(sin)] under sin; prior registration was null
14-04-2025 11:07:19,238-06:00 [main] DEBUG o.h.q.s.function.SqmFunctionRegistry - Registered SqmFunctionTemplate [NamedSqmFunctionTemplate(cos)] under cos; prior registration was null
14-04-2025 11:07:19,239-06:00 [main] DEBUG o.h.q.s.function.SqmFunctionRegistry - Registered SqmFunctionTemplate [NamedSqmFunctionTemplate(tan)] under tan; prior registration was null
14-04-2025 11:07:19,239-06:00 [main] DEBUG o.h.q.s.function.SqmFunctionRegistry - Registered SqmFunctionTemplate [NamedSqmFunctionTemplate(asin)] under asin; prior registration was null
14-04-2025 11:07:19,239-06:00 [main] DEBUG o.h.q.s.function.SqmFunctionRegistry - Registered SqmFunctionTemplate [NamedSqmFunctionTemplate(acos)] under acos; prior registration was null
14-04-2025 11:07:19,240-06:00 [main] DEBUG o.h.q.s.function.SqmFunctionRegistry - Registered SqmFunctionTemplate [NamedSqmFunctionTemplate(atan)] under atan; prior registration was null
14-04-2025 11:07:19,240-06:00 [main] DEBUG o.h.q.s.function.SqmFunctionRegistry - Registered SqmFunctionTemplate [NamedSqmFunctionTemplate(atan2)] under atan2; prior registration was null
14-04-2025 11:07:19,242-06:00 [main] DEBUG o.h.q.s.function.SqmFunctionRegistry - Registered SqmFunctionTemplate [org.hibernate.query.sqm.function.PatternBasedSqmFunctionDescriptor@3d2b13b1] under sinh; prior registration was null
14-04-2025 11:07:19,242-06:00 [main] DEBUG o.h.q.s.function.SqmFunctionRegistry - Registered SqmFunctionTemplate [org.hibernate.query.sqm.function.PatternBasedSqmFunctionDescriptor@30eb55c9] under cosh; prior registration was null
14-04-2025 11:07:19,242-06:00 [main] DEBUG o.h.q.s.function.SqmFunctionRegistry - Registered SqmFunctionTemplate [org.hibernate.query.sqm.function.PatternBasedSqmFunctionDescriptor@2524d07a] under tanh; prior registration was null
14-04-2025 11:07:19,242-06:00 [main] DEBUG o.h.q.s.function.SqmFunctionRegistry - Registered SqmFunctionTemplate [org.hibernate.query.sqm.function.PatternBasedSqmFunctionDescriptor@309e3f34] under pi; prior registration was null
14-04-2025 11:07:19,242-06:00 [main] DEBUG o.h.q.s.function.SqmFunctionRegistry - Registered SqmFunctionTemplate [org.hibernate.query.sqm.function.PatternBasedSqmFunctionDescriptor@554d040d] under log; prior registration was null
14-04-2025 11:07:19,242-06:00 [main] DEBUG o.h.q.s.function.SqmFunctionRegistry - Registered SqmFunctionTemplate [NamedSqmFunctionTemplate(coalesce)] under coalesce; prior registration was null
14-04-2025 11:07:19,242-06:00 [main] DEBUG o.h.q.s.function.SqmFunctionRegistry - Registered SqmFunctionTemplate [NamedSqmFunctionTemplate(nullif)] under nullif; prior registration was null
14-04-2025 11:07:19,242-06:00 [main] DEBUG o.h.q.s.function.SqmFunctionRegistry - Registered SqmFunctionTemplate [NamedSqmFunctionTemplate(left)] under left; prior registration was null
14-04-2025 11:07:19,242-06:00 [main] DEBUG o.h.q.s.function.SqmFunctionRegistry - Registered SqmFunctionTemplate [NamedSqmFunctionTemplate(right)] under right; prior registration was null
14-04-2025 11:07:19,242-06:00 [main] DEBUG o.h.q.s.function.SqmFunctionRegistry - Registered SqmFunctionTemplate [NamedSqmFunctionTemplate(replace)] under replace; prior registration was null
14-04-2025 11:07:19,242-06:00 [main] DEBUG o.h.q.s.function.SqmFunctionRegistry - Registered SqmFunctionTemplate [NamedSqmFunctionTemplate(concat)] under concat; prior registration was null
14-04-2025 11:07:19,246-06:00 [main] DEBUG o.h.q.s.function.SqmFunctionRegistry - Registered SqmFunctionTemplate [NamedSqmFunctionTemplate(lower)] under lower; prior registration was null
14-04-2025 11:07:19,247-06:00 [main] DEBUG o.h.q.s.function.SqmFunctionRegistry - Registered SqmFunctionTemplate [NamedSqmFunctionTemplate(upper)] under upper; prior registration was null
14-04-2025 11:07:19,247-06:00 [main] DEBUG o.h.q.s.function.SqmFunctionRegistry - Registered SqmFunctionTemplate [NamedSqmFunctionTemplate(substring)] under substring; prior registration was null
14-04-2025 11:07:19,247-06:00 [main] DEBUG o.h.q.s.function.SqmFunctionRegistry - Registered SqmFunctionTemplate [NamedSqmFunctionTemplate(locate)] under locate; prior registration was null
14-04-2025 11:07:19,247-06:00 [main] DEBUG o.h.q.s.function.SqmFunctionRegistry - Registered SqmFunctionTemplate [NamedSqmFunctionTemplate(character_length)] under character_length; prior registration was null
14-04-2025 11:07:19,248-06:00 [main] DEBUG o.h.q.s.function.SqmFunctionRegistry - Registering alternate key : length -> character_length
14-04-2025 11:07:19,249-06:00 [main] DEBUG o.h.q.s.function.SqmFunctionRegistry - Registered SqmFunctionTemplate [org.hibernate.dialect.function.LocatePositionEmulation@1dd247b] under position; prior registration was null
14-04-2025 11:07:19,251-06:00 [main] DEBUG o.h.q.s.function.SqmFunctionRegistry - Registered SqmFunctionTemplate [org.hibernate.dialect.function.InsertSubstringOverlayEmulation@665ed71a] under overlay; prior registration was null
14-04-2025 11:07:19,251-06:00 [main] DEBUG o.h.q.s.function.SqmFunctionRegistry - Registered SqmFunctionTemplate [org.hibernate.dialect.function.TrimFunction@7a587e84] under trim; prior registration was null
14-04-2025 11:07:19,251-06:00 [main] DEBUG o.h.q.s.function.SqmFunctionRegistry - Registered SqmFunctionTemplate [org.hibernate.dialect.function.CastFunction@5f01fb5c] under cast; prior registration was null
14-04-2025 11:07:19,251-06:00 [main] DEBUG o.h.q.s.function.SqmFunctionRegistry - Registered SqmFunctionTemplate [org.hibernate.query.sqm.function.PatternBasedSqmFunctionDescriptor@75c77add] under collate; prior registration was null
14-04-2025 11:07:19,251-06:00 [main] DEBUG o.h.q.s.function.SqmFunctionRegistry - Registered SqmFunctionTemplate [org.hibernate.dialect.function.ExtractFunction@4d0b276e] under extract; prior registration was null
14-04-2025 11:07:19,251-06:00 [main] DEBUG o.h.q.s.function.SqmFunctionRegistry - Registered SqmFunctionTemplate [NamedSqmFunctionTemplate(least)] under least; prior registration was null
14-04-2025 11:07:19,251-06:00 [main] DEBUG o.h.q.s.function.SqmFunctionRegistry - Registered SqmFunctionTemplate [NamedSqmFunctionTemplate(greatest)] under greatest; prior registration was null
14-04-2025 11:07:19,251-06:00 [main] DEBUG o.h.q.s.function.SqmFunctionRegistry - Registered SqmFunctionTemplate [org.hibernate.dialect.function.CoalesceIfnullEmulation@2ba318c2] under ifnull; prior registration was null
14-04-2025 11:07:19,257-06:00 [main] DEBUG o.h.q.s.function.SqmFunctionRegistry - Registered SqmFunctionTemplate [NamedSqmFunctionTemplate(lpad)] under lpad; prior registration was null
14-04-2025 11:07:19,257-06:00 [main] DEBUG o.h.q.s.function.SqmFunctionRegistry - Registered SqmFunctionTemplate [NamedSqmFunctionTemplate(rpad)] under rpad; prior registration was null
14-04-2025 11:07:19,258-06:00 [main] DEBUG o.h.q.s.function.SqmFunctionRegistry - Registered SqmFunctionTemplate [org.hibernate.dialect.function.LpadRpadPadEmulation@175957b6] under pad; prior registration was null
14-04-2025 11:07:19,259-06:00 [main] DEBUG o.h.q.s.function.SqmFunctionRegistry - Registered SqmFunctionTemplate [org.hibernate.dialect.function.CastStrEmulation@5906ebfb] under str; prior registration was null
14-04-2025 11:07:19,261-06:00 [main] DEBUG o.h.q.s.function.SqmFunctionRegistry - Registered SqmFunctionTemplate [org.hibernate.dialect.function.FormatFunction@18ac25e6] under format; prior registration was null
14-04-2025 11:07:19,262-06:00 [main] DEBUG o.h.q.s.function.SqmFunctionRegistry - Registered SqmFunctionTemplate [org.hibernate.dialect.function.TimestampaddFunction@5d77be8e] under timestampadd; prior registration was null
14-04-2025 11:07:19,262-06:00 [main] DEBUG o.h.q.s.function.SqmFunctionRegistry - Registered SqmFunctionTemplate [org.hibernate.dialect.function.TimestampdiffFunction@10d49900] under timestampdiff; prior registration was null
14-04-2025 11:07:19,262-06:00 [main] DEBUG o.h.q.s.function.SqmFunctionRegistry - Registering alternate key : dateadd -> timestampadd
14-04-2025 11:07:19,265-06:00 [main] DEBUG o.h.q.s.function.SqmFunctionRegistry - Registering alternate key : datediff -> timestampdiff
14-04-2025 11:07:19,265-06:00 [main] DEBUG o.h.q.s.function.SqmFunctionRegistry - Registered SqmFunctionTemplate [org.hibernate.dialect.function.CurrentFunction@4cfe9594] under current_date; prior registration was null
14-04-2025 11:07:19,266-06:00 [main] DEBUG o.h.q.s.function.SqmFunctionRegistry - Registered SqmFunctionTemplate [org.hibernate.dialect.function.CurrentFunction@60861e5d] under current_time; prior registration was null
14-04-2025 11:07:19,266-06:00 [main] DEBUG o.h.q.s.function.SqmFunctionRegistry - Registered SqmFunctionTemplate [org.hibernate.dialect.function.CurrentFunction@37d81587] under current_timestamp; prior registration was null
14-04-2025 11:07:19,266-06:00 [main] DEBUG o.h.q.s.function.SqmFunctionRegistry - Registering alternate key : current date -> current_date
14-04-2025 11:07:19,267-06:00 [main] DEBUG o.h.q.s.function.SqmFunctionRegistry - Registering alternate key : current time -> current_time
14-04-2025 11:07:19,267-06:00 [main] DEBUG o.h.q.s.function.SqmFunctionRegistry - Registering alternate key : current timestamp -> current_timestamp
14-04-2025 11:07:19,267-06:00 [main] DEBUG o.h.q.s.function.SqmFunctionRegistry - Registered SqmFunctionTemplate [org.hibernate.dialect.function.CurrentFunction@7f3e9acc] under local_date; prior registration was null
14-04-2025 11:07:19,267-06:00 [main] DEBUG o.h.q.s.function.SqmFunctionRegistry - Registered SqmFunctionTemplate [org.hibernate.dialect.function.CurrentFunction@47d4e28a] under local_time; prior registration was null
14-04-2025 11:07:19,267-06:00 [main] DEBUG o.h.q.s.function.SqmFunctionRegistry - Registered SqmFunctionTemplate [org.hibernate.dialect.function.CurrentFunction@177068db] under local_datetime; prior registration was null
14-04-2025 11:07:19,267-06:00 [main] DEBUG o.h.q.s.function.SqmFunctionRegistry - Registered SqmFunctionTemplate [org.hibernate.dialect.function.CurrentFunction@60f3239f] under offset_datetime; prior registration was null
14-04-2025 11:07:19,267-06:00 [main] DEBUG o.h.q.s.function.SqmFunctionRegistry - Registering alternate key : local date -> local_date
14-04-2025 11:07:19,269-06:00 [main] DEBUG o.h.q.s.function.SqmFunctionRegistry - Registering alternate key : local time -> local_time
14-04-2025 11:07:19,269-06:00 [main] DEBUG o.h.q.s.function.SqmFunctionRegistry - Registering alternate key : local datetime -> local_datetime
14-04-2025 11:07:19,270-06:00 [main] DEBUG o.h.q.s.function.SqmFunctionRegistry - Registering alternate key : offset datetime -> offset_datetime
14-04-2025 11:07:19,270-06:00 [main] DEBUG o.h.q.s.function.SqmFunctionRegistry - Registered SqmFunctionTemplate [org.hibernate.dialect.function.CurrentFunction@6b103db7] under instant; prior registration was null
14-04-2025 11:07:19,270-06:00 [main] DEBUG o.h.q.s.function.SqmFunctionRegistry - Registering alternate key : current_instant -> instant
14-04-2025 11:07:19,273-06:00 [main] DEBUG o.h.q.s.function.SqmFunctionRegistry - Registered SqmFunctionTemplate [org.hibernate.dialect.function.SqlFunction@c1386b4] under sql; prior registration was null
14-04-2025 11:07:19,273-06:00 [main] DEBUG o.h.q.s.function.SqmFunctionRegistry - Registered SqmFunctionTemplate [NamedSqmFunctionTemplate(soundex)] under soundex; prior registration was null
14-04-2025 11:07:19,274-06:00 [main] DEBUG o.h.q.s.function.SqmFunctionRegistry - Registered SqmFunctionTemplate [NamedSqmFunctionTemplate(radians)] under radians; prior registration was null
14-04-2025 11:07:19,274-06:00 [main] DEBUG o.h.q.s.function.SqmFunctionRegistry - Registered SqmFunctionTemplate [NamedSqmFunctionTemplate(degrees)] under degrees; prior registration was null
14-04-2025 11:07:19,274-06:00 [main] DEBUG o.h.q.s.function.SqmFunctionRegistry - Registered SqmFunctionTemplate [NamedSqmFunctionTemplate(cot)] under cot; prior registration was null
14-04-2025 11:07:19,274-06:00 [main] DEBUG o.h.q.s.function.SqmFunctionRegistry - Registered SqmFunctionTemplate [NamedSqmFunctionTemplate(log)] under log; prior registration was org.hibernate.query.sqm.function.PatternBasedSqmFunctionDescriptor@554d040d
14-04-2025 11:07:19,276-06:00 [main] DEBUG o.h.q.s.function.SqmFunctionRegistry - Registered SqmFunctionTemplate [NamedSqmFunctionTemplate(log2)] under log2; prior registration was null
14-04-2025 11:07:19,276-06:00 [main] DEBUG o.h.q.s.function.SqmFunctionRegistry - Registered SqmFunctionTemplate [NamedSqmFunctionTemplate(log10)] under log10; prior registration was null
14-04-2025 11:07:19,276-06:00 [main] DEBUG o.h.q.s.function.SqmFunctionRegistry - Registered SqmFunctionTemplate [NamedSqmFunctionTemplate(ltrim)] under ltrim; prior registration was null
14-04-2025 11:07:19,276-06:00 [main] DEBUG o.h.q.s.function.SqmFunctionRegistry - Registered SqmFunctionTemplate [NamedSqmFunctionTemplate(rtrim)] under rtrim; prior registration was null
14-04-2025 11:07:19,277-06:00 [main] DEBUG o.h.q.s.function.SqmFunctionRegistry - Registered SqmFunctionTemplate [NamedSqmFunctionTemplate(octet_length)] under octet_length; prior registration was null
14-04-2025 11:07:19,277-06:00 [main] DEBUG o.h.q.s.function.SqmFunctionRegistry - Registered SqmFunctionTemplate [NamedSqmFunctionTemplate(reverse)] under reverse; prior registration was null
14-04-2025 11:07:19,277-06:00 [main] DEBUG o.h.q.s.function.SqmFunctionRegistry - Registered SqmFunctionTemplate [NamedSqmFunctionTemplate(space)] under space; prior registration was null
14-04-2025 11:07:19,277-06:00 [main] DEBUG o.h.q.s.function.SqmFunctionRegistry - Registered SqmFunctionTemplate [NamedSqmFunctionTemplate(repeat)] under repeat; prior registration was null
14-04-2025 11:07:19,278-06:00 [main] DEBUG o.h.q.s.function.SqmFunctionRegistry - Registered SqmFunctionTemplate [org.hibernate.query.sqm.function.MultipatternSqmFunctionDescriptor@5d68be4f] under lpad; prior registration was NamedSqmFunctionTemplate(lpad)
14-04-2025 11:07:19,279-06:00 [main] DEBUG o.h.q.s.function.SqmFunctionRegistry - Registered SqmFunctionTemplate [org.hibernate.query.sqm.function.MultipatternSqmFunctionDescriptor@34eb5d01] under rpad; prior registration was NamedSqmFunctionTemplate(rpad)
14-04-2025 11:07:19,279-06:00 [main] DEBUG o.h.q.s.function.SqmFunctionRegistry - Registered SqmFunctionTemplate [NamedSqmFunctionTemplate(md5)] under md5; prior registration was null
14-04-2025 11:07:19,279-06:00 [main] DEBUG o.h.q.s.function.SqmFunctionRegistry - Registered SqmFunctionTemplate [NamedSqmFunctionTemplate(day)] under day; prior registration was null
14-04-2025 11:07:19,279-06:00 [main] DEBUG o.h.q.s.function.SqmFunctionRegistry - Registered SqmFunctionTemplate [NamedSqmFunctionTemplate(month)] under month; prior registration was null
14-04-2025 11:07:19,280-06:00 [main] DEBUG o.h.q.s.function.SqmFunctionRegistry - Registered SqmFunctionTemplate [NamedSqmFunctionTemplate(year)] under year; prior registration was null
14-04-2025 11:07:19,280-06:00 [main] DEBUG o.h.q.s.function.SqmFunctionRegistry - Registered SqmFunctionTemplate [NamedSqmFunctionTemplate(hour)] under hour; prior registration was null
14-04-2025 11:07:19,280-06:00 [main] DEBUG o.h.q.s.function.SqmFunctionRegistry - Registered SqmFunctionTemplate [NamedSqmFunctionTemplate(minute)] under minute; prior registration was null
14-04-2025 11:07:19,280-06:00 [main] DEBUG o.h.q.s.function.SqmFunctionRegistry - Registered SqmFunctionTemplate [NamedSqmFunctionTemplate(second)] under second; prior registration was null
14-04-2025 11:07:19,280-06:00 [main] DEBUG o.h.q.s.function.SqmFunctionRegistry - Registered SqmFunctionTemplate [NamedSqmFunctionTemplate(microsecond)] under microsecond; prior registration was null
14-04-2025 11:07:19,281-06:00 [main] DEBUG o.h.q.s.function.SqmFunctionRegistry - Registered SqmFunctionTemplate [NamedSqmFunctionTemplate(dayofweek)] under dayofweek; prior registration was null
14-04-2025 11:07:19,281-06:00 [main] DEBUG o.h.q.s.function.SqmFunctionRegistry - Registered SqmFunctionTemplate [NamedSqmFunctionTemplate(dayofmonth)] under dayofmonth; prior registration was null
14-04-2025 11:07:19,281-06:00 [main] DEBUG o.h.q.s.function.SqmFunctionRegistry - Registering alternate key : day -> dayofmonth
14-04-2025 11:07:19,282-06:00 [main] DEBUG o.h.q.s.function.SqmFunctionRegistry - Registered SqmFunctionTemplate [NamedSqmFunctionTemplate(dayofyear)] under dayofyear; prior registration was null
14-04-2025 11:07:19,282-06:00 [main] DEBUG o.h.q.s.function.SqmFunctionRegistry - Registered SqmFunctionTemplate [NamedSqmFunctionTemplate(week)] under week; prior registration was null
14-04-2025 11:07:19,282-06:00 [main] DEBUG o.h.q.s.function.SqmFunctionRegistry - Registered SqmFunctionTemplate [NamedSqmFunctionTemplate(quarter)] under quarter; prior registration was null
14-04-2025 11:07:19,282-06:00 [main] DEBUG o.h.q.s.function.SqmFunctionRegistry - Registered SqmFunctionTemplate [NamedSqmFunctionTemplate(monthname)] under monthname; prior registration was null
14-04-2025 11:07:19,282-06:00 [main] DEBUG o.h.q.s.function.SqmFunctionRegistry - Registered SqmFunctionTemplate [NamedSqmFunctionTemplate(dayname)] under dayname; prior registration was null
14-04-2025 11:07:19,283-06:00 [main] DEBUG o.h.q.s.function.SqmFunctionRegistry - Registered SqmFunctionTemplate [NamedSqmFunctionTemplate(last_day)] under last_day; prior registration was null
14-04-2025 11:07:19,283-06:00 [main] DEBUG o.h.q.s.function.SqmFunctionRegistry - Registered SqmFunctionTemplate [NamedSqmFunctionTemplate(date)] under date; prior registration was null
14-04-2025 11:07:19,283-06:00 [main] DEBUG o.h.q.s.function.SqmFunctionRegistry - Registered SqmFunctionTemplate [NamedSqmFunctionTemplate(timestamp)] under timestamp; prior registration was null
14-04-2025 11:07:19,284-06:00 [main] DEBUG o.h.q.s.function.SqmFunctionRegistry - Registered SqmFunctionTemplate [NamedSqmFunctionTemplate(time)] under time; prior registration was null
14-04-2025 11:07:19,284-06:00 [main] DEBUG o.h.q.s.function.SqmFunctionRegistry - Registered SqmFunctionTemplate [NamedSqmFunctionTemplate(utc_date)] under utc_date; prior registration was null
14-04-2025 11:07:19,284-06:00 [main] DEBUG o.h.q.s.function.SqmFunctionRegistry - Registered SqmFunctionTemplate [NamedSqmFunctionTemplate(utc_time)] under utc_time; prior registration was null
14-04-2025 11:07:19,284-06:00 [main] DEBUG o.h.q.s.function.SqmFunctionRegistry - Registered SqmFunctionTemplate [NamedSqmFunctionTemplate(utc_timestamp)] under utc_timestamp; prior registration was null
14-04-2025 11:07:19,284-06:00 [main] DEBUG o.h.q.s.function.SqmFunctionRegistry - Registered SqmFunctionTemplate [NamedSqmFunctionTemplate(rand)] under rand; prior registration was null
14-04-2025 11:07:19,284-06:00 [main] DEBUG o.h.q.s.function.SqmFunctionRegistry - Registered SqmFunctionTemplate [NamedSqmFunctionTemplate(crc32)] under crc32; prior registration was null
14-04-2025 11:07:19,284-06:00 [main] DEBUG o.h.q.s.function.SqmFunctionRegistry - Registered SqmFunctionTemplate [NamedSqmFunctionTemplate(sha1)] under sha1; prior registration was null
14-04-2025 11:07:19,284-06:00 [main] DEBUG o.h.q.s.function.SqmFunctionRegistry - Registered SqmFunctionTemplate [NamedSqmFunctionTemplate(sha2)] under sha2; prior registration was null
14-04-2025 11:07:19,284-06:00 [main] DEBUG o.h.q.s.function.SqmFunctionRegistry - Registered SqmFunctionTemplate [NamedSqmFunctionTemplate(sha)] under sha; prior registration was null
14-04-2025 11:07:19,284-06:00 [main] DEBUG o.h.q.s.function.SqmFunctionRegistry - Registered SqmFunctionTemplate [NamedSqmFunctionTemplate(bit_length)] under bit_length; prior registration was null
14-04-2025 11:07:19,287-06:00 [main] DEBUG o.h.q.s.function.SqmFunctionRegistry - Registered SqmFunctionTemplate [NamedSqmFunctionTemplate(octet_length)] under octet_length; prior registration was NamedSqmFunctionTemplate(octet_length)
14-04-2025 11:07:19,287-06:00 [main] DEBUG o.h.q.s.function.SqmFunctionRegistry - Registered SqmFunctionTemplate [NamedSqmFunctionTemplate(ascii)] under ascii; prior registration was null
14-04-2025 11:07:19,287-06:00 [main] DEBUG o.h.q.s.function.SqmFunctionRegistry - Registered SqmFunctionTemplate [NamedSqmFunctionTemplate(instr)] under instr; prior registration was null
14-04-2025 11:07:19,287-06:00 [main] DEBUG o.h.q.s.function.SqmFunctionRegistry - Registered SqmFunctionTemplate [NamedSqmFunctionTemplate(substr)] under substr; prior registration was null
14-04-2025 11:07:19,287-06:00 [main] DEBUG o.h.q.s.function.SqmFunctionRegistry - Registered SqmFunctionTemplate [org.hibernate.query.sqm.function.PatternBasedSqmFunctionDescriptor@77b22b05] under position; prior registration was org.hibernate.dialect.function.LocatePositionEmulation@1dd247b
14-04-2025 11:07:19,288-06:00 [main] DEBUG o.h.q.s.function.SqmFunctionRegistry - Registered SqmFunctionTemplate [NamedSqmFunctionTemplate(curtime)] under curtime; prior registration was null
14-04-2025 11:07:19,288-06:00 [main] DEBUG o.h.q.s.function.SqmFunctionRegistry - Registered SqmFunctionTemplate [NamedSqmFunctionTemplate(curdate)] under curdate; prior registration was null
14-04-2025 11:07:19,288-06:00 [main] DEBUG o.h.q.s.function.SqmFunctionRegistry - Registered SqmFunctionTemplate [NamedSqmFunctionTemplate(now)] under now; prior registration was null
14-04-2025 11:07:19,291-06:00 [main] DEBUG o.h.q.s.function.SqmFunctionRegistry - Registered SqmFunctionTemplate [org.hibernate.dialect.function.TruncFunction@31c5304f] under trunc; prior registration was null
14-04-2025 11:07:19,291-06:00 [main] DEBUG o.h.q.s.function.SqmFunctionRegistry - Registering alternate key : truncate -> trunc
14-04-2025 11:07:19,291-06:00 [main] DEBUG o.h.q.s.function.SqmFunctionRegistry - Registered SqmFunctionTemplate [NamedSqmFunctionTemplate(insert)] under insert; prior registration was null
14-04-2025 11:07:19,291-06:00 [main] DEBUG o.h.q.s.function.SqmFunctionRegistry - Registered SqmFunctionTemplate [org.hibernate.query.sqm.function.PatternBasedSqmFunctionDescriptor@43df1377] under bitand; prior registration was null
14-04-2025 11:07:19,291-06:00 [main] DEBUG o.h.q.s.function.SqmFunctionRegistry - Registered SqmFunctionTemplate [org.hibernate.query.sqm.function.PatternBasedSqmFunctionDescriptor@1cee3e05] under bitor; prior registration was null
14-04-2025 11:07:19,291-06:00 [main] DEBUG o.h.q.s.function.SqmFunctionRegistry - Registered SqmFunctionTemplate [org.hibernate.query.sqm.function.PatternBasedSqmFunctionDescriptor@63f2d024] under bitxor; prior registration was null
14-04-2025 11:07:19,291-06:00 [main] DEBUG o.h.q.s.function.SqmFunctionRegistry - Registered SqmFunctionTemplate [org.hibernate.query.sqm.function.PatternBasedSqmFunctionDescriptor@7b2dd35d] under bitnot; prior registration was null
14-04-2025 11:07:19,295-06:00 [main] DEBUG o.h.q.s.function.SqmFunctionRegistry - Registered SqmFunctionTemplate [NamedSqmFunctionTemplate(bit_and)] under bit_and; prior registration was null
14-04-2025 11:07:19,295-06:00 [main] DEBUG o.h.q.s.function.SqmFunctionRegistry - Registered SqmFunctionTemplate [NamedSqmFunctionTemplate(bit_or)] under bit_or; prior registration was null
14-04-2025 11:07:19,295-06:00 [main] DEBUG o.h.q.s.function.SqmFunctionRegistry - Registered SqmFunctionTemplate [NamedSqmFunctionTemplate(stddev)] under stddev; prior registration was null
14-04-2025 11:07:19,295-06:00 [main] DEBUG o.h.q.s.function.SqmFunctionRegistry - Registered SqmFunctionTemplate [NamedSqmFunctionTemplate(stddev_pop)] under stddev_pop; prior registration was null
14-04-2025 11:07:19,296-06:00 [main] DEBUG o.h.q.s.function.SqmFunctionRegistry - Registered SqmFunctionTemplate [NamedSqmFunctionTemplate(stddev_samp)] under stddev_samp; prior registration was null
14-04-2025 11:07:19,296-06:00 [main] DEBUG o.h.q.s.function.SqmFunctionRegistry - Registered SqmFunctionTemplate [NamedSqmFunctionTemplate(variance)] under variance; prior registration was null
14-04-2025 11:07:19,296-06:00 [main] DEBUG o.h.q.s.function.SqmFunctionRegistry - Registered SqmFunctionTemplate [NamedSqmFunctionTemplate(var_pop)] under var_pop; prior registration was null
14-04-2025 11:07:19,296-06:00 [main] DEBUG o.h.q.s.function.SqmFunctionRegistry - Registered SqmFunctionTemplate [NamedSqmFunctionTemplate(var_samp)] under var_samp; prior registration was null
14-04-2025 11:07:19,296-06:00 [main] DEBUG o.h.q.s.function.SqmFunctionRegistry - Registered SqmFunctionTemplate [NamedSqmFunctionTemplate(datediff)] under datediff; prior registration was null
14-04-2025 11:07:19,297-06:00 [main] DEBUG o.h.q.s.function.SqmFunctionRegistry - Registered SqmFunctionTemplate [NamedSqmFunctionTemplate(adddate)] under adddate; prior registration was null
14-04-2025 11:07:19,297-06:00 [main] DEBUG o.h.q.s.function.SqmFunctionRegistry - Registered SqmFunctionTemplate [NamedSqmFunctionTemplate(subdate)] under subdate; prior registration was null
14-04-2025 11:07:19,297-06:00 [main] DEBUG o.h.q.s.function.SqmFunctionRegistry - Registered SqmFunctionTemplate [NamedSqmFunctionTemplate(addtime)] under addtime; prior registration was null
14-04-2025 11:07:19,297-06:00 [main] DEBUG o.h.q.s.function.SqmFunctionRegistry - Registered SqmFunctionTemplate [NamedSqmFunctionTemplate(subtime)] under subtime; prior registration was null
14-04-2025 11:07:19,297-06:00 [main] DEBUG o.h.q.s.function.SqmFunctionRegistry - Registered SqmFunctionTemplate [org.hibernate.dialect.function.FormatFunction@405223e4] under format; prior registration was org.hibernate.dialect.function.FormatFunction@18ac25e6
14-04-2025 11:07:19,297-06:00 [main] DEBUG o.h.q.s.function.SqmFunctionRegistry - Registered SqmFunctionTemplate [NamedSqmFunctionTemplate(makedate)] under makedate; prior registration was null
14-04-2025 11:07:19,298-06:00 [main] DEBUG o.h.q.s.function.SqmFunctionRegistry - Registered SqmFunctionTemplate [NamedSqmFunctionTemplate(maketime)] under maketime; prior registration was null
14-04-2025 11:07:19,298-06:00 [main] DEBUG o.h.q.s.function.SqmFunctionRegistry - Registered SqmFunctionTemplate [NamedSqmFunctionTemplate(localtime)] under localtime; prior registration was null
14-04-2025 11:07:19,298-06:00 [main] DEBUG o.h.q.s.function.SqmFunctionRegistry - Registered SqmFunctionTemplate [NamedSqmFunctionTemplate(localtimestamp)] under localtimestamp; prior registration was null
14-04-2025 11:07:19,298-06:00 [main] DEBUG o.h.q.s.function.SqmFunctionRegistry - Registered SqmFunctionTemplate [NamedSqmFunctionTemplate(localtime)] under local_time; prior registration was org.hibernate.dialect.function.CurrentFunction@47d4e28a
14-04-2025 11:07:19,299-06:00 [main] DEBUG o.h.q.s.function.SqmFunctionRegistry - Registered SqmFunctionTemplate [NamedSqmFunctionTemplate(localtimestamp)] under local_datetime; prior registration was org.hibernate.dialect.function.CurrentFunction@177068db
14-04-2025 11:07:19,299-06:00 [main] DEBUG o.h.q.s.function.SqmFunctionRegistry - Registered SqmFunctionTemplate [NamedSqmFunctionTemplate(localtime)] under localtime; prior registration was NamedSqmFunctionTemplate(localtime)
14-04-2025 11:07:19,299-06:00 [main] DEBUG o.h.q.s.function.SqmFunctionRegistry - Registered SqmFunctionTemplate [org.hibernate.query.sqm.function.PatternBasedSqmFunctionDescriptor@2d2133fd] under pi; prior registration was org.hibernate.query.sqm.function.PatternBasedSqmFunctionDescriptor@309e3f34
14-04-2025 11:07:19,299-06:00 [main] DEBUG o.h.q.s.function.SqmFunctionRegistry - Registered SqmFunctionTemplate [org.hibernate.query.sqm.function.PatternBasedSqmFunctionDescriptor@58a7a58d] under chr; prior registration was null
14-04-2025 11:07:19,300-06:00 [main] DEBUG o.h.q.s.function.SqmFunctionRegistry - Registering alternate key : char -> chr
14-04-2025 11:07:19,300-06:00 [main] DEBUG o.h.q.s.function.SqmFunctionRegistry - Registered SqmFunctionTemplate [org.hibernate.query.sqm.function.PatternBasedSqmFunctionDescriptor@4d8522ff] under sysdate; prior registration was null
14-04-2025 11:07:19,300-06:00 [main] DEBUG o.h.q.s.function.SqmFunctionRegistry - Registered SqmFunctionTemplate [NamedSqmFunctionTemplate(row_number)] under row_number; prior registration was null
14-04-2025 11:07:19,300-06:00 [main] DEBUG o.h.q.s.function.SqmFunctionRegistry - Registered SqmFunctionTemplate [NamedSqmFunctionTemplate(lag)] under lag; prior registration was null
14-04-2025 11:07:19,300-06:00 [main] DEBUG o.h.q.s.function.SqmFunctionRegistry - Registered SqmFunctionTemplate [NamedSqmFunctionTemplate(lead)] under lead; prior registration was null
14-04-2025 11:07:19,300-06:00 [main] DEBUG o.h.q.s.function.SqmFunctionRegistry - Registered SqmFunctionTemplate [NamedSqmFunctionTemplate(first_value)] under first_value; prior registration was null
14-04-2025 11:07:19,300-06:00 [main] DEBUG o.h.q.s.function.SqmFunctionRegistry - Registered SqmFunctionTemplate [NamedSqmFunctionTemplate(last_value)] under last_value; prior registration was null
14-04-2025 11:07:19,300-06:00 [main] DEBUG o.h.q.s.function.SqmFunctionRegistry - Registered SqmFunctionTemplate [NamedSqmFunctionTemplate(nth_value)] under nth_value; prior registration was null
14-04-2025 11:07:19,300-06:00 [main] DEBUG o.h.q.s.function.SqmFunctionRegistry - Registered SqmFunctionTemplate [org.hibernate.dialect.function.HypotheticalSetWindowEmulation@63d66761] under rank; prior registration was null
14-04-2025 11:07:19,300-06:00 [main] DEBUG o.h.q.s.function.SqmFunctionRegistry - Registered SqmFunctionTemplate [org.hibernate.dialect.function.HypotheticalSetWindowEmulation@434a8938] under dense_rank; prior registration was null
14-04-2025 11:07:19,300-06:00 [main] DEBUG o.h.q.s.function.SqmFunctionRegistry - Registered SqmFunctionTemplate [org.hibernate.dialect.function.HypotheticalSetWindowEmulation@237cd264] under percent_rank; prior registration was null
14-04-2025 11:07:19,300-06:00 [main] DEBUG o.h.q.s.function.SqmFunctionRegistry - Registered SqmFunctionTemplate [org.hibernate.dialect.function.HypotheticalSetWindowEmulation@51cd2d2] under cume_dist; prior registration was null
14-04-2025 11:07:19,307-06:00 [main] DEBUG o.h.q.s.function.SqmFunctionRegistry - Registered SqmFunctionTemplate [org.hibernate.dialect.function.ListaggGroupConcatEmulation@64f6dd19] under listagg; prior registration was null
14-04-2025 11:07:19,308-06:00 [main] DEBUG org.hibernate.HQL_FUNCTIONS - abs(NUMERIC arg)
14-04-2025 11:07:19,309-06:00 [main] DEBUG org.hibernate.HQL_FUNCTIONS - Double acos(NUMERIC arg)
14-04-2025 11:07:19,309-06:00 [main] DEBUG org.hibernate.HQL_FUNCTIONS - adddate(DATE datetime, INTEGER days)
14-04-2025 11:07:19,309-06:00 [main] DEBUG org.hibernate.HQL_FUNCTIONS - addtime(TIME datetime, TIME time)
14-04-2025 11:07:19,309-06:00 [main] DEBUG org.hibernate.HQL_FUNCTIONS - Boolean any(BOOLEAN arg)
14-04-2025 11:07:19,309-06:00 [main] DEBUG org.hibernate.HQL_FUNCTIONS - Integer ascii(STRING arg)
14-04-2025 11:07:19,310-06:00 [main] DEBUG org.hibernate.HQL_FUNCTIONS - Double asin(NUMERIC arg)
14-04-2025 11:07:19,310-06:00 [main] DEBUG org.hibernate.HQL_FUNCTIONS - Double atan(NUMERIC arg)
14-04-2025 11:07:19,310-06:00 [main] DEBUG org.hibernate.HQL_FUNCTIONS - Double atan2(NUMERIC arg0, NUMERIC arg1)
14-04-2025 11:07:19,310-06:00 [main] DEBUG org.hibernate.HQL_FUNCTIONS - avg(arg)
14-04-2025 11:07:19,310-06:00 [main] DEBUG org.hibernate.HQL_FUNCTIONS - bit_and(arg)
14-04-2025 11:07:19,311-06:00 [main] DEBUG org.hibernate.HQL_FUNCTIONS - Integer bit_length(STRING_OR_CLOB arg)
14-04-2025 11:07:19,311-06:00 [main] DEBUG org.hibernate.HQL_FUNCTIONS - bit_or(arg)
14-04-2025 11:07:19,311-06:00 [main] DEBUG org.hibernate.HQL_FUNCTIONS - bitand(arg0, arg1)
14-04-2025 11:07:19,311-06:00 [main] DEBUG org.hibernate.HQL_FUNCTIONS - bitnot(arg)
14-04-2025 11:07:19,311-06:00 [main] DEBUG org.hibernate.HQL_FUNCTIONS - bitor(arg0, arg1)
14-04-2025 11:07:19,311-06:00 [main] DEBUG org.hibernate.HQL_FUNCTIONS - bitxor(arg0, arg1)
14-04-2025 11:07:19,311-06:00 [main] DEBUG org.hibernate.HQL_FUNCTIONS - cast(arg as Type)
14-04-2025 11:07:19,311-06:00 [main] DEBUG org.hibernate.HQL_FUNCTIONS - ceiling(NUMERIC arg)
14-04-2025 11:07:19,311-06:00 [main] DEBUG org.hibernate.HQL_FUNCTIONS - Character char(INTEGER arg)
14-04-2025 11:07:19,311-06:00 [main] DEBUG org.hibernate.HQL_FUNCTIONS - Integer character_length(STRING_OR_CLOB arg)
14-04-2025 11:07:19,311-06:00 [main] DEBUG org.hibernate.HQL_FUNCTIONS - Character chr(INTEGER arg)
14-04-2025 11:07:19,311-06:00 [main] DEBUG org.hibernate.HQL_FUNCTIONS - coalesce(arg0[, arg1[, ...]])
14-04-2025 11:07:19,311-06:00 [main] DEBUG org.hibernate.HQL_FUNCTIONS - String collate(STRING string as COLLATION collation)
14-04-2025 11:07:19,311-06:00 [main] DEBUG org.hibernate.HQL_FUNCTIONS - String concat(STRING string0[, STRING string1[, ...]])
14-04-2025 11:07:19,311-06:00 [main] DEBUG org.hibernate.HQL_FUNCTIONS - Double cos(NUMERIC arg)
14-04-2025 11:07:19,311-06:00 [main] DEBUG org.hibernate.HQL_FUNCTIONS - Double cosh(NUMERIC arg)
14-04-2025 11:07:19,311-06:00 [main] DEBUG org.hibernate.HQL_FUNCTIONS - Double cot(NUMERIC arg)
14-04-2025 11:07:19,311-06:00 [main] DEBUG org.hibernate.HQL_FUNCTIONS - Long count([distinct ]{arg|*})
14-04-2025 11:07:19,311-06:00 [main] DEBUG org.hibernate.HQL_FUNCTIONS - Integer crc32(arg)
14-04-2025 11:07:19,311-06:00 [main] DEBUG org.hibernate.HQL_FUNCTIONS - Double cume_dist([arg0[, ...]])
14-04-2025 11:07:19,311-06:00 [main] DEBUG org.hibernate.HQL_FUNCTIONS - Date curdate()
14-04-2025 11:07:19,311-06:00 [main] DEBUG org.hibernate.HQL_FUNCTIONS - Date current date
14-04-2025 11:07:19,311-06:00 [main] DEBUG org.hibernate.HQL_FUNCTIONS - Time current time
14-04-2025 11:07:19,314-06:00 [main] DEBUG org.hibernate.HQL_FUNCTIONS - Timestamp current timestamp
14-04-2025 11:07:19,314-06:00 [main] DEBUG org.hibernate.HQL_FUNCTIONS - Date current_date
14-04-2025 11:07:19,314-06:00 [main] DEBUG org.hibernate.HQL_FUNCTIONS - Instant current_instant
14-04-2025 11:07:19,314-06:00 [main] DEBUG org.hibernate.HQL_FUNCTIONS - Time current_time
14-04-2025 11:07:19,314-06:00 [main] DEBUG org.hibernate.HQL_FUNCTIONS - Timestamp current_timestamp
14-04-2025 11:07:19,314-06:00 [main] DEBUG org.hibernate.HQL_FUNCTIONS - Time curtime()
14-04-2025 11:07:19,315-06:00 [main] DEBUG org.hibernate.HQL_FUNCTIONS - Date date(arg)
14-04-2025 11:07:19,315-06:00 [main] DEBUG org.hibernate.HQL_FUNCTIONS - dateadd(TEMPORAL_UNIT field, INTEGER magnitude, TEMPORAL datetime)
14-04-2025 11:07:19,315-06:00 [main] DEBUG org.hibernate.HQL_FUNCTIONS - Integer datediff(DATE end, DATE start)
14-04-2025 11:07:19,315-06:00 [main] DEBUG org.hibernate.HQL_FUNCTIONS - Integer day(DATE arg)
14-04-2025 11:07:19,315-06:00 [main] DEBUG org.hibernate.HQL_FUNCTIONS - String dayname(DATE arg)
14-04-2025 11:07:19,316-06:00 [main] DEBUG org.hibernate.HQL_FUNCTIONS - Integer dayofmonth(DATE arg)
14-04-2025 11:07:19,316-06:00 [main] DEBUG org.hibernate.HQL_FUNCTIONS - Integer dayofweek(DATE arg)
14-04-2025 11:07:19,316-06:00 [main] DEBUG org.hibernate.HQL_FUNCTIONS - Integer dayofyear(DATE arg)
14-04-2025 11:07:19,317-06:00 [main] DEBUG org.hibernate.HQL_FUNCTIONS - Double degrees(NUMERIC arg)
14-04-2025 11:07:19,317-06:00 [main] DEBUG org.hibernate.HQL_FUNCTIONS - Long dense_rank([arg0[, ...]])
14-04-2025 11:07:19,317-06:00 [main] DEBUG org.hibernate.HQL_FUNCTIONS - Boolean every(BOOLEAN arg)
14-04-2025 11:07:19,317-06:00 [main] DEBUG org.hibernate.HQL_FUNCTIONS - Double exp(NUMERIC arg)
14-04-2025 11:07:19,317-06:00 [main] DEBUG org.hibernate.HQL_FUNCTIONS - extract(TEMPORAL_UNIT field from TEMPORAL arg)
14-04-2025 11:07:19,317-06:00 [main] DEBUG org.hibernate.HQL_FUNCTIONS - first_valueANY value
14-04-2025 11:07:19,318-06:00 [main] DEBUG org.hibernate.HQL_FUNCTIONS - floor(NUMERIC arg)
14-04-2025 11:07:19,318-06:00 [main] DEBUG org.hibernate.HQL_FUNCTIONS - String format(TEMPORAL datetime as STRING pattern)
14-04-2025 11:07:19,318-06:00 [main] DEBUG org.hibernate.HQL_FUNCTIONS - greatest(COMPARABLE arg0, COMPARABLE arg1[, arg2[, ...]])
14-04-2025 11:07:19,318-06:00 [main] DEBUG org.hibernate.HQL_FUNCTIONS - Integer hour(TIME arg)
14-04-2025 11:07:19,318-06:00 [main] DEBUG org.hibernate.HQL_FUNCTIONS - ifnull(arg0, arg1)
14-04-2025 11:07:19,319-06:00 [main] DEBUG org.hibernate.HQL_FUNCTIONS - String insert(STRING string, INTEGER start, INTEGER length, STRING replacement)
14-04-2025 11:07:19,319-06:00 [main] DEBUG org.hibernate.HQL_FUNCTIONS - Instant instant
14-04-2025 11:07:19,319-06:00 [main] DEBUG org.hibernate.HQL_FUNCTIONS - Integer instr(STRING string, STRING pattern[, INTEGER start[, INTEGER occurrence]])
14-04-2025 11:07:19,319-06:00 [main] DEBUG org.hibernate.HQL_FUNCTIONS - lagANY value[, INTEGER offset[, ANY default]]
14-04-2025 11:07:19,319-06:00 [main] DEBUG org.hibernate.HQL_FUNCTIONS - Date last_day(DATE arg)
14-04-2025 11:07:19,320-06:00 [main] DEBUG org.hibernate.HQL_FUNCTIONS - last_valueANY value
14-04-2025 11:07:19,320-06:00 [main] DEBUG org.hibernate.HQL_FUNCTIONS - leadANY value[, INTEGER offset[, ANY default]]
14-04-2025 11:07:19,320-06:00 [main] DEBUG org.hibernate.HQL_FUNCTIONS - least(COMPARABLE arg0, COMPARABLE arg1[, arg2[, ...]])
14-04-2025 11:07:19,320-06:00 [main] DEBUG org.hibernate.HQL_FUNCTIONS - String left(STRING string, INTEGER length)
14-04-2025 11:07:19,321-06:00 [main] DEBUG org.hibernate.HQL_FUNCTIONS - Integer length(STRING_OR_CLOB arg)
14-04-2025 11:07:19,321-06:00 [main] DEBUG org.hibernate.HQL_FUNCTIONS - String listagg(STRING arg0, STRING arg1)
14-04-2025 11:07:19,321-06:00 [main] DEBUG org.hibernate.HQL_FUNCTIONS - Double ln(NUMERIC arg)
14-04-2025 11:07:19,321-06:00 [main] DEBUG org.hibernate.HQL_FUNCTIONS - LocalDate local date
14-04-2025 11:07:19,321-06:00 [main] DEBUG org.hibernate.HQL_FUNCTIONS - LocalDateTime local datetime
14-04-2025 11:07:19,322-06:00 [main] DEBUG org.hibernate.HQL_FUNCTIONS - LocalTime local time
14-04-2025 11:07:19,322-06:00 [main] DEBUG org.hibernate.HQL_FUNCTIONS - LocalDate local_date
14-04-2025 11:07:19,322-06:00 [main] DEBUG org.hibernate.HQL_FUNCTIONS - LocalDateTime local_datetime
14-04-2025 11:07:19,322-06:00 [main] DEBUG org.hibernate.HQL_FUNCTIONS - LocalTime local_time
14-04-2025 11:07:19,322-06:00 [main] DEBUG org.hibernate.HQL_FUNCTIONS - Timestamp localtime
14-04-2025 11:07:19,322-06:00 [main] DEBUG org.hibernate.HQL_FUNCTIONS - Timestamp localtimestamp
14-04-2025 11:07:19,322-06:00 [main] DEBUG org.hibernate.HQL_FUNCTIONS - Integer locate(STRING pattern, STRING string[, INTEGER start])
14-04-2025 11:07:19,322-06:00 [main] DEBUG org.hibernate.HQL_FUNCTIONS - Double log(NUMERIC arg0[, NUMERIC arg1])
14-04-2025 11:07:19,322-06:00 [main] DEBUG org.hibernate.HQL_FUNCTIONS - Double log10(NUMERIC arg)
14-04-2025 11:07:19,323-06:00 [main] DEBUG org.hibernate.HQL_FUNCTIONS - Double log2(NUMERIC arg)
14-04-2025 11:07:19,323-06:00 [main] DEBUG org.hibernate.HQL_FUNCTIONS - String lower(STRING string)
14-04-2025 11:07:19,323-06:00 [main] DEBUG org.hibernate.HQL_FUNCTIONS - String lpad(string, length[, padding])
14-04-2025 11:07:19,323-06:00 [main] DEBUG org.hibernate.HQL_FUNCTIONS - String ltrim(STRING string[, STRING characters])
14-04-2025 11:07:19,323-06:00 [main] DEBUG org.hibernate.HQL_FUNCTIONS - Date makedate(INTEGER year, INTEGER dayofyear)
14-04-2025 11:07:19,323-06:00 [main] DEBUG org.hibernate.HQL_FUNCTIONS - Time maketime(INTEGER hour, INTEGER min, INTEGER sec)
14-04-2025 11:07:19,323-06:00 [main] DEBUG org.hibernate.HQL_FUNCTIONS - max(COMPARABLE arg)
14-04-2025 11:07:19,323-06:00 [main] DEBUG org.hibernate.HQL_FUNCTIONS - String md5(arg)
14-04-2025 11:07:19,323-06:00 [main] DEBUG org.hibernate.HQL_FUNCTIONS - Integer microsecond(TIME arg)
14-04-2025 11:07:19,323-06:00 [main] DEBUG org.hibernate.HQL_FUNCTIONS - min(COMPARABLE arg)
14-04-2025 11:07:19,323-06:00 [main] DEBUG org.hibernate.HQL_FUNCTIONS - Integer minute(TIME arg)
14-04-2025 11:07:19,323-06:00 [main] DEBUG org.hibernate.HQL_FUNCTIONS - Integer mod(INTEGER arg0, INTEGER arg1)
14-04-2025 11:07:19,323-06:00 [main] DEBUG org.hibernate.HQL_FUNCTIONS - Integer month(DATE arg)
14-04-2025 11:07:19,323-06:00 [main] DEBUG org.hibernate.HQL_FUNCTIONS - String monthname(DATE arg)
14-04-2025 11:07:19,323-06:00 [main] DEBUG org.hibernate.HQL_FUNCTIONS - Timestamp now()
14-04-2025 11:07:19,323-06:00 [main] DEBUG org.hibernate.HQL_FUNCTIONS - nth_valueANY value, INTEGER nth
14-04-2025 11:07:19,323-06:00 [main] DEBUG org.hibernate.HQL_FUNCTIONS - nullif(arg0, arg1)
14-04-2025 11:07:19,323-06:00 [main] DEBUG org.hibernate.HQL_FUNCTIONS - Integer octet_length(STRING_OR_CLOB arg)
14-04-2025 11:07:19,326-06:00 [main] DEBUG org.hibernate.HQL_FUNCTIONS - OffsetDateTime offset datetime
14-04-2025 11:07:19,326-06:00 [main] DEBUG org.hibernate.HQL_FUNCTIONS - OffsetDateTime offset_datetime
14-04-2025 11:07:19,326-06:00 [main] DEBUG org.hibernate.HQL_FUNCTIONS - String overlay(STRING string placing STRING replacement from INTEGER start[ for INTEGER length])
14-04-2025 11:07:19,326-06:00 [main] DEBUG org.hibernate.HQL_FUNCTIONS - String pad(STRING string with INTEGER length {leading|trailing}[ STRING character])
14-04-2025 11:07:19,326-06:00 [main] DEBUG org.hibernate.HQL_FUNCTIONS - Double percent_rank([arg0[, ...]])
14-04-2025 11:07:19,326-06:00 [main] DEBUG org.hibernate.HQL_FUNCTIONS - Double pi
14-04-2025 11:07:19,327-06:00 [main] DEBUG org.hibernate.HQL_FUNCTIONS - Integer position(STRING pattern in STRING string)
14-04-2025 11:07:19,327-06:00 [main] DEBUG org.hibernate.HQL_FUNCTIONS - Double power(NUMERIC arg0, NUMERIC arg1)
14-04-2025 11:07:19,327-06:00 [main] DEBUG org.hibernate.HQL_FUNCTIONS - Integer quarter(DATE arg)
14-04-2025 11:07:19,327-06:00 [main] DEBUG org.hibernate.HQL_FUNCTIONS - Double radians(NUMERIC arg)
14-04-2025 11:07:19,327-06:00 [main] DEBUG org.hibernate.HQL_FUNCTIONS - Double rand([INTEGER seed])
14-04-2025 11:07:19,328-06:00 [main] DEBUG org.hibernate.HQL_FUNCTIONS - Long rank([arg0[, ...]])
14-04-2025 11:07:19,328-06:00 [main] DEBUG org.hibernate.HQL_FUNCTIONS - String repeat(STRING string, INTEGER times)
14-04-2025 11:07:19,328-06:00 [main] DEBUG org.hibernate.HQL_FUNCTIONS - String replace(STRING string, STRING pattern, STRING replacement)
14-04-2025 11:07:19,328-06:00 [main] DEBUG org.hibernate.HQL_FUNCTIONS - String reverse(STRING arg)
14-04-2025 11:07:19,328-06:00 [main] DEBUG org.hibernate.HQL_FUNCTIONS - String right(STRING string, INTEGER length)
14-04-2025 11:07:19,328-06:00 [main] DEBUG org.hibernate.HQL_FUNCTIONS - round(NUMERIC number[, INTEGER places])
14-04-2025 11:07:19,329-06:00 [main] DEBUG org.hibernate.HQL_FUNCTIONS - Long row_number()
14-04-2025 11:07:19,329-06:00 [main] DEBUG org.hibernate.HQL_FUNCTIONS - String rpad(string, length[, padding])
14-04-2025 11:07:19,329-06:00 [main] DEBUG org.hibernate.HQL_FUNCTIONS - String rtrim(STRING string[, STRING characters])
14-04-2025 11:07:19,329-06:00 [main] DEBUG org.hibernate.HQL_FUNCTIONS - Integer second(TIME arg)
14-04-2025 11:07:19,329-06:00 [main] DEBUG org.hibernate.HQL_FUNCTIONS - String sha(arg)
14-04-2025 11:07:19,329-06:00 [main] DEBUG org.hibernate.HQL_FUNCTIONS - String sha1(arg)
14-04-2025 11:07:19,330-06:00 [main] DEBUG org.hibernate.HQL_FUNCTIONS - String sha2(arg0, arg1)
14-04-2025 11:07:19,330-06:00 [main] DEBUG org.hibernate.HQL_FUNCTIONS - Integer sign(NUMERIC arg)
14-04-2025 11:07:19,331-06:00 [main] DEBUG org.hibernate.HQL_FUNCTIONS - Double sin(NUMERIC arg)
14-04-2025 11:07:19,331-06:00 [main] DEBUG org.hibernate.HQL_FUNCTIONS - Double sinh(NUMERIC arg)
14-04-2025 11:07:19,331-06:00 [main] DEBUG org.hibernate.HQL_FUNCTIONS - String soundex(arg)
14-04-2025 11:07:19,331-06:00 [main] DEBUG org.hibernate.HQL_FUNCTIONS - String space(INTEGER arg)
14-04-2025 11:07:19,331-06:00 [main] DEBUG org.hibernate.HQL_FUNCTIONS - Object sql
14-04-2025 11:07:19,331-06:00 [main] DEBUG org.hibernate.HQL_FUNCTIONS - Double sqrt(NUMERIC arg)
14-04-2025 11:07:19,331-06:00 [main] DEBUG org.hibernate.HQL_FUNCTIONS - Double stddev(NUMERIC arg)
14-04-2025 11:07:19,331-06:00 [main] DEBUG org.hibernate.HQL_FUNCTIONS - Double stddev_pop(NUMERIC arg)
14-04-2025 11:07:19,331-06:00 [main] DEBUG org.hibernate.HQL_FUNCTIONS - Double stddev_samp(NUMERIC arg)
14-04-2025 11:07:19,332-06:00 [main] DEBUG org.hibernate.HQL_FUNCTIONS - String str(arg)
14-04-2025 11:07:19,332-06:00 [main] DEBUG org.hibernate.HQL_FUNCTIONS - subdate(DATE datetime, INTEGER days)
14-04-2025 11:07:19,332-06:00 [main] DEBUG org.hibernate.HQL_FUNCTIONS - String substr(STRING string, INTEGER start[, INTEGER length])
14-04-2025 11:07:19,332-06:00 [main] DEBUG org.hibernate.HQL_FUNCTIONS - String substring(STRING string{ from|,} INTEGER start[{ for|,} INTEGER length])
14-04-2025 11:07:19,332-06:00 [main] DEBUG org.hibernate.HQL_FUNCTIONS - subtime(TIME datetime, TIME time)
14-04-2025 11:07:19,332-06:00 [main] DEBUG org.hibernate.HQL_FUNCTIONS - sum(arg)
14-04-2025 11:07:19,333-06:00 [main] DEBUG org.hibernate.HQL_FUNCTIONS - Timestamp sysdate()
14-04-2025 11:07:19,333-06:00 [main] DEBUG org.hibernate.HQL_FUNCTIONS - Double tan(NUMERIC arg)
14-04-2025 11:07:19,333-06:00 [main] DEBUG org.hibernate.HQL_FUNCTIONS - Double tanh(NUMERIC arg)
14-04-2025 11:07:19,333-06:00 [main] DEBUG org.hibernate.HQL_FUNCTIONS - String time(arg)
14-04-2025 11:07:19,333-06:00 [main] DEBUG org.hibernate.HQL_FUNCTIONS - Timestamp timestamp(arg0[, arg1])
14-04-2025 11:07:19,333-06:00 [main] DEBUG org.hibernate.HQL_FUNCTIONS - timestampadd(TEMPORAL_UNIT field, INTEGER magnitude, TEMPORAL datetime)
14-04-2025 11:07:19,334-06:00 [main] DEBUG org.hibernate.HQL_FUNCTIONS - Long|Double timestampdiff(TEMPORAL_UNIT field, TEMPORAL start, TEMPORAL end)
14-04-2025 11:07:19,334-06:00 [main] DEBUG org.hibernate.HQL_FUNCTIONS - String trim([[{leading|trailing|both} ][STRING arg0 ]from] STRING arg1)
14-04-2025 11:07:19,334-06:00 [main] DEBUG org.hibernate.HQL_FUNCTIONS - trunc( ... )
14-04-2025 11:07:19,334-06:00 [main] DEBUG org.hibernate.HQL_FUNCTIONS - truncate( ... )
14-04-2025 11:07:19,335-06:00 [main] DEBUG org.hibernate.HQL_FUNCTIONS - String upper(STRING string)
14-04-2025 11:07:19,335-06:00 [main] DEBUG org.hibernate.HQL_FUNCTIONS - Date utc_date
14-04-2025 11:07:19,335-06:00 [main] DEBUG org.hibernate.HQL_FUNCTIONS - Time utc_time
14-04-2025 11:07:19,335-06:00 [main] DEBUG org.hibernate.HQL_FUNCTIONS - Timestamp utc_timestamp
14-04-2025 11:07:19,336-06:00 [main] DEBUG org.hibernate.HQL_FUNCTIONS - Double var_pop(NUMERIC arg)
14-04-2025 11:07:19,336-06:00 [main] DEBUG org.hibernate.HQL_FUNCTIONS - Double var_samp(NUMERIC arg)
14-04-2025 11:07:19,341-06:00 [main] DEBUG org.hibernate.HQL_FUNCTIONS - Double variance(NUMERIC arg)
14-04-2025 11:07:19,341-06:00 [main] DEBUG org.hibernate.HQL_FUNCTIONS - Integer week(DATE arg)
14-04-2025 11:07:19,341-06:00 [main] DEBUG org.hibernate.HQL_FUNCTIONS - Integer year(DATE arg)
14-04-2025 11:07:19,347-06:00 [main] DEBUG org.hibernate.orm.query.plan.cache - Starting QueryInterpretationCache(2048)
14-04-2025 11:07:19,430-06:00 [main] DEBUG o.h.s.i.SessionFactoryServiceRegistryImpl - EventListenerRegistry access via ServiceRegistry is deprecated.  Use `sessionFactory.getEventEngine().getListenerRegistry()` instead
14-04-2025 11:07:19,433-06:00 [main] DEBUG o.h.e.i.EntityCopyObserverFactoryInitiator - Configured EntityCopyObserver strategy: disallow
14-04-2025 11:07:19,519-06:00 [main] DEBUG o.hibernate.ormbytecode.interceptor - To-one property `com.ebac.modulo39.dto.Telefono#usuario` was mapped with LAZY + NO_PROXY but the class was not enhanced
14-04-2025 11:07:19,520-06:00 [main] DEBUG o.hibernate.ormbytecode.interceptor - To-one property `com.ebac.modulo39.dto.Telefono#usuario` was mapped with LAZY + NO_PROXY but the class was not enhanced
14-04-2025 11:07:19,520-06:00 [main] DEBUG o.h.b.internal.ClassLoaderAccessImpl - Not known whether passed class name [com.ebac.modulo39.dto.Telefono] is safe
14-04-2025 11:07:19,520-06:00 [main] DEBUG o.h.b.internal.ClassLoaderAccessImpl - No temp ClassLoader provided; using live ClassLoader for loading potentially unsafe class : com.ebac.modulo39.dto.Telefono
14-04-2025 11:07:19,710-06:00 [main] DEBUG o.h.b.i.b.BytecodeProviderImpl - HHH000513: Unable to create the ReflectionOptimizer for [com.ebac.modulo39.dto.Telefono]: private accessor [lada]
14-04-2025 11:07:19,710-06:00 [main] DEBUG o.hibernate.ormbytecode.interceptor - To-one property `com.ebac.modulo39.dto.Telefono#usuario` was mapped with LAZY + NO_PROXY but the class was not enhanced
14-04-2025 11:07:19,736-06:00 [main] DEBUG o.h.b.internal.ClassLoaderAccessImpl - Not known whether passed class name [com.ebac.modulo39.dto.UsuarioLogin] is safe
14-04-2025 11:07:19,736-06:00 [main] DEBUG o.h.b.internal.ClassLoaderAccessImpl - No temp ClassLoader provided; using live ClassLoader for loading potentially unsafe class : com.ebac.modulo39.dto.UsuarioLogin
14-04-2025 11:07:19,755-06:00 [main] DEBUG o.h.b.i.b.BytecodeProviderImpl - HHH000513: Unable to create the ReflectionOptimizer for [com.ebac.modulo39.dto.UsuarioLogin]: private accessor [password]
14-04-2025 11:07:19,759-06:00 [main] DEBUG o.h.b.internal.ClassLoaderAccessImpl - Not known whether passed class name [com.ebac.modulo39.dto.Usuario] is safe
14-04-2025 11:07:19,759-06:00 [main] DEBUG o.h.b.internal.ClassLoaderAccessImpl - No temp ClassLoader provided; using live ClassLoader for loading potentially unsafe class : com.ebac.modulo39.dto.Usuario
14-04-2025 11:07:19,766-06:00 [main] DEBUG o.h.b.i.b.BytecodeProviderImpl - HHH000513: Unable to create the ReflectionOptimizer for [com.ebac.modulo39.dto.Usuario]: private accessor [edad]
14-04-2025 11:07:19,798-06:00 [main] DEBUG org.hibernate.orm.jdbc.mutation - Skipping collection (re)creation - com.ebac.modulo39.dto.Usuario.telefonos
14-04-2025 11:07:19,800-06:00 [main] DEBUG org.hibernate.orm.jdbc.mutation - Skipping collection row deletions - com.ebac.modulo39.dto.Usuario.telefonos
14-04-2025 11:07:19,800-06:00 [main] DEBUG org.hibernate.orm.jdbc.mutation - Skipping collection removals - com.ebac.modulo39.dto.Usuario.telefonos
14-04-2025 11:07:19,821-06:00 [main] DEBUG o.h.orm.model.mapping.creation - Starting post-init callbacks
14-04-2025 11:07:19,821-06:00 [main] DEBUG o.h.orm.model.mapping.creation - Starting PostInitCallbackEntry : To-one key - NavigableRole[com.ebac.modulo39.dto.Telefono.usuario]
14-04-2025 11:07:19,834-06:00 [main] DEBUG o.h.orm.model.mapping.creation - Starting PostInitCallbackEntry : Entity(com.ebac.modulo39.dto.Telefono) `staticFetchableList` generator
14-04-2025 11:07:19,835-06:00 [main] DEBUG o.h.orm.model.mapping.creation - Starting PostInitCallbackEntry : Entity(com.ebac.modulo39.dto.UsuarioLogin) `staticFetchableList` generator
14-04-2025 11:07:19,835-06:00 [main] DEBUG o.h.orm.model.mapping.creation - Starting PostInitCallbackEntry : PluralAttributeMapping( NavigableRole[com.ebac.modulo39.dto.Usuario.telefonos#{element}]) - element descriptor
14-04-2025 11:07:19,836-06:00 [main] DEBUG o.h.orm.model.mapping.creation - Starting PostInitCallbackEntry : PluralAttributeMapping(com.ebac.modulo39.dto.Usuario.telefonos)#finishInitialization
14-04-2025 11:07:19,836-06:00 [main] DEBUG o.h.orm.model.mapping.creation - Starting PostInitCallbackEntry : PluralAttributeMapping(com.ebac.modulo39.dto.Usuario.telefonos) - key descriptor
14-04-2025 11:07:19,836-06:00 [main] DEBUG o.h.orm.model.mapping.creation - Starting PostInitCallbackEntry : Entity(com.ebac.modulo39.dto.Usuario) `staticFetchableList` generator
14-04-2025 11:07:19,836-06:00 [main] DEBUG o.h.orm.model.mapping.creation - Starting PostInitCallbackEntry : PluralAttributeMapping( NavigableRole[com.ebac.modulo39.dto.Usuario.telefonos#{element}]) - element descriptor
14-04-2025 11:07:19,899-06:00 [main] DEBUG org.hibernate.orm.sql.ast.create - Created new SQL alias : t1_0
14-04-2025 11:07:19,914-06:00 [main] DEBUG org.hibernate.orm.sql.ast.create - Registration of TableGroup [StandardTableGroup(com.ebac.modulo39.dto.Telefono)] with identifierForTableGroup [com.ebac.modulo39.dto.Telefono] for NavigablePath [com.ebac.modulo39.dto.Telefono] 
14-04-2025 11:07:19,915-06:00 [main] DEBUG org.hibernate.orm.sql.ast.create - Registration of TableGroup [org.hibernate.sql.ast.tree.from.LazyTableGroup@1e965426] with identifierForTableGroup [com.ebac.modulo39.dto.Telefono.usuario] for NavigablePath [com.ebac.modulo39.dto.Telefono.usuario] 
14-04-2025 11:07:19,915-06:00 [main] DEBUG org.hibernate.orm.sql.ast.create - Created new SQL alias : u1_0
14-04-2025 11:07:19,938-06:00 [main] DEBUG org.hibernate.orm.results.graph.AST - DomainResult Graph:
 \-EntityResultImpl [com.ebac.modulo39.dto.Telefono]
 |  +-BasicFetch [com.ebac.modulo39.dto.Telefono.lada]
 |  +-BasicFetch [com.ebac.modulo39.dto.Telefono.numero]
 |  +-BasicFetch [com.ebac.modulo39.dto.Telefono.tipoTelefono]
 |  \-EntityFetchJoinedImpl [com.ebac.modulo39.dto.Telefono.usuario]
 |  |  +-BasicFetch [com.ebac.modulo39.dto.Telefono.usuario.edad]
 |  |  +-BasicFetch [com.ebac.modulo39.dto.Telefono.usuario.nombre]
 |  |  \-DelayedCollectionFetch [com.ebac.modulo39.dto.Telefono.usuario.telefonos]

14-04-2025 11:07:19,945-06:00 [main] DEBUG org.hibernate.orm.sql.ast.tree - SQL AST Tree:
    SelectStatement {
      FromClause {
        StandardTableGroup (t1 : com.ebac.modulo39.dto.Telefono) {
          primaryTableReference : telefono as t1_0
          TableGroupJoins {
            left  join LazyTableGroup (u1 : com.ebac.modulo39.dto.Telefono.usuario) {
              primaryTableReference : usuario as u1_0
            }
          }
        }
      }
    }

14-04-2025 11:07:19,965-06:00 [main] DEBUG o.h.p.entity.AbstractEntityPersister - Static SQL for entity: com.ebac.modulo39.dto.Telefono
14-04-2025 11:07:19,966-06:00 [main] DEBUG o.h.p.entity.AbstractEntityPersister -  Version select: select id_telefono from telefono where id_telefono=?
14-04-2025 11:07:19,966-06:00 [main] DEBUG o.h.p.entity.AbstractEntityPersister -  Insert (0): insert into telefono (lada,numero,tipo_telefono,id_usuario) values (?,?,?,?)
14-04-2025 11:07:19,967-06:00 [main] DEBUG o.h.p.entity.AbstractEntityPersister -  Update (0): update telefono set lada=?,numero=?,tipo_telefono=?,id_usuario=? where id_telefono=?
14-04-2025 11:07:19,967-06:00 [main] DEBUG o.h.p.entity.AbstractEntityPersister -  Delete (0): delete from telefono where id_telefono=?
14-04-2025 11:07:19,967-06:00 [main] DEBUG org.hibernate.orm.sql.ast.create - Created new SQL alias : ul1_0
14-04-2025 11:07:19,967-06:00 [main] DEBUG org.hibernate.orm.sql.ast.create - Registration of TableGroup [StandardTableGroup(com.ebac.modulo39.dto.UsuarioLogin)] with identifierForTableGroup [com.ebac.modulo39.dto.UsuarioLogin] for NavigablePath [com.ebac.modulo39.dto.UsuarioLogin] 
14-04-2025 11:07:19,968-06:00 [main] DEBUG org.hibernate.orm.results.graph.AST - DomainResult Graph:
 \-EntityResultImpl [com.ebac.modulo39.dto.UsuarioLogin]
 |  +-BasicFetch [com.ebac.modulo39.dto.UsuarioLogin.password]
 |  \-BasicFetch [com.ebac.modulo39.dto.UsuarioLogin.username]

14-04-2025 11:07:19,968-06:00 [main] DEBUG org.hibernate.orm.sql.ast.tree - SQL AST Tree:
    SelectStatement {
      FromClause {
        StandardTableGroup (ul1 : com.ebac.modulo39.dto.UsuarioLogin) {
          primaryTableReference : usuarioslogin as ul1_0
        }
      }
    }

14-04-2025 11:07:19,969-06:00 [main] DEBUG o.h.p.entity.AbstractEntityPersister - Static SQL for entity: com.ebac.modulo39.dto.UsuarioLogin
14-04-2025 11:07:19,969-06:00 [main] DEBUG o.h.p.entity.AbstractEntityPersister -  Version select: select id from usuarioslogin where id=?
14-04-2025 11:07:19,969-06:00 [main] DEBUG o.h.p.entity.AbstractEntityPersister -  Insert (0): insert into usuarioslogin (password,username,id) values (?,?,?)
14-04-2025 11:07:19,969-06:00 [main] DEBUG o.h.p.entity.AbstractEntityPersister -  Update (0): update usuarioslogin set password=?,username=? where id=?
14-04-2025 11:07:19,970-06:00 [main] DEBUG o.h.p.entity.AbstractEntityPersister -  Delete (0): delete from usuarioslogin where id=?
14-04-2025 11:07:19,970-06:00 [main] DEBUG org.hibernate.orm.sql.ast.create - Created new SQL alias : u1_0
14-04-2025 11:07:19,970-06:00 [main] DEBUG org.hibernate.orm.sql.ast.create - Registration of TableGroup [StandardTableGroup(com.ebac.modulo39.dto.Usuario)] with identifierForTableGroup [com.ebac.modulo39.dto.Usuario] for NavigablePath [com.ebac.modulo39.dto.Usuario] 
14-04-2025 11:07:19,971-06:00 [main] DEBUG org.hibernate.orm.results.graph.AST - DomainResult Graph:
 \-EntityResultImpl [com.ebac.modulo39.dto.Usuario]
 |  +-BasicFetch [com.ebac.modulo39.dto.Usuario.edad]
 |  +-BasicFetch [com.ebac.modulo39.dto.Usuario.nombre]
 |  \-DelayedCollectionFetch [com.ebac.modulo39.dto.Usuario.telefonos]

14-04-2025 11:07:19,971-06:00 [main] DEBUG org.hibernate.orm.sql.ast.tree - SQL AST Tree:
    SelectStatement {
      FromClause {
        StandardTableGroup (u1 : com.ebac.modulo39.dto.Usuario) {
          primaryTableReference : usuario as u1_0
        }
      }
    }

14-04-2025 11:07:19,972-06:00 [main] DEBUG o.h.p.entity.AbstractEntityPersister - Static SQL for entity: com.ebac.modulo39.dto.Usuario
14-04-2025 11:07:19,972-06:00 [main] DEBUG o.h.p.entity.AbstractEntityPersister -  Version select: select id_usuario from usuario where id_usuario=?
14-04-2025 11:07:19,972-06:00 [main] DEBUG o.h.p.entity.AbstractEntityPersister -  Insert (0): insert into usuario (edad,nombre) values (?,?)
14-04-2025 11:07:19,972-06:00 [main] DEBUG o.h.p.entity.AbstractEntityPersister -  Update (0): update usuario set edad=?,nombre=? where id_usuario=?
14-04-2025 11:07:19,972-06:00 [main] DEBUG o.h.p.entity.AbstractEntityPersister -  Delete (0): delete from usuario where id_usuario=?
14-04-2025 11:07:19,972-06:00 [main] DEBUG org.hibernate.orm.sql.ast.create - Created new SQL alias : t1_0
14-04-2025 11:07:19,972-06:00 [main] DEBUG org.hibernate.orm.sql.ast.create - Registration of TableGroup [org.hibernate.sql.ast.tree.from.OneToManyTableGroup@64921450] with identifierForTableGroup [com.ebac.modulo39.dto.Usuario.telefonos] for NavigablePath [com.ebac.modulo39.dto.Usuario.telefonos] 
14-04-2025 11:07:19,977-06:00 [main] DEBUG org.hibernate.orm.sql.ast.create - Registration of TableGroup [StandardTableGroup(com.ebac.modulo39.dto.Usuario.telefonos.{element})] with identifierForTableGroup [com.ebac.modulo39.dto.Usuario.telefonos.{element}] for NavigablePath [com.ebac.modulo39.dto.Usuario.telefonos.{element}] 
14-04-2025 11:07:19,983-06:00 [main] DEBUG org.hibernate.orm.sql.ast.create - Registration of TableGroup [org.hibernate.sql.ast.tree.from.LazyTableGroup@691a5c3a] with identifierForTableGroup [com.ebac.modulo39.dto.Usuario.telefonos.{element}.usuario] for NavigablePath [com.ebac.modulo39.dto.Usuario.telefonos.{element}.usuario] 
14-04-2025 11:07:19,986-06:00 [main] DEBUG org.hibernate.orm.results.graph.AST - DomainResult Graph:
 \-CollectionDomainResult [com.ebac.modulo39.dto.Usuario.telefonos]

14-04-2025 11:07:19,987-06:00 [main] DEBUG org.hibernate.orm.sql.ast.tree - SQL AST Tree:
    SelectStatement {
      FromClause {
        OneToManyTableGroup (t1 : com.ebac.modulo39.dto.Usuario.telefonos) {
          primaryTableReference : telefono as t1_0
          TableGroupJoins {
            left  join LazyTableGroup (u1 : com.ebac.modulo39.dto.Usuario.telefonos.{element}.usuario) {
            }
          }
        }
      }
    }

14-04-2025 11:07:19,987-06:00 [main] DEBUG org.hibernate.orm.jdbc.mutation - Static SQL for collection: com.ebac.modulo39.dto.Usuario.telefonos
14-04-2025 11:07:20,019-06:00 [main] INFO  o.h.e.t.j.p.i.JtaPlatformInitiator - HHH000489: No JTA platform available (set 'hibernate.transaction.jta.platform' to enable JTA platform integration)
14-04-2025 11:07:20,019-06:00 [main] DEBUG o.h.type.spi.TypeConfiguration$Scope - Scoping TypeConfiguration [org.hibernate.type.spi.TypeConfiguration@60e47aab] to SessionFactoryImplementor [org.hibernate.internal.SessionFactoryImpl@3b80bb63]
14-04-2025 11:07:20,021-06:00 [main] DEBUG o.h.q.named.NamedObjectRepository - Checking 0 named HQL queries
14-04-2025 11:07:20,021-06:00 [main] DEBUG o.h.q.named.NamedObjectRepository - Checking 0 named SQL queries
14-04-2025 11:07:20,022-06:00 [main] DEBUG o.h.t.s.s.SchemaManagementToolCoordinator - No schema actions specified for contributor `orm`; doing nothing
14-04-2025 11:07:20,022-06:00 [main] DEBUG o.h.t.s.s.SchemaManagementToolCoordinator - No actions found; doing nothing
14-04-2025 11:07:20,022-06:00 [main] DEBUG o.h.internal.SessionFactoryRegistry - Initializing SessionFactoryRegistry : org.hibernate.internal.SessionFactoryRegistry@48a21ea6
14-04-2025 11:07:20,022-06:00 [main] DEBUG o.h.internal.SessionFactoryRegistry - Registering SessionFactory: 9f453824-59fe-499f-8cb5-ad2370ebcd63 (<unnamed>)
14-04-2025 11:07:20,022-06:00 [main] DEBUG o.h.internal.SessionFactoryRegistry - Not binding SessionFactory to JNDI, no JNDI name configured
14-04-2025 11:07:20,022-06:00 [main] DEBUG o.h.internal.SessionFactoryImpl - Instantiated SessionFactory
14-04-2025 11:07:20,022-06:00 [main] INFO  o.s.o.j.LocalContainerEntityManagerFactoryBean - Initialized JPA EntityManagerFactory for persistence unit 'default'
14-04-2025 11:07:20,030-06:00 [main] DEBUG o.s.b.f.s.DefaultListableBeanFactory - Creating shared instance of singleton bean 'modulo39Application'
14-04-2025 11:07:20,033-06:00 [main] DEBUG o.s.b.f.s.DefaultListableBeanFactory - Creating shared instance of singleton bean 'webConfig'
14-04-2025 11:07:20,033-06:00 [main] DEBUG o.s.b.f.s.DefaultListableBeanFactory - Creating shared instance of singleton bean 'loginController'
14-04-2025 11:07:20,051-06:00 [main] DEBUG o.s.b.f.s.DefaultListableBeanFactory - Creating shared instance of singleton bean 'usuarioLoginRepository'
14-04-2025 11:07:20,072-06:00 [main] DEBUG o.s.b.f.s.DefaultListableBeanFactory - Creating shared instance of singleton bean 'jpa.named-queries#0'
14-04-2025 11:07:20,084-06:00 [main] DEBUG o.s.b.f.s.DefaultListableBeanFactory - Creating shared instance of singleton bean 'jpa.UsuarioLoginRepository.fragments#0'
14-04-2025 11:07:20,101-06:00 [main] DEBUG o.s.b.f.s.DefaultListableBeanFactory - Creating shared instance of singleton bean 'jpaSharedEM_entityManagerFactory'
14-04-2025 11:07:20,150-06:00 [main] DEBUG o.s.b.f.s.DefaultListableBeanFactory - Creating shared instance of singleton bean 'jpaMappingContext'
14-04-2025 11:07:20,150-06:00 [main] DEBUG o.s.d.j.r.c.JpaMetamodelMappingContextFactoryBean - Initializing JpaMetamodelMappingContext…
14-04-2025 11:07:20,171-06:00 [main] DEBUG o.s.d.j.r.c.JpaMetamodelMappingContextFactoryBean - Finished initializing JpaMetamodelMappingContext
14-04-2025 11:07:20,214-06:00 [main] DEBUG o.s.o.j.SharedEntityManagerCreator$SharedEntityManagerInvocationHandler - Creating new EntityManager for shared EntityManager invocation
14-04-2025 11:07:20,259-06:00 [main] DEBUG o.h.s.internal.StatisticsInitiator - Statistics initialized [enabled=false]
14-04-2025 11:07:20,270-06:00 [main] DEBUG o.s.o.j.SharedEntityManagerCreator$SharedEntityManagerInvocationHandler - Creating new EntityManager for shared EntityManager invocation
14-04-2025 11:07:20,316-06:00 [main] DEBUG o.s.d.r.c.s.RepositoryFactorySupport - Initializing repository instance for com.ebac.modulo39.repository.UsuarioLoginRepository…
14-04-2025 11:07:20,338-06:00 [main] DEBUG o.s.o.j.SharedEntityManagerCreator$SharedEntityManagerInvocationHandler - Creating new EntityManager for shared EntityManager invocation
14-04-2025 11:07:20,398-06:00 [main] DEBUG o.s.d.j.repository.query.NamedQuery - Looking up named query 'UsuarioLogin.findByUsernameAndPassword'
14-04-2025 11:07:20,408-06:00 [main] DEBUG o.h.r.t.b.j.i.JdbcResourceLocalTransactionCoordinatorImpl - JDBC transaction marked for rollback-only (exception provided for stack trace)
java.lang.Exception: exception just for purpose of providing stack trace
	at org.hibernate.resource.transaction.backend.jdbc.internal.JdbcResourceLocalTransactionCoordinatorImpl$TransactionDriverControlImpl.markRollbackOnly(JdbcResourceLocalTransactionCoordinatorImpl.java:309)
	at org.hibernate.internal.AbstractSharedSessionContract.buildNamedQuery(AbstractSharedSessionContract.java:1141)
	at org.hibernate.internal.AbstractSharedSessionContract.createNamedQuery(AbstractSharedSessionContract.java:1019)
	at org.hibernate.internal.AbstractSharedSessionContract.createNamedQuery(AbstractSharedSessionContract.java:143)
	at java.base/jdk.internal.reflect.DirectMethodHandleAccessor.invoke(Unknown Source)
	at java.base/java.lang.reflect.Method.invoke(Unknown Source)
	at org.springframework.orm.jpa.ExtendedEntityManagerCreator$ExtendedEntityManagerInvocationHandler.invoke(ExtendedEntityManagerCreator.java:364)
	at jdk.proxy2/jdk.proxy2.$Proxy117.createNamedQuery(Unknown Source)
	at org.springframework.data.jpa.repository.query.NamedQuery.hasNamedQuery(NamedQuery.java:114)
	at org.springframework.data.jpa.repository.query.NamedQuery.lookupFrom(NamedQuery.java:140)
	at org.springframework.data.jpa.repository.query.JpaQueryLookupStrategy$DeclaredQueryLookupStrategy.resolveQuery(JpaQueryLookupStrategy.java:184)
	at org.springframework.data.jpa.repository.query.JpaQueryLookupStrategy$CreateIfNotFoundQueryLookupStrategy.resolveQuery(JpaQueryLookupStrategy.java:256)
	at org.springframework.data.jpa.repository.query.JpaQueryLookupStrategy$AbstractQueryLookupStrategy.resolveQuery(JpaQueryLookupStrategy.java:99)
	at org.springframework.data.repository.core.support.QueryExecutorMethodInterceptor.lookupQuery(QueryExecutorMethodInterceptor.java:116)
	at org.springframework.data.repository.core.support.QueryExecutorMethodInterceptor.mapMethodsToQuery(QueryExecutorMethodInterceptor.java:104)
	at org.springframework.data.repository.core.support.QueryExecutorMethodInterceptor.lambda$new$0(QueryExecutorMethodInterceptor.java:92)
	at java.base/java.util.Optional.map(Unknown Source)
	at org.springframework.data.repository.core.support.QueryExecutorMethodInterceptor.<init>(QueryExecutorMethodInterceptor.java:92)
	at org.springframework.data.repository.core.support.RepositoryFactorySupport.getRepository(RepositoryFactorySupport.java:440)
	at org.springframework.data.repository.core.support.RepositoryFactoryBeanSupport.lambda$afterPropertiesSet$4(RepositoryFactoryBeanSupport.java:350)
	at org.springframework.data.util.Lazy.getNullable(Lazy.java:135)
	at org.springframework.data.util.Lazy.get(Lazy.java:113)
	at org.springframework.data.repository.core.support.RepositoryFactoryBeanSupport.afterPropertiesSet(RepositoryFactoryBeanSupport.java:356)
	at org.springframework.data.jpa.repository.support.JpaRepositoryFactoryBean.afterPropertiesSet(JpaRepositoryFactoryBean.java:132)
	at org.springframework.beans.factory.support.AbstractAutowireCapableBeanFactory.invokeInitMethods(AbstractAutowireCapableBeanFactory.java:1855)
	at org.springframework.beans.factory.support.AbstractAutowireCapableBeanFactory.initializeBean(AbstractAutowireCapableBeanFactory.java:1804)
	at org.springframework.beans.factory.support.AbstractAutowireCapableBeanFactory.doCreateBean(AbstractAutowireCapableBeanFactory.java:601)
	at org.springframework.beans.factory.support.AbstractAutowireCapableBeanFactory.createBean(AbstractAutowireCapableBeanFactory.java:523)
	at org.springframework.beans.factory.support.AbstractBeanFactory.lambda$doGetBean$0(AbstractBeanFactory.java:336)
	at org.springframework.beans.factory.support.DefaultSingletonBeanRegistry.getSingleton(DefaultSingletonBeanRegistry.java:289)
	at org.springframework.beans.factory.support.AbstractBeanFactory.doGetBean(AbstractBeanFactory.java:334)
	at org.springframework.beans.factory.support.AbstractBeanFactory.getBean(AbstractBeanFactory.java:199)
	at org.springframework.beans.factory.support.DefaultListableBeanFactory.doResolveDependency(DefaultListableBeanFactory.java:1573)
	at org.springframework.beans.factory.support.DefaultListableBeanFactory.resolveDependency(DefaultListableBeanFactory.java:1519)
	at org.springframework.beans.factory.annotation.AutowiredAnnotationBeanPostProcessor$AutowiredFieldElement.resolveFieldValue(AutowiredAnnotationBeanPostProcessor.java:785)
	at org.springframework.beans.factory.annotation.AutowiredAnnotationBeanPostProcessor$AutowiredFieldElement.inject(AutowiredAnnotationBeanPostProcessor.java:768)
	at org.springframework.beans.factory.annotation.InjectionMetadata.inject(InjectionMetadata.java:146)
	at org.springframework.beans.factory.annotation.AutowiredAnnotationBeanPostProcessor.postProcessProperties(AutowiredAnnotationBeanPostProcessor.java:509)
	at org.springframework.beans.factory.support.AbstractAutowireCapableBeanFactory.populateBean(AbstractAutowireCapableBeanFactory.java:1441)
	at org.springframework.beans.factory.support.AbstractAutowireCapableBeanFactory.doCreateBean(AbstractAutowireCapableBeanFactory.java:600)
	at org.springframework.beans.factory.support.AbstractAutowireCapableBeanFactory.createBean(AbstractAutowireCapableBeanFactory.java:523)
	at org.springframework.beans.factory.support.AbstractBeanFactory.lambda$doGetBean$0(AbstractBeanFactory.java:336)
	at org.springframework.beans.factory.support.DefaultSingletonBeanRegistry.getSingleton(DefaultSingletonBeanRegistry.java:289)
	at org.springframework.beans.factory.support.AbstractBeanFactory.doGetBean(AbstractBeanFactory.java:334)
	at org.springframework.beans.factory.support.AbstractBeanFactory.getBean(AbstractBeanFactory.java:199)
	at org.springframework.beans.factory.support.DefaultListableBeanFactory.instantiateSingleton(DefaultListableBeanFactory.java:1122)
	at org.springframework.beans.factory.support.DefaultListableBeanFactory.preInstantiateSingleton(DefaultListableBeanFactory.java:1093)
	at org.springframework.beans.factory.support.DefaultListableBeanFactory.preInstantiateSingletons(DefaultListableBeanFactory.java:1030)
	at org.springframework.context.support.AbstractApplicationContext.finishBeanFactoryInitialization(AbstractApplicationContext.java:987)
	at org.springframework.context.support.AbstractApplicationContext.refresh(AbstractApplicationContext.java:627)
	at org.springframework.boot.web.servlet.context.ServletWebServerApplicationContext.refresh(ServletWebServerApplicationContext.java:146)
	at org.springframework.boot.SpringApplication.refresh(SpringApplication.java:752)
	at org.springframework.boot.SpringApplication.refreshContext(SpringApplication.java:439)
	at org.springframework.boot.SpringApplication.run(SpringApplication.java:318)
	at org.springframework.boot.SpringApplication.run(SpringApplication.java:1361)
	at org.springframework.boot.SpringApplication.run(SpringApplication.java:1350)
	at com.ebac.modulo39.Modulo39Application.main(Modulo39Application.java:11)
14-04-2025 11:07:20,417-06:00 [main] DEBUG o.s.d.j.repository.query.NamedQuery - Did not find named query UsuarioLogin.findByUsernameAndPassword
14-04-2025 11:07:20,421-06:00 [main] DEBUG o.s.o.j.SharedEntityManagerCreator$SharedEntityManagerInvocationHandler - Creating new EntityManager for shared EntityManager invocation
14-04-2025 11:07:20,514-06:00 [main] DEBUG o.s.d.r.c.s.RepositoryFactorySupport - Finished creation of repository instance for com.ebac.modulo39.repository.UsuarioLoginRepository.
14-04-2025 11:07:20,532-06:00 [main] DEBUG o.s.b.f.s.DefaultListableBeanFactory - Creating shared instance of singleton bean 'telefonoController'
14-04-2025 11:07:20,537-06:00 [main] DEBUG o.s.b.f.s.DefaultListableBeanFactory - Creating shared instance of singleton bean 'telefonoService'
14-04-2025 11:07:20,540-06:00 [main] DEBUG o.s.b.f.s.DefaultListableBeanFactory - Creating shared instance of singleton bean 'telefonoRepository'
14-04-2025 11:07:20,543-06:00 [main] DEBUG o.s.b.f.s.DefaultListableBeanFactory - Creating shared instance of singleton bean 'jpa.named-queries#2'
14-04-2025 11:07:20,545-06:00 [main] DEBUG o.s.b.f.s.DefaultListableBeanFactory - Creating shared instance of singleton bean 'jpa.TelefonoRepository.fragments#0'
14-04-2025 11:07:20,547-06:00 [main] DEBUG o.s.o.j.SharedEntityManagerCreator$SharedEntityManagerInvocationHandler - Creating new EntityManager for shared EntityManager invocation
14-04-2025 11:07:20,566-06:00 [main] DEBUG o.s.d.r.c.s.RepositoryFactorySupport - Initializing repository instance for com.ebac.modulo39.repository.TelefonoRepository…
14-04-2025 11:07:20,567-06:00 [main] DEBUG o.s.o.j.SharedEntityManagerCreator$SharedEntityManagerInvocationHandler - Creating new EntityManager for shared EntityManager invocation
14-04-2025 11:07:20,575-06:00 [main] DEBUG o.s.d.r.c.s.RepositoryFactorySupport - Finished creation of repository instance for com.ebac.modulo39.repository.TelefonoRepository.
14-04-2025 11:07:20,578-06:00 [main] DEBUG o.s.b.f.s.DefaultListableBeanFactory - Creating shared instance of singleton bean 'usuarioService'
14-04-2025 11:07:20,578-06:00 [main] DEBUG o.s.b.f.s.DefaultListableBeanFactory - Creating shared instance of singleton bean 'usuarioRepository'
14-04-2025 11:07:20,582-06:00 [main] DEBUG o.s.b.f.s.DefaultListableBeanFactory - Creating shared instance of singleton bean 'jpa.named-queries#1'
14-04-2025 11:07:20,584-06:00 [main] DEBUG o.s.b.f.s.DefaultListableBeanFactory - Creating shared instance of singleton bean 'jpa.UsuarioRepository.fragments#0'
14-04-2025 11:07:20,586-06:00 [main] DEBUG o.s.o.j.SharedEntityManagerCreator$SharedEntityManagerInvocationHandler - Creating new EntityManager for shared EntityManager invocation
14-04-2025 11:07:20,587-06:00 [main] DEBUG o.s.d.r.c.s.RepositoryFactorySupport - Initializing repository instance for com.ebac.modulo39.repository.UsuarioRepository…
14-04-2025 11:07:20,587-06:00 [main] DEBUG o.s.o.j.SharedEntityManagerCreator$SharedEntityManagerInvocationHandler - Creating new EntityManager for shared EntityManager invocation
14-04-2025 11:07:20,600-06:00 [main] DEBUG o.s.d.r.c.s.RepositoryFactorySupport - Finished creation of repository instance for com.ebac.modulo39.repository.UsuarioRepository.
14-04-2025 11:07:20,605-06:00 [main] DEBUG o.s.b.f.s.DefaultListableBeanFactory - Creating shared instance of singleton bean 'usuarioController'
14-04-2025 11:07:20,607-06:00 [main] DEBUG o.s.b.f.s.DefaultListableBeanFactory - Creating shared instance of singleton bean 'corsConfigurer'
14-04-2025 11:07:20,609-06:00 [main] DEBUG o.s.b.f.s.DefaultListableBeanFactory - Creating shared instance of singleton bean 'org.springframework.boot.autoconfigure.context.PropertyPlaceholderAutoConfiguration'
14-04-2025 11:07:20,609-06:00 [main] DEBUG o.s.b.f.s.DefaultListableBeanFactory - Creating shared instance of singleton bean 'org.springframework.boot.context.properties.EnableConfigurationPropertiesRegistrar.methodValidationExcludeFilter'
14-04-2025 11:07:20,613-06:00 [main] DEBUG o.s.b.f.s.DefaultListableBeanFactory - Creating shared instance of singleton bean 'org.springframework.boot.autoconfigure.websocket.servlet.WebSocketServletAutoConfiguration'
14-04-2025 11:07:20,614-06:00 [main] DEBUG o.s.b.f.s.DefaultListableBeanFactory - Creating shared instance of singleton bean 'org.springframework.boot.autoconfigure.web.servlet.DispatcherServletAutoConfiguration'
14-04-2025 11:07:20,615-06:00 [main] DEBUG o.s.b.f.s.DefaultListableBeanFactory - Creating shared instance of singleton bean 'org.springframework.boot.autoconfigure.task.TaskExecutorConfigurations$ThreadPoolTaskExecutorBuilderConfiguration'
14-04-2025 11:07:20,617-06:00 [main] DEBUG o.s.b.f.s.DefaultListableBeanFactory - Creating shared instance of singleton bean 'threadPoolTaskExecutorBuilder'
14-04-2025 11:07:20,619-06:00 [main] DEBUG o.s.b.f.s.DefaultListableBeanFactory - Creating shared instance of singleton bean 'spring.task.execution-org.springframework.boot.autoconfigure.task.TaskExecutionProperties'
14-04-2025 11:07:20,658-06:00 [main] DEBUG o.s.b.f.s.DefaultListableBeanFactory - Autowiring by type from bean name 'threadPoolTaskExecutorBuilder' via factory method to bean named 'spring.task.execution-org.springframework.boot.autoconfigure.task.TaskExecutionProperties'
14-04-2025 11:07:20,670-06:00 [main] DEBUG o.s.b.f.s.DefaultListableBeanFactory - Creating shared instance of singleton bean 'org.springframework.boot.autoconfigure.task.TaskExecutorConfigurations$SimpleAsyncTaskExecutorBuilderConfiguration'
14-04-2025 11:07:20,673-06:00 [main] DEBUG o.s.b.f.s.DefaultListableBeanFactory - Autowiring by type from bean name 'org.springframework.boot.autoconfigure.task.TaskExecutorConfigurations$SimpleAsyncTaskExecutorBuilderConfiguration' via constructor to bean named 'spring.task.execution-org.springframework.boot.autoconfigure.task.TaskExecutionProperties'
14-04-2025 11:07:20,674-06:00 [main] DEBUG o.s.b.f.s.DefaultListableBeanFactory - Creating shared instance of singleton bean 'simpleAsyncTaskExecutorBuilder'
14-04-2025 11:07:20,678-06:00 [main] DEBUG o.s.b.f.s.DefaultListableBeanFactory - Creating shared instance of singleton bean 'org.springframework.boot.autoconfigure.task.TaskExecutorConfigurations$TaskExecutorConfiguration'
14-04-2025 11:07:20,682-06:00 [main] DEBUG o.s.b.f.s.DefaultListableBeanFactory - Creating shared instance of singleton bean 'org.springframework.boot.autoconfigure.task.TaskExecutionAutoConfiguration'
14-04-2025 11:07:20,683-06:00 [main] DEBUG o.s.b.f.s.DefaultListableBeanFactory - Creating shared instance of singleton bean 'org.springframework.boot.autoconfigure.web.servlet.error.ErrorMvcAutoConfiguration$WhitelabelErrorViewConfiguration'
14-04-2025 11:07:20,684-06:00 [main] DEBUG o.s.b.f.s.DefaultListableBeanFactory - Creating shared instance of singleton bean 'error'
14-04-2025 11:07:20,686-06:00 [main] DEBUG o.s.b.f.s.DefaultListableBeanFactory - Creating shared instance of singleton bean 'beanNameViewResolver'
14-04-2025 11:07:20,687-06:00 [main] DEBUG o.s.b.f.s.DefaultListableBeanFactory - Creating shared instance of singleton bean 'org.springframework.boot.autoconfigure.web.servlet.error.ErrorMvcAutoConfiguration$DefaultErrorViewResolverConfiguration'
14-04-2025 11:07:20,689-06:00 [main] DEBUG o.s.b.f.s.DefaultListableBeanFactory - Creating shared instance of singleton bean 'spring.web-org.springframework.boot.autoconfigure.web.WebProperties'
14-04-2025 11:07:20,696-06:00 [main] DEBUG o.s.b.f.s.DefaultListableBeanFactory - Autowiring by type from bean name 'org.springframework.boot.autoconfigure.web.servlet.error.ErrorMvcAutoConfiguration$DefaultErrorViewResolverConfiguration' via constructor to bean named 'org.springframework.boot.web.servlet.context.AnnotationConfigServletWebServerApplicationContext@45fd9a4d'
14-04-2025 11:07:20,697-06:00 [main] DEBUG o.s.b.f.s.DefaultListableBeanFactory - Autowiring by type from bean name 'org.springframework.boot.autoconfigure.web.servlet.error.ErrorMvcAutoConfiguration$DefaultErrorViewResolverConfiguration' via constructor to bean named 'spring.web-org.springframework.boot.autoconfigure.web.WebProperties'
14-04-2025 11:07:20,698-06:00 [main] DEBUG o.s.b.f.s.DefaultListableBeanFactory - Creating shared instance of singleton bean 'conventionErrorViewResolver'
14-04-2025 11:07:20,701-06:00 [main] DEBUG o.s.b.f.s.DefaultListableBeanFactory - Creating shared instance of singleton bean 'errorAttributes'
14-04-2025 11:07:20,706-06:00 [main] DEBUG o.s.b.f.s.DefaultListableBeanFactory - Creating shared instance of singleton bean 'basicErrorController'
14-04-2025 11:07:20,707-06:00 [main] DEBUG o.s.b.f.s.DefaultListableBeanFactory - Autowiring by type from bean name 'basicErrorController' via factory method to bean named 'errorAttributes'
14-04-2025 11:07:20,720-06:00 [main] DEBUG o.s.b.f.s.DefaultListableBeanFactory - Creating shared instance of singleton bean 'org.springframework.boot.autoconfigure.web.servlet.WebMvcAutoConfiguration$EnableWebMvcConfiguration'
14-04-2025 11:07:20,725-06:00 [main] DEBUG o.s.b.f.s.DefaultListableBeanFactory - Autowiring by type from bean name 'org.springframework.boot.autoconfigure.web.servlet.WebMvcAutoConfiguration$EnableWebMvcConfiguration' via constructor to bean named 'spring.mvc-org.springframework.boot.autoconfigure.web.servlet.WebMvcProperties'
14-04-2025 11:07:20,725-06:00 [main] DEBUG o.s.b.f.s.DefaultListableBeanFactory - Autowiring by type from bean name 'org.springframework.boot.autoconfigure.web.servlet.WebMvcAutoConfiguration$EnableWebMvcConfiguration' via constructor to bean named 'spring.web-org.springframework.boot.autoconfigure.web.WebProperties'
14-04-2025 11:07:20,726-06:00 [main] DEBUG o.s.b.f.s.DefaultListableBeanFactory - Autowiring by type from bean name 'org.springframework.boot.autoconfigure.web.servlet.WebMvcAutoConfiguration$EnableWebMvcConfiguration' via constructor to bean named 'org.springframework.beans.factory.support.DefaultListableBeanFactory@5778826f'
14-04-2025 11:07:20,735-06:00 [main] DEBUG o.s.b.f.s.DefaultListableBeanFactory - Creating shared instance of singleton bean 'org.springframework.boot.autoconfigure.web.servlet.WebMvcAutoConfiguration$WebMvcAutoConfigurationAdapter'
14-04-2025 11:07:20,739-06:00 [main] DEBUG o.s.b.f.s.DefaultListableBeanFactory - Autowiring by type from bean name 'org.springframework.boot.autoconfigure.web.servlet.WebMvcAutoConfiguration$WebMvcAutoConfigurationAdapter' via constructor to bean named 'spring.web-org.springframework.boot.autoconfigure.web.WebProperties'
14-04-2025 11:07:20,740-06:00 [main] DEBUG o.s.b.f.s.DefaultListableBeanFactory - Autowiring by type from bean name 'org.springframework.boot.autoconfigure.web.servlet.WebMvcAutoConfiguration$WebMvcAutoConfigurationAdapter' via constructor to bean named 'spring.mvc-org.springframework.boot.autoconfigure.web.servlet.WebMvcProperties'
14-04-2025 11:07:20,740-06:00 [main] DEBUG o.s.b.f.s.DefaultListableBeanFactory - Autowiring by type from bean name 'org.springframework.boot.autoconfigure.web.servlet.WebMvcAutoConfiguration$WebMvcAutoConfigurationAdapter' via constructor to bean named 'org.springframework.beans.factory.support.DefaultListableBeanFactory@5778826f'
14-04-2025 11:07:20,743-06:00 [main] DEBUG o.s.b.f.s.DefaultListableBeanFactory - Creating shared instance of singleton bean 'openEntityManagerInViewInterceptorConfigurer'
14-04-2025 11:07:20,743-06:00 [main] DEBUG o.s.b.f.s.DefaultListableBeanFactory - Creating shared instance of singleton bean 'org.springframework.boot.autoconfigure.orm.jpa.JpaBaseConfiguration$JpaWebConfiguration'
14-04-2025 11:07:20,743-06:00 [main] DEBUG o.s.b.f.s.DefaultListableBeanFactory - Autowiring by type from bean name 'org.springframework.boot.autoconfigure.orm.jpa.JpaBaseConfiguration$JpaWebConfiguration' via constructor to bean named 'spring.jpa-org.springframework.boot.autoconfigure.orm.jpa.JpaProperties'
14-04-2025 11:07:20,749-06:00 [main] DEBUG o.s.b.f.s.DefaultListableBeanFactory - Creating shared instance of singleton bean 'openEntityManagerInViewInterceptor'
14-04-2025 11:07:20,750-06:00 [main] WARN  o.s.b.a.o.j.JpaBaseConfiguration$JpaWebConfiguration - spring.jpa.open-in-view is enabled by default. Therefore, database queries may be performed during view rendering. Explicitly configure spring.jpa.open-in-view to disable this warning
14-04-2025 11:07:20,753-06:00 [main] DEBUG o.s.b.f.s.DefaultListableBeanFactory - Autowiring by type from bean name 'openEntityManagerInViewInterceptorConfigurer' via factory method to bean named 'openEntityManagerInViewInterceptor'
14-04-2025 11:07:20,755-06:00 [main] DEBUG o.s.b.f.s.DefaultListableBeanFactory - Creating shared instance of singleton bean 'org.springframework.data.web.config.SpringDataWebConfiguration'
14-04-2025 11:07:20,755-06:00 [main] DEBUG o.s.b.f.s.DefaultListableBeanFactory - Autowiring by type from bean name 'org.springframework.data.web.config.SpringDataWebConfiguration' via constructor to bean named 'org.springframework.boot.web.servlet.context.AnnotationConfigServletWebServerApplicationContext@45fd9a4d'
14-04-2025 11:07:20,764-06:00 [main] DEBUG o.s.b.f.s.DefaultListableBeanFactory - Creating shared instance of singleton bean 'welcomePageHandlerMapping'
14-04-2025 11:07:20,765-06:00 [main] DEBUG o.s.b.f.s.DefaultListableBeanFactory - Creating shared instance of singleton bean 'mvcConversionService'
14-04-2025 11:07:20,781-06:00 [main] DEBUG o.s.b.f.s.DefaultListableBeanFactory - Creating shared instance of singleton bean 'mvcResourceUrlProvider'
14-04-2025 11:07:20,785-06:00 [main] DEBUG o.s.b.f.s.DefaultListableBeanFactory - Autowiring by type from bean name 'welcomePageHandlerMapping' via factory method to bean named 'org.springframework.boot.web.servlet.context.AnnotationConfigServletWebServerApplicationContext@45fd9a4d'
14-04-2025 11:07:20,785-06:00 [main] DEBUG o.s.b.f.s.DefaultListableBeanFactory - Autowiring by type from bean name 'welcomePageHandlerMapping' via factory method to bean named 'mvcConversionService'
14-04-2025 11:07:20,786-06:00 [main] DEBUG o.s.b.f.s.DefaultListableBeanFactory - Autowiring by type from bean name 'welcomePageHandlerMapping' via factory method to bean named 'mvcResourceUrlProvider'
14-04-2025 11:07:20,817-06:00 [main] DEBUG o.s.b.f.s.DefaultListableBeanFactory - Creating shared instance of singleton bean 'welcomePageNotAcceptableHandlerMapping'
14-04-2025 11:07:20,817-06:00 [main] DEBUG o.s.b.f.s.DefaultListableBeanFactory - Autowiring by type from bean name 'welcomePageNotAcceptableHandlerMapping' via factory method to bean named 'org.springframework.boot.web.servlet.context.AnnotationConfigServletWebServerApplicationContext@45fd9a4d'
14-04-2025 11:07:20,817-06:00 [main] DEBUG o.s.b.f.s.DefaultListableBeanFactory - Autowiring by type from bean name 'welcomePageNotAcceptableHandlerMapping' via factory method to bean named 'mvcConversionService'
14-04-2025 11:07:20,817-06:00 [main] DEBUG o.s.b.f.s.DefaultListableBeanFactory - Autowiring by type from bean name 'welcomePageNotAcceptableHandlerMapping' via factory method to bean named 'mvcResourceUrlProvider'
14-04-2025 11:07:20,832-06:00 [main] DEBUG o.s.b.f.s.DefaultListableBeanFactory - Creating shared instance of singleton bean 'localeResolver'
14-04-2025 11:07:20,836-06:00 [main] DEBUG o.s.b.f.s.DefaultListableBeanFactory - Creating shared instance of singleton bean 'themeResolver'
14-04-2025 11:07:20,838-06:00 [main] DEBUG o.s.b.f.s.DefaultListableBeanFactory - Creating shared instance of singleton bean 'flashMapManager'
14-04-2025 11:07:20,842-06:00 [main] DEBUG o.s.b.f.s.DefaultListableBeanFactory - Creating shared instance of singleton bean 'viewNameTranslator'
14-04-2025 11:07:20,846-06:00 [main] DEBUG o.s.b.f.s.DefaultListableBeanFactory - Creating shared instance of singleton bean 'mvcValidator'
14-04-2025 11:07:20,850-06:00 [main] DEBUG o.s.b.f.s.DefaultListableBeanFactory - Creating shared instance of singleton bean 'mvcContentNegotiationManager'
14-04-2025 11:07:20,851-06:00 [main] DEBUG o.s.b.f.s.DefaultListableBeanFactory - Creating shared instance of singleton bean 'requestMappingHandlerMapping'
14-04-2025 11:07:20,861-06:00 [main] DEBUG o.s.b.f.s.DefaultListableBeanFactory - Autowiring by type from bean name 'requestMappingHandlerMapping' via factory method to bean named 'mvcContentNegotiationManager'
14-04-2025 11:07:20,862-06:00 [main] DEBUG o.s.b.f.s.DefaultListableBeanFactory - Autowiring by type from bean name 'requestMappingHandlerMapping' via factory method to bean named 'mvcConversionService'
14-04-2025 11:07:20,862-06:00 [main] DEBUG o.s.b.f.s.DefaultListableBeanFactory - Autowiring by type from bean name 'requestMappingHandlerMapping' via factory method to bean named 'mvcResourceUrlProvider'
14-04-2025 11:07:20,898-06:00 [main] DEBUG _.s.w.s.HandlerMapping.Mappings - 
	c.e.m.c.LoginController:
	{GET [/logout]}: logout(HttpServletRequest,HttpServletResponse)
	{POST [/login]}: login(UsuarioLogin)
14-04-2025 11:07:20,898-06:00 [main] DEBUG _.s.w.s.HandlerMapping.Mappings - 
	c.e.m.c.TelefonoController:
	{DELETE [/telefonos/{id}]}: eliminarTelefono(Long)
	{PUT [/telefonos/{id}]}: actualizarTelefono(Long,Telefono)
	{POST [/telefonos]}: crearTelefono(Telefono)
	{GET [/telefonos]}: obtenerTelefonos()
	{GET [/telefonos/{id}]}: obtenerTelefonoPorId(Long)
14-04-2025 11:07:20,916-06:00 [main] DEBUG _.s.w.s.HandlerMapping.Mappings - 
	c.e.m.c.UsuarioController:
	{GET [/usuarios]}: obtenerUsuarios()
	{DELETE [/usuarios/{id}]}: eliminarUsuario(Long)
	{PUT [/usuarios/{id}]}: actualizarUsuario(Long,Usuario)
	{POST [/usuarios]}: crearUsuario(Usuario)
	{GET [/usuarios/{id}]}: obtenerUsuarioPorId(Long)
14-04-2025 11:07:20,920-06:00 [main] DEBUG _.s.w.s.HandlerMapping.Mappings - 
	o.s.b.a.w.s.e.BasicErrorController:
	{ [/error]}: error(HttpServletRequest)
	{ [/error], produces [text/html]}: errorHtml(HttpServletRequest,HttpServletResponse)
14-04-2025 11:07:20,927-06:00 [main] DEBUG o.s.w.s.m.m.a.RequestMappingHandlerMapping - 14 mappings in 'requestMappingHandlerMapping'
14-04-2025 11:07:20,936-06:00 [main] DEBUG o.s.b.f.s.DefaultListableBeanFactory - Creating shared instance of singleton bean 'mvcPatternParser'
14-04-2025 11:07:20,941-06:00 [main] DEBUG o.s.b.f.s.DefaultListableBeanFactory - Creating shared instance of singleton bean 'mvcUrlPathHelper'
14-04-2025 11:07:20,942-06:00 [main] DEBUG o.s.b.f.s.DefaultListableBeanFactory - Creating shared instance of singleton bean 'mvcPathMatcher'
14-04-2025 11:07:20,944-06:00 [main] DEBUG o.s.b.f.s.DefaultListableBeanFactory - Creating shared instance of singleton bean 'viewControllerHandlerMapping'
14-04-2025 11:07:20,945-06:00 [main] DEBUG o.s.b.f.s.DefaultListableBeanFactory - Autowiring by type from bean name 'viewControllerHandlerMapping' via factory method to bean named 'mvcConversionService'
14-04-2025 11:07:20,948-06:00 [main] DEBUG o.s.b.f.s.DefaultListableBeanFactory - Autowiring by type from bean name 'viewControllerHandlerMapping' via factory method to bean named 'mvcResourceUrlProvider'
14-04-2025 11:07:20,949-06:00 [main] DEBUG o.s.b.f.s.DefaultListableBeanFactory - Creating shared instance of singleton bean 'beanNameHandlerMapping'
14-04-2025 11:07:20,951-06:00 [main] DEBUG o.s.b.f.s.DefaultListableBeanFactory - Autowiring by type from bean name 'beanNameHandlerMapping' via factory method to bean named 'mvcConversionService'
14-04-2025 11:07:20,951-06:00 [main] DEBUG o.s.b.f.s.DefaultListableBeanFactory - Autowiring by type from bean name 'beanNameHandlerMapping' via factory method to bean named 'mvcResourceUrlProvider'
14-04-2025 11:07:20,954-06:00 [main] DEBUG _.s.w.s.HandlerMapping.Mappings - 'beanNameHandlerMapping' {}
14-04-2025 11:07:20,957-06:00 [main] DEBUG o.s.b.f.s.DefaultListableBeanFactory - Creating shared instance of singleton bean 'routerFunctionMapping'
14-04-2025 11:07:20,959-06:00 [main] DEBUG o.s.b.f.s.DefaultListableBeanFactory - Autowiring by type from bean name 'routerFunctionMapping' via factory method to bean named 'mvcConversionService'
14-04-2025 11:07:20,959-06:00 [main] DEBUG o.s.b.f.s.DefaultListableBeanFactory - Autowiring by type from bean name 'routerFunctionMapping' via factory method to bean named 'mvcResourceUrlProvider'
14-04-2025 11:07:20,963-06:00 [main] DEBUG o.s.b.f.s.DefaultListableBeanFactory - Creating shared instance of singleton bean 'messageConverters'
14-04-2025 11:07:20,964-06:00 [main] DEBUG o.s.b.f.s.DefaultListableBeanFactory - Creating shared instance of singleton bean 'org.springframework.boot.autoconfigure.http.HttpMessageConvertersAutoConfiguration'
14-04-2025 11:07:20,969-06:00 [main] DEBUG o.s.b.f.s.DefaultListableBeanFactory - Creating shared instance of singleton bean 'stringHttpMessageConverter'
14-04-2025 11:07:20,970-06:00 [main] DEBUG o.s.b.f.s.DefaultListableBeanFactory - Creating shared instance of singleton bean 'org.springframework.boot.autoconfigure.http.HttpMessageConvertersAutoConfiguration$StringHttpMessageConverterConfiguration'
14-04-2025 11:07:20,972-06:00 [main] DEBUG o.s.b.f.s.DefaultListableBeanFactory - Autowiring by type from bean name 'stringHttpMessageConverter' via factory method to bean named 'environment'
14-04-2025 11:07:20,973-06:00 [main] DEBUG o.s.b.f.s.DefaultListableBeanFactory - Creating shared instance of singleton bean 'mappingJackson2HttpMessageConverter'
14-04-2025 11:07:20,973-06:00 [main] DEBUG o.s.b.f.s.DefaultListableBeanFactory - Creating shared instance of singleton bean 'org.springframework.boot.autoconfigure.http.JacksonHttpMessageConvertersConfiguration$MappingJackson2HttpMessageConverterConfiguration'
14-04-2025 11:07:20,973-06:00 [main] DEBUG o.s.b.f.s.DefaultListableBeanFactory - Creating shared instance of singleton bean 'jacksonObjectMapper'
14-04-2025 11:07:20,973-06:00 [main] DEBUG o.s.b.f.s.DefaultListableBeanFactory - Creating shared instance of singleton bean 'org.springframework.boot.autoconfigure.jackson.JacksonAutoConfiguration$JacksonObjectMapperConfiguration'
14-04-2025 11:07:20,983-06:00 [main] DEBUG o.s.b.f.s.DefaultListableBeanFactory - Creating shared instance of singleton bean 'org.springframework.boot.autoconfigure.jackson.JacksonAutoConfiguration$JacksonObjectMapperBuilderConfiguration'
14-04-2025 11:07:20,985-06:00 [main] DEBUG o.s.b.f.s.DefaultListableBeanFactory - Creating shared instance of singleton bean 'standardJacksonObjectMapperBuilderCustomizer'
14-04-2025 11:07:20,985-06:00 [main] DEBUG o.s.b.f.s.DefaultListableBeanFactory - Creating shared instance of singleton bean 'org.springframework.boot.autoconfigure.jackson.JacksonAutoConfiguration$Jackson2ObjectMapperBuilderCustomizerConfiguration'
14-04-2025 11:07:20,985-06:00 [main] DEBUG o.s.b.f.s.DefaultListableBeanFactory - Creating shared instance of singleton bean 'spring.jackson-org.springframework.boot.autoconfigure.jackson.JacksonProperties'
14-04-2025 11:07:20,985-06:00 [main] DEBUG o.s.b.f.s.DefaultListableBeanFactory - Autowiring by type from bean name 'standardJacksonObjectMapperBuilderCustomizer' via factory method to bean named 'spring.jackson-org.springframework.boot.autoconfigure.jackson.JacksonProperties'
14-04-2025 11:07:20,985-06:00 [main] DEBUG o.s.b.f.s.DefaultListableBeanFactory - Creating shared instance of singleton bean 'parameterNamesModule'
14-04-2025 11:07:20,985-06:00 [main] DEBUG o.s.b.f.s.DefaultListableBeanFactory - Creating shared instance of singleton bean 'org.springframework.boot.autoconfigure.jackson.JacksonAutoConfiguration$ParameterNamesModuleConfiguration'
14-04-2025 11:07:21,000-06:00 [main] DEBUG o.s.b.f.s.DefaultListableBeanFactory - Creating shared instance of singleton bean 'jsonMixinModule'
14-04-2025 11:07:21,001-06:00 [main] DEBUG o.s.b.f.s.DefaultListableBeanFactory - Creating shared instance of singleton bean 'org.springframework.boot.autoconfigure.jackson.JacksonAutoConfiguration$JacksonMixinConfiguration'
14-04-2025 11:07:21,006-06:00 [main] DEBUG o.s.b.f.s.DefaultListableBeanFactory - Creating shared instance of singleton bean 'jsonMixinModuleEntries'
14-04-2025 11:07:21,007-06:00 [main] DEBUG o.s.b.f.s.DefaultListableBeanFactory - Autowiring by type from bean name 'jsonMixinModuleEntries' via factory method to bean named 'org.springframework.boot.web.servlet.context.AnnotationConfigServletWebServerApplicationContext@45fd9a4d'
14-04-2025 11:07:21,020-06:00 [main] DEBUG o.s.b.f.s.DefaultListableBeanFactory - Autowiring by type from bean name 'jsonMixinModule' via factory method to bean named 'org.springframework.boot.web.servlet.context.AnnotationConfigServletWebServerApplicationContext@45fd9a4d'
14-04-2025 11:07:21,020-06:00 [main] DEBUG o.s.b.f.s.DefaultListableBeanFactory - Autowiring by type from bean name 'jsonMixinModule' via factory method to bean named 'jsonMixinModuleEntries'
14-04-2025 11:07:21,023-06:00 [main] DEBUG o.s.b.f.s.DefaultListableBeanFactory - Creating shared instance of singleton bean 'jsonComponentModule'
14-04-2025 11:07:21,024-06:00 [main] DEBUG o.s.b.f.s.DefaultListableBeanFactory - Creating shared instance of singleton bean 'org.springframework.boot.autoconfigure.jackson.JacksonAutoConfiguration'
14-04-2025 11:07:21,032-06:00 [main] DEBUG o.s.b.f.s.DefaultListableBeanFactory - Creating shared instance of singleton bean 'jacksonGeoModule'
14-04-2025 11:07:21,033-06:00 [main] DEBUG o.s.b.f.s.DefaultListableBeanFactory - Creating shared instance of singleton bean 'org.springframework.data.web.config.SpringDataJacksonConfiguration'
14-04-2025 11:07:21,036-06:00 [main] DEBUG o.s.b.f.s.DefaultListableBeanFactory - Creating shared instance of singleton bean 'springDataWebSettings'
14-04-2025 11:07:21,036-06:00 [main] DEBUG o.s.b.f.s.DefaultListableBeanFactory - Creating shared instance of singleton bean 'org.springframework.boot.autoconfigure.data.web.SpringDataWebAutoConfiguration'
14-04-2025 11:07:21,037-06:00 [main] DEBUG o.s.b.f.s.DefaultListableBeanFactory - Creating shared instance of singleton bean 'spring.data.web-org.springframework.boot.autoconfigure.data.web.SpringDataWebProperties'
14-04-2025 11:07:21,039-06:00 [main] DEBUG o.s.b.f.s.DefaultListableBeanFactory - Autowiring by type from bean name 'org.springframework.boot.autoconfigure.data.web.SpringDataWebAutoConfiguration' via constructor to bean named 'spring.data.web-org.springframework.boot.autoconfigure.data.web.SpringDataWebProperties'
14-04-2025 11:07:21,054-06:00 [main] DEBUG o.s.b.f.s.DefaultListableBeanFactory - Creating shared instance of singleton bean 'pageModule'
14-04-2025 11:07:21,057-06:00 [main] DEBUG o.s.b.f.s.DefaultListableBeanFactory - Autowiring by type from bean name 'jacksonObjectMapperBuilder' via factory method to bean named 'org.springframework.boot.web.servlet.context.AnnotationConfigServletWebServerApplicationContext@45fd9a4d'
14-04-2025 11:07:21,057-06:00 [main] DEBUG o.s.b.f.s.DefaultListableBeanFactory - Autowiring by type from bean name 'jacksonObjectMapperBuilder' via factory method to bean named 'standardJacksonObjectMapperBuilderCustomizer'
14-04-2025 11:07:21,062-06:00 [main] DEBUG o.s.b.f.s.DefaultListableBeanFactory - Autowiring by type from bean name 'jacksonObjectMapper' via factory method to bean named 'jacksonObjectMapperBuilder'
14-04-2025 11:07:21,078-06:00 [main] DEBUG o.s.b.f.s.DefaultListableBeanFactory - Autowiring by type from bean name 'mappingJackson2HttpMessageConverter' via factory method to bean named 'jacksonObjectMapper'
14-04-2025 11:07:21,089-06:00 [main] DEBUG o.s.b.f.s.DefaultListableBeanFactory - Creating shared instance of singleton bean 'resourceHandlerMapping'
14-04-2025 11:07:21,098-06:00 [main] DEBUG o.s.b.f.s.DefaultListableBeanFactory - Autowiring by type from bean name 'resourceHandlerMapping' via factory method to bean named 'mvcContentNegotiationManager'
14-04-2025 11:07:21,098-06:00 [main] DEBUG o.s.b.f.s.DefaultListableBeanFactory - Autowiring by type from bean name 'resourceHandlerMapping' via factory method to bean named 'mvcConversionService'
14-04-2025 11:07:21,098-06:00 [main] DEBUG o.s.b.f.s.DefaultListableBeanFactory - Autowiring by type from bean name 'resourceHandlerMapping' via factory method to bean named 'mvcResourceUrlProvider'
14-04-2025 11:07:21,118-06:00 [main] DEBUG _.s.w.s.HandlerMapping.Mappings - 'resourceHandlerMapping' {/webjars/**=ResourceHttpRequestHandler [classpath [META-INF/resources/webjars/]], /**=ResourceHttpRequestHandler [classpath [META-INF/resources/], classpath [resources/], classpath [static/], classpath [public/], ServletContext [/]]}
14-04-2025 11:07:21,120-06:00 [main] DEBUG o.s.b.f.s.DefaultListableBeanFactory - Creating shared instance of singleton bean 'defaultServletHandlerMapping'
14-04-2025 11:07:21,121-06:00 [main] DEBUG o.s.b.f.s.DefaultListableBeanFactory - Creating shared instance of singleton bean 'requestMappingHandlerAdapter'
14-04-2025 11:07:21,122-06:00 [main] DEBUG o.s.b.f.s.DefaultListableBeanFactory - Autowiring by type from bean name 'requestMappingHandlerAdapter' via factory method to bean named 'mvcContentNegotiationManager'
14-04-2025 11:07:21,122-06:00 [main] DEBUG o.s.b.f.s.DefaultListableBeanFactory - Autowiring by type from bean name 'requestMappingHandlerAdapter' via factory method to bean named 'mvcConversionService'
14-04-2025 11:07:21,122-06:00 [main] DEBUG o.s.b.f.s.DefaultListableBeanFactory - Autowiring by type from bean name 'requestMappingHandlerAdapter' via factory method to bean named 'mvcValidator'
14-04-2025 11:07:21,131-06:00 [main] DEBUG o.s.b.f.s.DefaultListableBeanFactory - Creating shared instance of singleton bean 'sortResolver'
14-04-2025 11:07:21,133-06:00 [main] DEBUG o.s.b.f.s.DefaultListableBeanFactory - Creating shared instance of singleton bean 'sortCustomizer'
14-04-2025 11:07:21,136-06:00 [main] DEBUG o.s.b.f.s.DefaultListableBeanFactory - Creating shared instance of singleton bean 'pageableResolver'
14-04-2025 11:07:21,139-06:00 [main] DEBUG o.s.b.f.s.DefaultListableBeanFactory - Creating shared instance of singleton bean 'pageableCustomizer'
14-04-2025 11:07:21,150-06:00 [main] DEBUG o.s.b.f.s.DefaultListableBeanFactory - Creating shared instance of singleton bean 'applicationTaskExecutor'
14-04-2025 11:07:21,150-06:00 [main] DEBUG o.s.b.f.s.DefaultListableBeanFactory - Autowiring by type from bean name 'applicationTaskExecutor' via factory method to bean named 'threadPoolTaskExecutorBuilder'
14-04-2025 11:07:21,160-06:00 [main] DEBUG o.s.s.c.ThreadPoolTaskExecutor - Initializing ExecutorService 'applicationTaskExecutor'
14-04-2025 11:07:21,172-06:00 [main] DEBUG o.s.w.s.m.m.a.RequestMappingHandlerAdapter - ControllerAdvice beans: 0 @ModelAttribute, 0 @InitBinder, 1 RequestBodyAdvice, 1 ResponseBodyAdvice
14-04-2025 11:07:21,201-06:00 [main] DEBUG o.s.b.f.s.DefaultListableBeanFactory - Creating shared instance of singleton bean 'mvcViewResolver'
14-04-2025 11:07:21,202-06:00 [main] DEBUG o.s.b.f.s.DefaultListableBeanFactory - Autowiring by type from bean name 'mvcViewResolver' via factory method to bean named 'mvcContentNegotiationManager'
14-04-2025 11:07:21,206-06:00 [main] DEBUG o.s.b.f.s.DefaultListableBeanFactory - Creating shared instance of singleton bean 'defaultViewResolver'
14-04-2025 11:07:21,215-06:00 [main] DEBUG o.s.b.f.s.DefaultListableBeanFactory - Creating shared instance of singleton bean 'viewResolver'
14-04-2025 11:07:21,216-06:00 [main] DEBUG o.s.b.f.s.DefaultListableBeanFactory - Autowiring by type from bean name 'viewResolver' via factory method to bean named 'org.springframework.beans.factory.support.DefaultListableBeanFactory@5778826f'
14-04-2025 11:07:21,218-06:00 [main] DEBUG o.s.b.f.s.DefaultListableBeanFactory - Creating shared instance of singleton bean 'viewResolver'
14-04-2025 11:07:21,229-06:00 [main] DEBUG o.s.b.f.s.DefaultListableBeanFactory - Creating shared instance of singleton bean 'handlerFunctionAdapter'
14-04-2025 11:07:21,232-06:00 [main] DEBUG o.s.b.f.s.DefaultListableBeanFactory - Creating shared instance of singleton bean 'mvcUriComponentsContributor'
14-04-2025 11:07:21,233-06:00 [main] DEBUG o.s.b.f.s.DefaultListableBeanFactory - Autowiring by type from bean name 'mvcUriComponentsContributor' via factory method to bean named 'mvcConversionService'
14-04-2025 11:07:21,234-06:00 [main] DEBUG o.s.b.f.s.DefaultListableBeanFactory - Autowiring by type from bean name 'mvcUriComponentsContributor' via factory method to bean named 'requestMappingHandlerAdapter'
14-04-2025 11:07:21,237-06:00 [main] DEBUG o.s.b.f.s.DefaultListableBeanFactory - Creating shared instance of singleton bean 'httpRequestHandlerAdapter'
14-04-2025 11:07:21,238-06:00 [main] DEBUG o.s.b.f.s.DefaultListableBeanFactory - Creating shared instance of singleton bean 'simpleControllerHandlerAdapter'
14-04-2025 11:07:21,239-06:00 [main] DEBUG o.s.b.f.s.DefaultListableBeanFactory - Creating shared instance of singleton bean 'handlerExceptionResolver'
14-04-2025 11:07:21,240-06:00 [main] DEBUG o.s.b.f.s.DefaultListableBeanFactory - Autowiring by type from bean name 'handlerExceptionResolver' via factory method to bean named 'mvcContentNegotiationManager'
14-04-2025 11:07:21,245-06:00 [main] DEBUG o.s.w.s.m.m.a.ExceptionHandlerExceptionResolver - ControllerAdvice beans: 0 @ExceptionHandler, 1 ResponseBodyAdvice
14-04-2025 11:07:21,250-06:00 [main] DEBUG o.s.b.f.s.DefaultListableBeanFactory - Creating shared instance of singleton bean 'org.springframework.boot.autoconfigure.aop.AopAutoConfiguration$AspectJAutoProxyingConfiguration$CglibAutoProxyConfiguration'
14-04-2025 11:07:21,251-06:00 [main] DEBUG o.s.b.f.s.DefaultListableBeanFactory - Creating shared instance of singleton bean 'org.springframework.boot.autoconfigure.aop.AopAutoConfiguration$AspectJAutoProxyingConfiguration'
14-04-2025 11:07:21,252-06:00 [main] DEBUG o.s.b.f.s.DefaultListableBeanFactory - Creating shared instance of singleton bean 'org.springframework.boot.autoconfigure.aop.AopAutoConfiguration'
14-04-2025 11:07:21,252-06:00 [main] DEBUG o.s.b.f.s.DefaultListableBeanFactory - Creating shared instance of singleton bean 'org.springframework.boot.autoconfigure.availability.ApplicationAvailabilityAutoConfiguration'
14-04-2025 11:07:21,253-06:00 [main] DEBUG o.s.b.f.s.DefaultListableBeanFactory - Creating shared instance of singleton bean 'applicationAvailability'
14-04-2025 11:07:21,255-06:00 [main] DEBUG o.s.b.f.s.DefaultListableBeanFactory - Creating shared instance of singleton bean 'org.springframework.boot.autoconfigure.transaction.jta.JtaAutoConfiguration'
14-04-2025 11:07:21,256-06:00 [main] DEBUG o.s.b.f.s.DefaultListableBeanFactory - Creating shared instance of singleton bean 'org.springframework.boot.autoconfigure.jdbc.DataSourceJmxConfiguration$Hikari'
14-04-2025 11:07:21,258-06:00 [main] DEBUG o.s.b.f.s.DefaultListableBeanFactory - Autowiring by type from bean name 'org.springframework.boot.autoconfigure.jdbc.DataSourceJmxConfiguration$Hikari' via constructor to bean named 'dataSource'
14-04-2025 11:07:21,260-06:00 [main] DEBUG o.s.b.f.s.DefaultListableBeanFactory - Creating shared instance of singleton bean 'org.springframework.boot.autoconfigure.jdbc.DataSourceJmxConfiguration'
14-04-2025 11:07:21,261-06:00 [main] DEBUG o.s.b.f.s.DefaultListableBeanFactory - Creating shared instance of singleton bean 'org.springframework.boot.autoconfigure.jdbc.metadata.DataSourcePoolMetadataProvidersConfiguration'
14-04-2025 11:07:21,262-06:00 [main] DEBUG o.s.b.f.s.DefaultListableBeanFactory - Creating shared instance of singleton bean 'org.springframework.boot.autoconfigure.jdbc.DataSourceAutoConfiguration'
14-04-2025 11:07:21,263-06:00 [main] DEBUG o.s.b.f.s.DefaultListableBeanFactory - Creating shared instance of singleton bean 'org.springframework.boot.autoconfigure.transaction.TransactionManagerCustomizationAutoConfiguration'
14-04-2025 11:07:21,264-06:00 [main] DEBUG o.s.b.f.s.DefaultListableBeanFactory - Creating shared instance of singleton bean 'platformTransactionManagerCustomizers'
14-04-2025 11:07:21,265-06:00 [main] DEBUG o.s.b.f.s.DefaultListableBeanFactory - Creating shared instance of singleton bean 'transactionExecutionListeners'
14-04-2025 11:07:21,276-06:00 [main] DEBUG o.s.b.f.s.DefaultListableBeanFactory - Creating shared instance of singleton bean 'spring.transaction-org.springframework.boot.autoconfigure.transaction.TransactionProperties'
14-04-2025 11:07:21,282-06:00 [main] DEBUG o.s.b.f.s.DefaultListableBeanFactory - Creating shared instance of singleton bean 'org.springframework.boot.autoconfigure.orm.jpa.JpaBaseConfiguration$PersistenceManagedTypesConfiguration'
14-04-2025 11:07:21,284-06:00 [main] DEBUG o.s.b.f.s.DefaultListableBeanFactory - Creating shared instance of singleton bean 'transactionManager'
14-04-2025 11:07:21,296-06:00 [main] DEBUG o.s.b.f.s.DefaultListableBeanFactory - Creating shared instance of singleton bean 'org.springframework.boot.autoconfigure.orm.jpa.HibernateJpaAutoConfiguration'
14-04-2025 11:07:21,297-06:00 [main] DEBUG o.s.b.f.s.DefaultListableBeanFactory - Creating shared instance of singleton bean 'org.springframework.boot.autoconfigure.context.ConfigurationPropertiesAutoConfiguration'
14-04-2025 11:07:21,298-06:00 [main] DEBUG o.s.b.f.s.DefaultListableBeanFactory - Creating shared instance of singleton bean 'org.springframework.boot.autoconfigure.context.LifecycleAutoConfiguration'
14-04-2025 11:07:21,298-06:00 [main] DEBUG o.s.b.f.s.DefaultListableBeanFactory - Creating shared instance of singleton bean 'lifecycleProcessor'
14-04-2025 11:07:21,299-06:00 [main] DEBUG o.s.b.f.s.DefaultListableBeanFactory - Creating shared instance of singleton bean 'spring.lifecycle-org.springframework.boot.autoconfigure.context.LifecycleProperties'
14-04-2025 11:07:21,301-06:00 [main] DEBUG o.s.b.f.s.DefaultListableBeanFactory - Autowiring by type from bean name 'lifecycleProcessor' via factory method to bean named 'spring.lifecycle-org.springframework.boot.autoconfigure.context.LifecycleProperties'
14-04-2025 11:07:21,304-06:00 [main] DEBUG o.s.b.f.s.DefaultListableBeanFactory - Creating shared instance of singleton bean 'org.springframework.boot.autoconfigure.dao.PersistenceExceptionTranslationAutoConfiguration'
14-04-2025 11:07:21,305-06:00 [main] DEBUG o.s.b.f.s.DefaultListableBeanFactory - Creating shared instance of singleton bean 'org.springframework.boot.autoconfigure.data.jpa.JpaRepositoriesAutoConfiguration'
14-04-2025 11:07:21,306-06:00 [main] DEBUG o.s.b.f.s.DefaultListableBeanFactory - Creating shared instance of singleton bean 'org.springframework.data.jpa.util.JpaMetamodelCacheCleanup'
14-04-2025 11:07:21,307-06:00 [main] DEBUG o.s.b.f.s.DefaultListableBeanFactory - Creating shared instance of singleton bean 'org.springframework.data.jpa.repository.support.JpaEvaluationContextExtension'
14-04-2025 11:07:21,311-06:00 [main] DEBUG o.s.b.f.s.DefaultListableBeanFactory - Creating shared instance of singleton bean 'data-jpa.repository-aot-processor#0'
14-04-2025 11:07:21,319-06:00 [main] DEBUG o.s.b.f.s.DefaultListableBeanFactory - Creating shared instance of singleton bean 'org.springframework.boot.autoconfigure.http.JacksonHttpMessageConvertersConfiguration'
14-04-2025 11:07:21,322-06:00 [main] DEBUG o.s.b.f.s.DefaultListableBeanFactory - Creating shared instance of singleton bean 'org.springframework.data.web.config.ProjectingArgumentResolverRegistrar'
14-04-2025 11:07:21,323-06:00 [main] DEBUG o.s.b.f.s.DefaultListableBeanFactory - Creating shared instance of singleton bean 'offsetResolver'
14-04-2025 11:07:21,325-06:00 [main] DEBUG o.s.b.f.s.DefaultListableBeanFactory - Creating shared instance of singleton bean 'org.springframework.boot.autoconfigure.http.client.HttpClientAutoConfiguration'
14-04-2025 11:07:21,325-06:00 [main] DEBUG o.s.b.f.s.DefaultListableBeanFactory - Creating shared instance of singleton bean 'clientHttpRequestFactoryBuilder'
14-04-2025 11:07:21,325-06:00 [main] DEBUG o.s.b.f.s.DefaultListableBeanFactory - Creating shared instance of singleton bean 'spring.http.client-org.springframework.boot.autoconfigure.http.client.HttpClientProperties'
14-04-2025 11:07:21,331-06:00 [main] DEBUG o.s.b.f.s.DefaultListableBeanFactory - Autowiring by type from bean name 'clientHttpRequestFactoryBuilder' via factory method to bean named 'spring.http.client-org.springframework.boot.autoconfigure.http.client.HttpClientProperties'
14-04-2025 11:07:21,333-06:00 [main] DEBUG o.s.b.f.s.DefaultListableBeanFactory - Creating shared instance of singleton bean 'clientHttpRequestFactorySettings'
14-04-2025 11:07:21,333-06:00 [main] DEBUG o.s.b.f.s.DefaultListableBeanFactory - Autowiring by type from bean name 'clientHttpRequestFactorySettings' via factory method to bean named 'spring.http.client-org.springframework.boot.autoconfigure.http.client.HttpClientProperties'
14-04-2025 11:07:21,342-06:00 [main] DEBUG o.s.b.f.s.DefaultListableBeanFactory - Creating shared instance of singleton bean 'org.springframework.boot.autoconfigure.info.ProjectInfoAutoConfiguration'
14-04-2025 11:07:21,349-06:00 [main] DEBUG o.s.b.f.s.DefaultListableBeanFactory - Creating shared instance of singleton bean 'spring.info-org.springframework.boot.autoconfigure.info.ProjectInfoProperties'
14-04-2025 11:07:21,351-06:00 [main] DEBUG o.s.b.f.s.DefaultListableBeanFactory - Autowiring by type from bean name 'org.springframework.boot.autoconfigure.info.ProjectInfoAutoConfiguration' via constructor to bean named 'spring.info-org.springframework.boot.autoconfigure.info.ProjectInfoProperties'
14-04-2025 11:07:21,352-06:00 [main] DEBUG o.s.b.f.s.DefaultListableBeanFactory - Creating shared instance of singleton bean 'org.springframework.boot.autoconfigure.jdbc.JdbcTemplateConfiguration'
14-04-2025 11:07:21,352-06:00 [main] DEBUG o.s.b.f.s.DefaultListableBeanFactory - Creating shared instance of singleton bean 'jdbcTemplate'
14-04-2025 11:07:21,353-06:00 [main] DEBUG o.s.b.f.s.DefaultListableBeanFactory - Creating shared instance of singleton bean 'spring.jdbc-org.springframework.boot.autoconfigure.jdbc.JdbcProperties'
14-04-2025 11:07:21,354-06:00 [main] DEBUG o.s.b.f.s.DefaultListableBeanFactory - Autowiring by type from bean name 'jdbcTemplate' via factory method to bean named 'dataSource'
14-04-2025 11:07:21,355-06:00 [main] DEBUG o.s.b.f.s.DefaultListableBeanFactory - Autowiring by type from bean name 'jdbcTemplate' via factory method to bean named 'spring.jdbc-org.springframework.boot.autoconfigure.jdbc.JdbcProperties'
14-04-2025 11:07:21,361-06:00 [main] DEBUG o.s.b.f.s.DefaultListableBeanFactory - Creating shared instance of singleton bean 'org.springframework.boot.autoconfigure.jdbc.NamedParameterJdbcTemplateConfiguration'
14-04-2025 11:07:21,362-06:00 [main] DEBUG o.s.b.f.s.DefaultListableBeanFactory - Creating shared instance of singleton bean 'namedParameterJdbcTemplate'
14-04-2025 11:07:21,363-06:00 [main] DEBUG o.s.b.f.s.DefaultListableBeanFactory - Autowiring by type from bean name 'namedParameterJdbcTemplate' via factory method to bean named 'jdbcTemplate'
14-04-2025 11:07:21,367-06:00 [main] DEBUG o.s.b.f.s.DefaultListableBeanFactory - Creating shared instance of singleton bean 'org.springframework.boot.autoconfigure.jdbc.JdbcTemplateAutoConfiguration'
14-04-2025 11:07:21,368-06:00 [main] DEBUG o.s.b.f.s.DefaultListableBeanFactory - Creating shared instance of singleton bean 'org.springframework.boot.autoconfigure.jdbc.JdbcClientAutoConfiguration'
14-04-2025 11:07:21,369-06:00 [main] DEBUG o.s.b.f.s.DefaultListableBeanFactory - Creating shared instance of singleton bean 'jdbcClient'
14-04-2025 11:07:21,370-06:00 [main] DEBUG o.s.b.f.s.DefaultListableBeanFactory - Autowiring by type from bean name 'jdbcClient' via factory method to bean named 'namedParameterJdbcTemplate'
14-04-2025 11:07:21,372-06:00 [main] DEBUG o.s.b.f.s.DefaultListableBeanFactory - Creating shared instance of singleton bean 'org.springframework.boot.autoconfigure.sql.init.SqlInitializationAutoConfiguration'
14-04-2025 11:07:21,373-06:00 [main] DEBUG o.s.b.f.s.DefaultListableBeanFactory - Creating shared instance of singleton bean 'org.springframework.boot.autoconfigure.task.TaskSchedulingConfigurations$ThreadPoolTaskSchedulerBuilderConfiguration'
14-04-2025 11:07:21,375-06:00 [main] DEBUG o.s.b.f.s.DefaultListableBeanFactory - Creating shared instance of singleton bean 'threadPoolTaskSchedulerBuilder'
14-04-2025 11:07:21,377-06:00 [main] DEBUG o.s.b.f.s.DefaultListableBeanFactory - Creating shared instance of singleton bean 'spring.task.scheduling-org.springframework.boot.autoconfigure.task.TaskSchedulingProperties'
14-04-2025 11:07:21,379-06:00 [main] DEBUG o.s.b.f.s.DefaultListableBeanFactory - Autowiring by type from bean name 'threadPoolTaskSchedulerBuilder' via factory method to bean named 'spring.task.scheduling-org.springframework.boot.autoconfigure.task.TaskSchedulingProperties'
14-04-2025 11:07:21,383-06:00 [main] DEBUG o.s.b.f.s.DefaultListableBeanFactory - Creating shared instance of singleton bean 'org.springframework.boot.autoconfigure.task.TaskSchedulingConfigurations$SimpleAsyncTaskSchedulerBuilderConfiguration'
14-04-2025 11:07:21,384-06:00 [main] DEBUG o.s.b.f.s.DefaultListableBeanFactory - Autowiring by type from bean name 'org.springframework.boot.autoconfigure.task.TaskSchedulingConfigurations$SimpleAsyncTaskSchedulerBuilderConfiguration' via constructor to bean named 'spring.task.scheduling-org.springframework.boot.autoconfigure.task.TaskSchedulingProperties'
14-04-2025 11:07:21,385-06:00 [main] DEBUG o.s.b.f.s.DefaultListableBeanFactory - Creating shared instance of singleton bean 'simpleAsyncTaskSchedulerBuilder'
14-04-2025 11:07:21,389-06:00 [main] DEBUG o.s.b.f.s.DefaultListableBeanFactory - Creating shared instance of singleton bean 'org.springframework.boot.autoconfigure.task.TaskSchedulingAutoConfiguration'
14-04-2025 11:07:21,389-06:00 [main] DEBUG o.s.b.f.s.DefaultListableBeanFactory - Creating shared instance of singleton bean 'org.springframework.boot.autoconfigure.jdbc.DataSourceTransactionManagerAutoConfiguration$JdbcTransactionManagerConfiguration'
14-04-2025 11:07:21,394-06:00 [main] DEBUG o.s.b.f.s.DefaultListableBeanFactory - Creating shared instance of singleton bean 'org.springframework.boot.autoconfigure.jdbc.DataSourceTransactionManagerAutoConfiguration'
14-04-2025 11:07:21,395-06:00 [main] DEBUG o.s.b.f.s.DefaultListableBeanFactory - Creating shared instance of singleton bean 'org.springframework.boot.autoconfigure.transaction.TransactionAutoConfiguration$EnableTransactionManagementConfiguration$CglibAutoProxyConfiguration'
14-04-2025 11:07:21,396-06:00 [main] DEBUG o.s.b.f.s.DefaultListableBeanFactory - Creating shared instance of singleton bean 'org.springframework.boot.autoconfigure.transaction.TransactionAutoConfiguration$EnableTransactionManagementConfiguration'
14-04-2025 11:07:21,396-06:00 [main] DEBUG o.s.b.f.s.DefaultListableBeanFactory - Creating shared instance of singleton bean 'org.springframework.boot.autoconfigure.transaction.TransactionAutoConfiguration$TransactionTemplateConfiguration'
14-04-2025 11:07:21,397-06:00 [main] DEBUG o.s.b.f.s.DefaultListableBeanFactory - Creating shared instance of singleton bean 'transactionTemplate'
14-04-2025 11:07:21,398-06:00 [main] DEBUG o.s.b.f.s.DefaultListableBeanFactory - Autowiring by type from bean name 'transactionTemplate' via factory method to bean named 'transactionManager'
14-04-2025 11:07:21,400-06:00 [main] DEBUG o.s.b.f.s.DefaultListableBeanFactory - Creating shared instance of singleton bean 'org.springframework.boot.autoconfigure.transaction.TransactionAutoConfiguration'
14-04-2025 11:07:21,400-06:00 [main] DEBUG o.s.b.f.s.DefaultListableBeanFactory - Creating shared instance of singleton bean 'org.springframework.boot.autoconfigure.web.client.RestClientAutoConfiguration'
14-04-2025 11:07:21,400-06:00 [main] DEBUG o.s.b.f.s.DefaultListableBeanFactory - Creating shared instance of singleton bean 'httpMessageConvertersRestClientCustomizer'
14-04-2025 11:07:21,400-06:00 [main] DEBUG o.s.b.f.s.DefaultListableBeanFactory - Creating shared instance of singleton bean 'restClientSsl'
14-04-2025 11:07:21,406-06:00 [main] DEBUG o.s.b.f.s.DefaultListableBeanFactory - Autowiring by type from bean name 'restClientSsl' via factory method to bean named 'sslBundleRegistry'
14-04-2025 11:07:21,409-06:00 [main] DEBUG o.s.b.f.s.DefaultListableBeanFactory - Creating shared instance of singleton bean 'restClientBuilderConfigurer'
14-04-2025 11:07:21,411-06:00 [main] DEBUG o.s.b.f.s.DefaultListableBeanFactory - Creating shared instance of singleton bean 'org.springframework.boot.autoconfigure.web.client.RestTemplateAutoConfiguration'
14-04-2025 11:07:21,412-06:00 [main] DEBUG o.s.b.f.s.DefaultListableBeanFactory - Creating shared instance of singleton bean 'org.springframework.boot.autoconfigure.web.embedded.EmbeddedWebServerFactoryCustomizerAutoConfiguration'
14-04-2025 11:07:21,412-06:00 [main] DEBUG o.s.b.f.s.DefaultListableBeanFactory - Creating shared instance of singleton bean 'multipartResolver'
14-04-2025 11:07:21,434-06:00 [main] DEBUG o.s.c.s.DefaultLifecycleProcessor - Starting beans in phase -2147483647
14-04-2025 11:07:21,435-06:00 [main] DEBUG o.s.c.s.DefaultLifecycleProcessor - Successfully started bean 'springBootLoggingLifecycle'
14-04-2025 11:07:21,435-06:00 [main] DEBUG o.s.c.s.DefaultLifecycleProcessor - Starting beans in phase 1073741823
14-04-2025 11:07:21,435-06:00 [main] DEBUG o.s.c.s.DefaultLifecycleProcessor - Starting beans in phase 2147481599
14-04-2025 11:07:21,436-06:00 [main] INFO  o.a.coyote.http11.Http11NioProtocol - Starting ProtocolHandler ["http-nio-8080"]
14-04-2025 11:07:21,482-06:00 [main] INFO  o.s.b.w.e.tomcat.TomcatWebServer - Tomcat started on port 8080 (http) with context path '/'
14-04-2025 11:07:21,484-06:00 [main] DEBUG o.s.c.s.DefaultLifecycleProcessor - Successfully started bean 'webServerStartStop'
14-04-2025 11:07:21,485-06:00 [main] DEBUG o.s.c.s.DefaultLifecycleProcessor - Starting beans in phase 2147482623
14-04-2025 11:07:21,485-06:00 [main] DEBUG o.s.c.s.DefaultLifecycleProcessor - Successfully started bean 'webServerGracefulShutdown'
14-04-2025 11:07:21,509-06:00 [main] DEBUG o.s.b.a.l.ConditionEvaluationReportLogger - 


============================
CONDITIONS EVALUATION REPORT
============================


Positive matches:
-----------------

   AopAutoConfiguration matched:
      - @ConditionalOnProperty (spring.aop.auto=true) matched (OnPropertyCondition)

   AopAutoConfiguration.AspectJAutoProxyingConfiguration matched:
      - @ConditionalOnClass found required class 'org.aspectj.weaver.Advice' (OnClassCondition)

   AopAutoConfiguration.AspectJAutoProxyingConfiguration.CglibAutoProxyConfiguration matched:
      - @ConditionalOnProperty (spring.aop.proxy-target-class=true) matched (OnPropertyCondition)

   ApplicationAvailabilityAutoConfiguration#applicationAvailability matched:
      - @ConditionalOnMissingBean (types: org.springframework.boot.availability.ApplicationAvailability; SearchStrategy: all) did not find any beans (OnBeanCondition)

   DataSourceAutoConfiguration matched:
      - @ConditionalOnClass found required classes 'javax.sql.DataSource', 'org.springframework.jdbc.datasource.embedded.EmbeddedDatabaseType' (OnClassCondition)
      - @ConditionalOnMissingBean (types: io.r2dbc.spi.ConnectionFactory; SearchStrategy: all) did not find any beans (OnBeanCondition)

   DataSourceAutoConfiguration.PooledDataSourceConfiguration matched:
      - AnyNestedCondition 1 matched 1 did not; NestedCondition on DataSourceAutoConfiguration.PooledDataSourceCondition.PooledDataSourceAvailable PooledDataSource found supported DataSource; NestedCondition on DataSourceAutoConfiguration.PooledDataSourceCondition.ExplicitType @ConditionalOnProperty (spring.datasource.type) did not find property 'type' (DataSourceAutoConfiguration.PooledDataSourceCondition)
      - @ConditionalOnMissingBean (types: javax.sql.DataSource,javax.sql.XADataSource; SearchStrategy: all) did not find any beans (OnBeanCondition)

   DataSourceAutoConfiguration.PooledDataSourceConfiguration#jdbcConnectionDetails matched:
      - @ConditionalOnMissingBean (types: org.springframework.boot.autoconfigure.jdbc.JdbcConnectionDetails; SearchStrategy: all) did not find any beans (OnBeanCondition)

   DataSourceConfiguration.Hikari matched:
      - @ConditionalOnClass found required class 'com.zaxxer.hikari.HikariDataSource' (OnClassCondition)
      - @ConditionalOnProperty (spring.datasource.type=com.zaxxer.hikari.HikariDataSource) matched (OnPropertyCondition)
      - @ConditionalOnMissingBean (types: javax.sql.DataSource; SearchStrategy: all) did not find any beans (OnBeanCondition)

   DataSourceInitializationConfiguration matched:
      - @ConditionalOnClass found required class 'org.springframework.jdbc.datasource.init.DatabasePopulator' (OnClassCondition)
      - @ConditionalOnSingleCandidate (types: javax.sql.DataSource; SearchStrategy: all) found a single bean 'dataSource'; @ConditionalOnMissingBean (types: org.springframework.boot.autoconfigure.sql.init.SqlDataSourceScriptDatabaseInitializer,org.springframework.boot.autoconfigure.sql.init.SqlR2dbcScriptDatabaseInitializer; SearchStrategy: all) did not find any beans (OnBeanCondition)

   DataSourceJmxConfiguration matched:
      - @ConditionalOnProperty (spring.jmx.enabled=true) matched (OnPropertyCondition)

   DataSourceJmxConfiguration.Hikari matched:
      - @ConditionalOnClass found required class 'com.zaxxer.hikari.HikariDataSource' (OnClassCondition)
      - @ConditionalOnSingleCandidate (types: javax.sql.DataSource; SearchStrategy: all) found a single bean 'dataSource' (OnBeanCondition)

   DataSourcePoolMetadataProvidersConfiguration.HikariPoolDataSourceMetadataProviderConfiguration matched:
      - @ConditionalOnClass found required class 'com.zaxxer.hikari.HikariDataSource' (OnClassCondition)

   DataSourceTransactionManagerAutoConfiguration matched:
      - @ConditionalOnClass found required classes 'javax.sql.DataSource', 'org.springframework.jdbc.core.JdbcTemplate', 'org.springframework.transaction.TransactionManager' (OnClassCondition)

   DataSourceTransactionManagerAutoConfiguration.JdbcTransactionManagerConfiguration matched:
      - @ConditionalOnSingleCandidate (types: javax.sql.DataSource; SearchStrategy: all) found a single bean 'dataSource' (OnBeanCondition)

   DispatcherServletAutoConfiguration matched:
      - @ConditionalOnClass found required class 'org.springframework.web.servlet.DispatcherServlet' (OnClassCondition)
      - found 'session' scope (OnWebApplicationCondition)

   DispatcherServletAutoConfiguration.DispatcherServletConfiguration matched:
      - @ConditionalOnClass found required class 'jakarta.servlet.ServletRegistration' (OnClassCondition)
      - Default DispatcherServlet did not find dispatcher servlet beans (DispatcherServletAutoConfiguration.DefaultDispatcherServletCondition)

   DispatcherServletAutoConfiguration.DispatcherServletRegistrationConfiguration matched:
      - @ConditionalOnClass found required class 'jakarta.servlet.ServletRegistration' (OnClassCondition)
      - DispatcherServlet Registration did not find servlet registration bean (DispatcherServletAutoConfiguration.DispatcherServletRegistrationCondition)

   DispatcherServletAutoConfiguration.DispatcherServletRegistrationConfiguration#dispatcherServletRegistration matched:
      - @ConditionalOnBean (names: dispatcherServlet types: org.springframework.web.servlet.DispatcherServlet; SearchStrategy: all) found bean 'dispatcherServlet' (OnBeanCondition)

   EmbeddedWebServerFactoryCustomizerAutoConfiguration matched:
      - @ConditionalOnWebApplication (required) found 'session' scope (OnWebApplicationCondition)
      - @ConditionalOnWarDeployment the application is not deployed as a WAR file. (OnWarDeploymentCondition)

   EmbeddedWebServerFactoryCustomizerAutoConfiguration.TomcatWebServerFactoryCustomizerConfiguration matched:
      - @ConditionalOnClass found required classes 'org.apache.catalina.startup.Tomcat', 'org.apache.coyote.UpgradeProtocol' (OnClassCondition)

   ErrorMvcAutoConfiguration matched:
      - @ConditionalOnClass found required classes 'jakarta.servlet.Servlet', 'org.springframework.web.servlet.DispatcherServlet' (OnClassCondition)
      - found 'session' scope (OnWebApplicationCondition)

   ErrorMvcAutoConfiguration#basicErrorController matched:
      - @ConditionalOnMissingBean (types: org.springframework.boot.web.servlet.error.ErrorController; SearchStrategy: current) did not find any beans (OnBeanCondition)

   ErrorMvcAutoConfiguration#errorAttributes matched:
      - @ConditionalOnMissingBean (types: org.springframework.boot.web.servlet.error.ErrorAttributes; SearchStrategy: current) did not find any beans (OnBeanCondition)

   ErrorMvcAutoConfiguration.DefaultErrorViewResolverConfiguration#conventionErrorViewResolver matched:
      - @ConditionalOnBean (types: org.springframework.web.servlet.DispatcherServlet; SearchStrategy: all) found bean 'dispatcherServlet'; @ConditionalOnMissingBean (types: org.springframework.boot.autoconfigure.web.servlet.error.ErrorViewResolver; SearchStrategy: all) did not find any beans (OnBeanCondition)

   ErrorMvcAutoConfiguration.WhitelabelErrorViewConfiguration matched:
      - @ConditionalOnProperty (server.error.whitelabel.enabled) matched (OnPropertyCondition)
      - ErrorTemplate Missing did not find error template view (ErrorMvcAutoConfiguration.ErrorTemplateMissingCondition)

   ErrorMvcAutoConfiguration.WhitelabelErrorViewConfiguration#beanNameViewResolver matched:
      - @ConditionalOnMissingBean (types: org.springframework.web.servlet.view.BeanNameViewResolver; SearchStrategy: all) did not find any beans (OnBeanCondition)

   ErrorMvcAutoConfiguration.WhitelabelErrorViewConfiguration#defaultErrorView matched:
      - @ConditionalOnMissingBean (names: error; SearchStrategy: all) did not find any beans (OnBeanCondition)

   GenericCacheConfiguration matched:
      - Cache org.springframework.boot.autoconfigure.cache.GenericCacheConfiguration automatic cache type (CacheCondition)

   HibernateJpaAutoConfiguration matched:
      - @ConditionalOnClass found required classes 'org.springframework.orm.jpa.LocalContainerEntityManagerFactoryBean', 'jakarta.persistence.EntityManager', 'org.hibernate.engine.spi.SessionImplementor' (OnClassCondition)

   HibernateJpaConfiguration matched:
      - @ConditionalOnSingleCandidate (types: javax.sql.DataSource; SearchStrategy: all) found a single bean 'dataSource' (OnBeanCondition)

   HttpClientAutoConfiguration matched:
      - @ConditionalOnClass found required class 'org.springframework.http.client.ClientHttpRequestFactory' (OnClassCondition)
      - NoneNestedConditions 0 matched 1 did not; NestedCondition on NotReactiveWebApplicationCondition.ReactiveWebApplication did not find reactive web application classes (NotReactiveWebApplicationCondition)

   HttpClientAutoConfiguration#clientHttpRequestFactoryBuilder matched:
      - @ConditionalOnMissingBean (types: org.springframework.boot.http.client.ClientHttpRequestFactoryBuilder; SearchStrategy: all) did not find any beans (OnBeanCondition)

   HttpClientAutoConfiguration#clientHttpRequestFactorySettings matched:
      - @ConditionalOnMissingBean (types: org.springframework.boot.http.client.ClientHttpRequestFactorySettings; SearchStrategy: all) did not find any beans (OnBeanCondition)

   HttpEncodingAutoConfiguration matched:
      - @ConditionalOnClass found required class 'org.springframework.web.filter.CharacterEncodingFilter' (OnClassCondition)
      - found 'session' scope (OnWebApplicationCondition)
      - @ConditionalOnProperty (server.servlet.encoding.enabled) matched (OnPropertyCondition)

   HttpEncodingAutoConfiguration#characterEncodingFilter matched:
      - @ConditionalOnMissingBean (types: org.springframework.web.filter.CharacterEncodingFilter; SearchStrategy: all) did not find any beans (OnBeanCondition)

   HttpMessageConvertersAutoConfiguration matched:
      - @ConditionalOnClass found required class 'org.springframework.http.converter.HttpMessageConverter' (OnClassCondition)
      - NoneNestedConditions 0 matched 1 did not; NestedCondition on HttpMessageConvertersAutoConfiguration.NotReactiveWebApplicationCondition.ReactiveWebApplication did not find reactive web application classes (HttpMessageConvertersAutoConfiguration.NotReactiveWebApplicationCondition)

   HttpMessageConvertersAutoConfiguration#messageConverters matched:
      - @ConditionalOnMissingBean (types: org.springframework.boot.autoconfigure.http.HttpMessageConverters; SearchStrategy: all) did not find any beans (OnBeanCondition)

   HttpMessageConvertersAutoConfiguration.StringHttpMessageConverterConfiguration matched:
      - @ConditionalOnClass found required class 'org.springframework.http.converter.StringHttpMessageConverter' (OnClassCondition)

   HttpMessageConvertersAutoConfiguration.StringHttpMessageConverterConfiguration#stringHttpMessageConverter matched:
      - @ConditionalOnMissingBean (types: org.springframework.http.converter.StringHttpMessageConverter; SearchStrategy: all) did not find any beans (OnBeanCondition)

   JacksonAutoConfiguration matched:
      - @ConditionalOnClass found required class 'com.fasterxml.jackson.databind.ObjectMapper' (OnClassCondition)

   JacksonAutoConfiguration.Jackson2ObjectMapperBuilderCustomizerConfiguration matched:
      - @ConditionalOnClass found required class 'org.springframework.http.converter.json.Jackson2ObjectMapperBuilder' (OnClassCondition)

   JacksonAutoConfiguration.JacksonObjectMapperBuilderConfiguration matched:
      - @ConditionalOnClass found required class 'org.springframework.http.converter.json.Jackson2ObjectMapperBuilder' (OnClassCondition)

   JacksonAutoConfiguration.JacksonObjectMapperBuilderConfiguration#jacksonObjectMapperBuilder matched:
      - @ConditionalOnMissingBean (types: org.springframework.http.converter.json.Jackson2ObjectMapperBuilder; SearchStrategy: all) did not find any beans (OnBeanCondition)

   JacksonAutoConfiguration.JacksonObjectMapperConfiguration matched:
      - @ConditionalOnClass found required class 'org.springframework.http.converter.json.Jackson2ObjectMapperBuilder' (OnClassCondition)

   JacksonAutoConfiguration.JacksonObjectMapperConfiguration#jacksonObjectMapper matched:
      - @ConditionalOnMissingBean (types: com.fasterxml.jackson.databind.ObjectMapper; SearchStrategy: all) did not find any beans (OnBeanCondition)

   JacksonAutoConfiguration.ParameterNamesModuleConfiguration matched:
      - @ConditionalOnClass found required class 'com.fasterxml.jackson.module.paramnames.ParameterNamesModule' (OnClassCondition)

   JacksonAutoConfiguration.ParameterNamesModuleConfiguration#parameterNamesModule matched:
      - @ConditionalOnMissingBean (types: com.fasterxml.jackson.module.paramnames.ParameterNamesModule; SearchStrategy: all) did not find any beans (OnBeanCondition)

   JacksonHttpMessageConvertersConfiguration.MappingJackson2HttpMessageConverterConfiguration matched:
      - @ConditionalOnClass found required class 'com.fasterxml.jackson.databind.ObjectMapper' (OnClassCondition)
      - @ConditionalOnProperty (spring.mvc.converters.preferred-json-mapper=jackson) matched (OnPropertyCondition)
      - @ConditionalOnBean (types: com.fasterxml.jackson.databind.ObjectMapper; SearchStrategy: all) found bean 'jacksonObjectMapper' (OnBeanCondition)

   JacksonHttpMessageConvertersConfiguration.MappingJackson2HttpMessageConverterConfiguration#mappingJackson2HttpMessageConverter matched:
      - @ConditionalOnMissingBean (types: org.springframework.http.converter.json.MappingJackson2HttpMessageConverter ignored: org.springframework.hateoas.server.mvc.TypeConstrainedMappingJackson2HttpMessageConverter,org.springframework.data.rest.webmvc.alps.AlpsJsonHttpMessageConverter; SearchStrategy: all) did not find any beans (OnBeanCondition)

   JdbcClientAutoConfiguration matched:
      - @ConditionalOnSingleCandidate (types: org.springframework.jdbc.core.namedparam.NamedParameterJdbcTemplate; SearchStrategy: all) found a single bean 'namedParameterJdbcTemplate'; @ConditionalOnMissingBean (types: org.springframework.jdbc.core.simple.JdbcClient; SearchStrategy: all) did not find any beans (OnBeanCondition)

   JdbcTemplateAutoConfiguration matched:
      - @ConditionalOnClass found required classes 'javax.sql.DataSource', 'org.springframework.jdbc.core.JdbcTemplate' (OnClassCondition)
      - @ConditionalOnSingleCandidate (types: javax.sql.DataSource; SearchStrategy: all) found a single bean 'dataSource' (OnBeanCondition)

   JdbcTemplateConfiguration matched:
      - @ConditionalOnMissingBean (types: org.springframework.jdbc.core.JdbcOperations; SearchStrategy: all) did not find any beans (OnBeanCondition)

   JpaBaseConfiguration#entityManagerFactory matched:
      - @ConditionalOnMissingBean (types: org.springframework.orm.jpa.LocalContainerEntityManagerFactoryBean,jakarta.persistence.EntityManagerFactory; SearchStrategy: all) did not find any beans (OnBeanCondition)

   JpaBaseConfiguration#entityManagerFactoryBuilder matched:
      - @ConditionalOnMissingBean (types: org.springframework.boot.orm.jpa.EntityManagerFactoryBuilder; SearchStrategy: all) did not find any beans (OnBeanCondition)

   JpaBaseConfiguration#jpaVendorAdapter matched:
      - @ConditionalOnMissingBean (types: org.springframework.orm.jpa.JpaVendorAdapter; SearchStrategy: all) did not find any beans (OnBeanCondition)

   JpaBaseConfiguration#transactionManager matched:
      - @ConditionalOnMissingBean (types: org.springframework.transaction.TransactionManager; SearchStrategy: all) did not find any beans (OnBeanCondition)

   JpaBaseConfiguration.JpaWebConfiguration matched:
      - @ConditionalOnClass found required class 'org.springframework.web.servlet.config.annotation.WebMvcConfigurer' (OnClassCondition)
      - found 'session' scope (OnWebApplicationCondition)
      - @ConditionalOnProperty (spring.jpa.open-in-view=true) matched (OnPropertyCondition)
      - @ConditionalOnMissingBean (types: org.springframework.orm.jpa.support.OpenEntityManagerInViewInterceptor,org.springframework.orm.jpa.support.OpenEntityManagerInViewFilter; SearchStrategy: all) did not find any beans (OnBeanCondition)

   JpaBaseConfiguration.PersistenceManagedTypesConfiguration matched:
      - @ConditionalOnMissingBean (types: org.springframework.orm.jpa.LocalContainerEntityManagerFactoryBean,jakarta.persistence.EntityManagerFactory; SearchStrategy: all) did not find any beans (OnBeanCondition)

   JpaBaseConfiguration.PersistenceManagedTypesConfiguration#persistenceManagedTypes matched:
      - @ConditionalOnMissingBean (types: org.springframework.orm.jpa.persistenceunit.PersistenceManagedTypes; SearchStrategy: all) did not find any beans (OnBeanCondition)

   JpaRepositoriesAutoConfiguration matched:
      - @ConditionalOnClass found required class 'org.springframework.data.jpa.repository.JpaRepository' (OnClassCondition)
      - @ConditionalOnProperty (spring.data.jpa.repositories.enabled=true) matched (OnPropertyCondition)
      - @ConditionalOnBean (types: javax.sql.DataSource; SearchStrategy: all) found bean 'dataSource'; @ConditionalOnMissingBean (types: org.springframework.data.jpa.repository.support.JpaRepositoryFactoryBean,org.springframework.data.jpa.repository.config.JpaRepositoryConfigExtension; SearchStrategy: all) did not find any beans (OnBeanCondition)

   JtaAutoConfiguration matched:
      - @ConditionalOnClass found required class 'jakarta.transaction.Transaction' (OnClassCondition)
      - @ConditionalOnProperty (spring.jta.enabled) matched (OnPropertyCondition)

   LifecycleAutoConfiguration#defaultLifecycleProcessor matched:
      - @ConditionalOnMissingBean (names: lifecycleProcessor; SearchStrategy: current) did not find any beans (OnBeanCondition)

   MultipartAutoConfiguration matched:
      - @ConditionalOnClass found required classes 'jakarta.servlet.Servlet', 'org.springframework.web.multipart.support.StandardServletMultipartResolver', 'jakarta.servlet.MultipartConfigElement' (OnClassCondition)
      - found 'session' scope (OnWebApplicationCondition)
      - @ConditionalOnProperty (spring.servlet.multipart.enabled) matched (OnPropertyCondition)

   MultipartAutoConfiguration#multipartConfigElement matched:
      - @ConditionalOnMissingBean (types: jakarta.servlet.MultipartConfigElement; SearchStrategy: all) did not find any beans (OnBeanCondition)

   MultipartAutoConfiguration#multipartResolver matched:
      - @ConditionalOnMissingBean (types: org.springframework.web.multipart.MultipartResolver; SearchStrategy: all) did not find any beans (OnBeanCondition)

   NamedParameterJdbcTemplateConfiguration matched:
      - @ConditionalOnSingleCandidate (types: org.springframework.jdbc.core.JdbcTemplate; SearchStrategy: all) found a single bean 'jdbcTemplate'; @ConditionalOnMissingBean (types: org.springframework.jdbc.core.namedparam.NamedParameterJdbcOperations; SearchStrategy: all) did not find any beans (OnBeanCondition)

   NoOpCacheConfiguration matched:
      - Cache org.springframework.boot.autoconfigure.cache.NoOpCacheConfiguration automatic cache type (CacheCondition)

   PersistenceExceptionTranslationAutoConfiguration matched:
      - @ConditionalOnClass found required class 'org.springframework.dao.annotation.PersistenceExceptionTranslationPostProcessor' (OnClassCondition)

   PersistenceExceptionTranslationAutoConfiguration#persistenceExceptionTranslationPostProcessor matched:
      - @ConditionalOnProperty (spring.dao.exceptiontranslation.enabled) matched (OnPropertyCondition)
      - @ConditionalOnMissingBean (types: org.springframework.dao.annotation.PersistenceExceptionTranslationPostProcessor; SearchStrategy: all) did not find any beans (OnBeanCondition)

   PropertyPlaceholderAutoConfiguration#propertySourcesPlaceholderConfigurer matched:
      - @ConditionalOnMissingBean (types: org.springframework.context.support.PropertySourcesPlaceholderConfigurer; SearchStrategy: current) did not find any beans (OnBeanCondition)

   RestClientAutoConfiguration matched:
      - @ConditionalOnClass found required class 'org.springframework.web.client.RestClient' (OnClassCondition)
      - NoneNestedConditions 0 matched 1 did not; NestedCondition on NotReactiveWebApplicationCondition.ReactiveWebApplication did not find reactive web application classes (NotReactiveWebApplicationCondition)

   RestClientAutoConfiguration#httpMessageConvertersRestClientCustomizer matched:
      - @ConditionalOnMissingBean (types: org.springframework.boot.autoconfigure.web.client.HttpMessageConvertersRestClientCustomizer; SearchStrategy: all) did not find any beans (OnBeanCondition)

   RestClientAutoConfiguration#restClientBuilder matched:
      - @ConditionalOnMissingBean (types: org.springframework.web.client.RestClient$Builder; SearchStrategy: all) did not find any beans (OnBeanCondition)

   RestClientAutoConfiguration#restClientBuilderConfigurer matched:
      - @ConditionalOnMissingBean (types: org.springframework.boot.autoconfigure.web.client.RestClientBuilderConfigurer; SearchStrategy: all) did not find any beans (OnBeanCondition)

   RestClientAutoConfiguration#restClientSsl matched:
      - @ConditionalOnBean (types: org.springframework.boot.ssl.SslBundles; SearchStrategy: all) found bean 'sslBundleRegistry'; @ConditionalOnMissingBean (types: org.springframework.boot.autoconfigure.web.client.RestClientSsl; SearchStrategy: all) did not find any beans (OnBeanCondition)

   RestTemplateAutoConfiguration matched:
      - @ConditionalOnClass found required class 'org.springframework.web.client.RestTemplate' (OnClassCondition)
      - NoneNestedConditions 0 matched 1 did not; NestedCondition on NotReactiveWebApplicationCondition.ReactiveWebApplication did not find reactive web application classes (NotReactiveWebApplicationCondition)

   RestTemplateAutoConfiguration#restTemplateBuilder matched:
      - @ConditionalOnMissingBean (types: org.springframework.boot.web.client.RestTemplateBuilder; SearchStrategy: all) did not find any beans (OnBeanCondition)

   ServletWebServerFactoryAutoConfiguration matched:
      - @ConditionalOnClass found required class 'jakarta.servlet.ServletRequest' (OnClassCondition)
      - found 'session' scope (OnWebApplicationCondition)

   ServletWebServerFactoryAutoConfiguration#tomcatServletWebServerFactoryCustomizer matched:
      - @ConditionalOnClass found required class 'org.apache.catalina.startup.Tomcat' (OnClassCondition)

   ServletWebServerFactoryConfiguration.EmbeddedTomcat matched:
      - @ConditionalOnClass found required classes 'jakarta.servlet.Servlet', 'org.apache.catalina.startup.Tomcat', 'org.apache.coyote.UpgradeProtocol' (OnClassCondition)
      - @ConditionalOnMissingBean (types: org.springframework.boot.web.servlet.server.ServletWebServerFactory; SearchStrategy: current) did not find any beans (OnBeanCondition)

   SimpleCacheConfiguration matched:
      - Cache org.springframework.boot.autoconfigure.cache.SimpleCacheConfiguration automatic cache type (CacheCondition)

   SpringDataWebAutoConfiguration matched:
      - @ConditionalOnClass found required classes 'org.springframework.data.web.PageableHandlerMethodArgumentResolver', 'org.springframework.web.servlet.config.annotation.WebMvcConfigurer' (OnClassCondition)
      - found 'session' scope (OnWebApplicationCondition)
      - @ConditionalOnMissingBean (types: org.springframework.data.web.PageableHandlerMethodArgumentResolver; SearchStrategy: all) did not find any beans (OnBeanCondition)

   SpringDataWebAutoConfiguration#pageableCustomizer matched:
      - @ConditionalOnMissingBean (types: org.springframework.data.web.config.PageableHandlerMethodArgumentResolverCustomizer; SearchStrategy: all) did not find any beans (OnBeanCondition)

   SpringDataWebAutoConfiguration#sortCustomizer matched:
      - @ConditionalOnMissingBean (types: org.springframework.data.web.config.SortHandlerMethodArgumentResolverCustomizer; SearchStrategy: all) did not find any beans (OnBeanCondition)

   SpringDataWebAutoConfiguration#springDataWebSettings matched:
      - @ConditionalOnMissingBean (types: org.springframework.data.web.config.SpringDataWebSettings; SearchStrategy: all) did not find any beans (OnBeanCondition)

   SqlInitializationAutoConfiguration matched:
      - @ConditionalOnProperty (spring.sql.init.enabled) matched (OnPropertyCondition)
      - NoneNestedConditions 0 matched 1 did not; NestedCondition on SqlInitializationAutoConfiguration.SqlInitializationModeCondition.ModeIsNever @ConditionalOnProperty (spring.sql.init.mode=never) did not find property 'mode' (SqlInitializationAutoConfiguration.SqlInitializationModeCondition)

   SslAutoConfiguration#sslBundleRegistry matched:
      - @ConditionalOnMissingBean (types: org.springframework.boot.ssl.SslBundleRegistry,org.springframework.boot.ssl.SslBundles; SearchStrategy: all) did not find any beans (OnBeanCondition)

   TaskExecutionAutoConfiguration matched:
      - @ConditionalOnClass found required class 'org.springframework.scheduling.concurrent.ThreadPoolTaskExecutor' (OnClassCondition)

   TaskExecutorConfigurations.SimpleAsyncTaskExecutorBuilderConfiguration#simpleAsyncTaskExecutorBuilder matched:
      - @ConditionalOnMissingBean (types: org.springframework.boot.task.SimpleAsyncTaskExecutorBuilder; SearchStrategy: all) did not find any beans (OnBeanCondition)
      - @ConditionalOnThreading found PLATFORM (OnThreadingCondition)

   TaskExecutorConfigurations.TaskExecutorConfiguration matched:
      - @ConditionalOnMissingBean (types: java.util.concurrent.Executor; SearchStrategy: all) did not find any beans (OnBeanCondition)

   TaskExecutorConfigurations.TaskExecutorConfiguration#applicationTaskExecutor matched:
      - @ConditionalOnThreading found PLATFORM (OnThreadingCondition)

   TaskExecutorConfigurations.ThreadPoolTaskExecutorBuilderConfiguration#threadPoolTaskExecutorBuilder matched:
      - @ConditionalOnMissingBean (types: org.springframework.boot.task.ThreadPoolTaskExecutorBuilder; SearchStrategy: all) did not find any beans (OnBeanCondition)

   TaskSchedulingAutoConfiguration matched:
      - @ConditionalOnClass found required class 'org.springframework.scheduling.concurrent.ThreadPoolTaskScheduler' (OnClassCondition)

   TaskSchedulingConfigurations.SimpleAsyncTaskSchedulerBuilderConfiguration#simpleAsyncTaskSchedulerBuilder matched:
      - @ConditionalOnMissingBean (types: org.springframework.boot.task.SimpleAsyncTaskSchedulerBuilder; SearchStrategy: all) did not find any beans (OnBeanCondition)
      - @ConditionalOnThreading found PLATFORM (OnThreadingCondition)

   TaskSchedulingConfigurations.ThreadPoolTaskSchedulerBuilderConfiguration#threadPoolTaskSchedulerBuilder matched:
      - @ConditionalOnMissingBean (types: org.springframework.boot.task.ThreadPoolTaskSchedulerBuilder; SearchStrategy: all) did not find any beans (OnBeanCondition)

   TransactionAutoConfiguration matched:
      - @ConditionalOnClass found required class 'org.springframework.transaction.PlatformTransactionManager' (OnClassCondition)

   TransactionAutoConfiguration.EnableTransactionManagementConfiguration matched:
      - @ConditionalOnBean (types: org.springframework.transaction.TransactionManager; SearchStrategy: all) found bean 'transactionManager'; @ConditionalOnMissingBean (types: org.springframework.transaction.annotation.AbstractTransactionManagementConfiguration; SearchStrategy: all) did not find any beans (OnBeanCondition)

   TransactionAutoConfiguration.EnableTransactionManagementConfiguration.CglibAutoProxyConfiguration matched:
      - @ConditionalOnProperty (spring.aop.proxy-target-class=true) matched (OnPropertyCondition)

   TransactionAutoConfiguration.TransactionTemplateConfiguration matched:
      - @ConditionalOnSingleCandidate (types: org.springframework.transaction.PlatformTransactionManager; SearchStrategy: all) found a single bean 'transactionManager' (OnBeanCondition)

   TransactionAutoConfiguration.TransactionTemplateConfiguration#transactionTemplate matched:
      - @ConditionalOnMissingBean (types: org.springframework.transaction.support.TransactionOperations; SearchStrategy: all) did not find any beans (OnBeanCondition)

   TransactionManagerCustomizationAutoConfiguration matched:
      - @ConditionalOnClass found required class 'org.springframework.transaction.PlatformTransactionManager' (OnClassCondition)

   TransactionManagerCustomizationAutoConfiguration#platformTransactionManagerCustomizers matched:
      - @ConditionalOnMissingBean (types: org.springframework.boot.autoconfigure.transaction.TransactionManagerCustomizers; SearchStrategy: all) did not find any beans (OnBeanCondition)

   WebMvcAutoConfiguration matched:
      - @ConditionalOnClass found required classes 'jakarta.servlet.Servlet', 'org.springframework.web.servlet.DispatcherServlet', 'org.springframework.web.servlet.config.annotation.WebMvcConfigurer' (OnClassCondition)
      - found 'session' scope (OnWebApplicationCondition)
      - @ConditionalOnMissingBean (types: org.springframework.web.servlet.config.annotation.WebMvcConfigurationSupport; SearchStrategy: all) did not find any beans (OnBeanCondition)

   WebMvcAutoConfiguration#formContentFilter matched:
      - @ConditionalOnProperty (spring.mvc.formcontent.filter.enabled) matched (OnPropertyCondition)
      - @ConditionalOnMissingBean (types: org.springframework.web.filter.FormContentFilter; SearchStrategy: all) did not find any beans (OnBeanCondition)

   WebMvcAutoConfiguration.EnableWebMvcConfiguration#flashMapManager matched:
      - @ConditionalOnMissingBean (names: flashMapManager; SearchStrategy: all) did not find any beans (OnBeanCondition)

   WebMvcAutoConfiguration.EnableWebMvcConfiguration#localeResolver matched:
      - @ConditionalOnMissingBean (names: localeResolver; SearchStrategy: all) did not find any beans (OnBeanCondition)

   WebMvcAutoConfiguration.EnableWebMvcConfiguration#themeResolver matched:
      - @ConditionalOnMissingBean (names: themeResolver; SearchStrategy: all) did not find any beans (OnBeanCondition)

   WebMvcAutoConfiguration.EnableWebMvcConfiguration#viewNameTranslator matched:
      - @ConditionalOnMissingBean (names: viewNameTranslator; SearchStrategy: all) did not find any beans (OnBeanCondition)

   WebMvcAutoConfiguration.WebMvcAutoConfigurationAdapter#defaultViewResolver matched:
      - @ConditionalOnMissingBean (types: org.springframework.web.servlet.view.InternalResourceViewResolver; SearchStrategy: all) did not find any beans (OnBeanCondition)

   WebMvcAutoConfiguration.WebMvcAutoConfigurationAdapter#requestContextFilter matched:
      - @ConditionalOnMissingBean (types: org.springframework.web.context.request.RequestContextListener,org.springframework.web.filter.RequestContextFilter; SearchStrategy: all) did not find any beans (OnBeanCondition)

   WebMvcAutoConfiguration.WebMvcAutoConfigurationAdapter#viewResolver matched:
      - @ConditionalOnBean (types: org.springframework.web.servlet.ViewResolver; SearchStrategy: all) found beans 'defaultViewResolver', 'beanNameViewResolver', 'mvcViewResolver'; @ConditionalOnMissingBean (names: viewResolver types: org.springframework.web.servlet.view.ContentNegotiatingViewResolver; SearchStrategy: all) did not find any beans (OnBeanCondition)

   WebSocketServletAutoConfiguration matched:
      - @ConditionalOnClass found required classes 'jakarta.servlet.Servlet', 'jakarta.websocket.server.ServerContainer' (OnClassCondition)
      - found 'session' scope (OnWebApplicationCondition)

   WebSocketServletAutoConfiguration.TomcatWebSocketConfiguration matched:
      - @ConditionalOnClass found required classes 'org.apache.catalina.startup.Tomcat', 'org.apache.tomcat.websocket.server.WsSci' (OnClassCondition)

   WebSocketServletAutoConfiguration.TomcatWebSocketConfiguration#websocketServletWebServerCustomizer matched:
      - @ConditionalOnMissingBean (names: websocketServletWebServerCustomizer; SearchStrategy: all) did not find any beans (OnBeanCondition)


Negative matches:
-----------------

   ActiveMQAutoConfiguration:
      Did not match:
         - @ConditionalOnClass did not find required class 'jakarta.jms.ConnectionFactory' (OnClassCondition)

   AopAutoConfiguration.AspectJAutoProxyingConfiguration.JdkDynamicAutoProxyConfiguration:
      Did not match:
         - @ConditionalOnProperty (spring.aop.proxy-target-class=false) did not find property 'proxy-target-class' (OnPropertyCondition)

   AopAutoConfiguration.ClassProxyingConfiguration:
      Did not match:
         - @ConditionalOnMissingClass found unwanted class 'org.aspectj.weaver.Advice' (OnClassCondition)

   ArtemisAutoConfiguration:
      Did not match:
         - @ConditionalOnClass did not find required class 'jakarta.jms.ConnectionFactory' (OnClassCondition)

   BatchAutoConfiguration:
      Did not match:
         - @ConditionalOnClass did not find required class 'org.springframework.batch.core.launch.JobLauncher' (OnClassCondition)

   Cache2kCacheConfiguration:
      Did not match:
         - @ConditionalOnClass did not find required class 'org.cache2k.Cache2kBuilder' (OnClassCondition)

   CacheAutoConfiguration:
      Did not match:
         - @ConditionalOnBean (types: org.springframework.cache.interceptor.CacheAspectSupport; SearchStrategy: all) did not find any beans of type org.springframework.cache.interceptor.CacheAspectSupport (OnBeanCondition)
      Matched:
         - @ConditionalOnClass found required class 'org.springframework.cache.CacheManager' (OnClassCondition)

   CacheAutoConfiguration.CacheManagerEntityManagerFactoryDependsOnPostProcessor:
      Did not match:
         - Ancestor org.springframework.boot.autoconfigure.cache.CacheAutoConfiguration did not match (ConditionEvaluationReport.AncestorsMatchedCondition)
      Matched:
         - @ConditionalOnClass found required class 'org.springframework.orm.jpa.LocalContainerEntityManagerFactoryBean' (OnClassCondition)

   CaffeineCacheConfiguration:
      Did not match:
         - @ConditionalOnClass did not find required class 'com.github.benmanes.caffeine.cache.Caffeine' (OnClassCondition)

   CassandraAutoConfiguration:
      Did not match:
         - @ConditionalOnClass did not find required class 'com.datastax.oss.driver.api.core.CqlSession' (OnClassCondition)

   CassandraDataAutoConfiguration:
      Did not match:
         - @ConditionalOnClass did not find required class 'com.datastax.oss.driver.api.core.CqlSession' (OnClassCondition)

   CassandraReactiveDataAutoConfiguration:
      Did not match:
         - @ConditionalOnClass did not find required class 'com.datastax.oss.driver.api.core.CqlSession' (OnClassCondition)

   CassandraReactiveRepositoriesAutoConfiguration:
      Did not match:
         - @ConditionalOnClass did not find required class 'org.springframework.data.cassandra.ReactiveSession' (OnClassCondition)

   CassandraRepositoriesAutoConfiguration:
      Did not match:
         - @ConditionalOnClass did not find required class 'com.datastax.oss.driver.api.core.CqlSession' (OnClassCondition)

   ClientHttpConnectorAutoConfiguration:
      Did not match:
         - @ConditionalOnClass did not find required class 'org.springframework.web.reactive.function.client.WebClient' (OnClassCondition)

   CodecsAutoConfiguration:
      Did not match:
         - @ConditionalOnClass did not find required class 'org.springframework.web.reactive.function.client.WebClient' (OnClassCondition)

   CouchbaseAutoConfiguration:
      Did not match:
         - @ConditionalOnClass did not find required class 'com.couchbase.client.java.Cluster' (OnClassCondition)

   CouchbaseCacheConfiguration:
      Did not match:
         - @ConditionalOnClass did not find required class 'com.couchbase.client.java.Cluster' (OnClassCondition)

   CouchbaseDataAutoConfiguration:
      Did not match:
         - @ConditionalOnClass did not find required class 'com.couchbase.client.java.Bucket' (OnClassCondition)

   CouchbaseReactiveDataAutoConfiguration:
      Did not match:
         - @ConditionalOnClass did not find required class 'com.couchbase.client.java.Cluster' (OnClassCondition)

   CouchbaseReactiveRepositoriesAutoConfiguration:
      Did not match:
         - @ConditionalOnClass did not find required class 'com.couchbase.client.java.Cluster' (OnClassCondition)

   CouchbaseRepositoriesAutoConfiguration:
      Did not match:
         - @ConditionalOnClass did not find required class 'com.couchbase.client.java.Bucket' (OnClassCondition)

   DataSourceAutoConfiguration.EmbeddedDatabaseConfiguration:
      Did not match:
         - EmbeddedDataSource spring.datasource.url is set (DataSourceAutoConfiguration.EmbeddedDatabaseCondition)

   DataSourceCheckpointRestoreConfiguration:
      Did not match:
         - @ConditionalOnClass did not find required class 'org.crac.Resource' (OnClassCondition)

   DataSourceConfiguration.Dbcp2:
      Did not match:
         - @ConditionalOnClass did not find required class 'org.apache.commons.dbcp2.BasicDataSource' (OnClassCondition)

   DataSourceConfiguration.Generic:
      Did not match:
         - @ConditionalOnProperty (spring.datasource.type) did not find property 'spring.datasource.type' (OnPropertyCondition)

   DataSourceConfiguration.OracleUcp:
      Did not match:
         - @ConditionalOnClass did not find required classes 'oracle.ucp.jdbc.PoolDataSourceImpl', 'oracle.jdbc.OracleConnection' (OnClassCondition)

   DataSourceConfiguration.Tomcat:
      Did not match:
         - @ConditionalOnClass did not find required class 'org.apache.tomcat.jdbc.pool.DataSource' (OnClassCondition)

   DataSourceJmxConfiguration.TomcatDataSourceJmxConfiguration:
      Did not match:
         - @ConditionalOnClass did not find required class 'org.apache.tomcat.jdbc.pool.DataSourceProxy' (OnClassCondition)

   DataSourcePoolMetadataProvidersConfiguration.CommonsDbcp2PoolDataSourceMetadataProviderConfiguration:
      Did not match:
         - @ConditionalOnClass did not find required class 'org.apache.commons.dbcp2.BasicDataSource' (OnClassCondition)

   DataSourcePoolMetadataProvidersConfiguration.OracleUcpPoolDataSourceMetadataProviderConfiguration:
      Did not match:
         - @ConditionalOnClass did not find required classes 'oracle.ucp.jdbc.PoolDataSource', 'oracle.jdbc.OracleConnection' (OnClassCondition)

   DataSourcePoolMetadataProvidersConfiguration.TomcatDataSourcePoolMetadataProviderConfiguration:
      Did not match:
         - @ConditionalOnClass did not find required class 'org.apache.tomcat.jdbc.pool.DataSource' (OnClassCondition)

   DataSourceTransactionManagerAutoConfiguration.JdbcTransactionManagerConfiguration#transactionManager:
      Did not match:
         - @ConditionalOnMissingBean (types: org.springframework.transaction.TransactionManager; SearchStrategy: all) found beans of type 'org.springframework.transaction.TransactionManager' transactionManager (OnBeanCondition)

   DispatcherServletAutoConfiguration.DispatcherServletConfiguration#multipartResolver:
      Did not match:
         - @ConditionalOnBean (types: org.springframework.web.multipart.MultipartResolver; SearchStrategy: all) did not find any beans of type org.springframework.web.multipart.MultipartResolver (OnBeanCondition)

   ElasticsearchClientAutoConfiguration:
      Did not match:
         - @ConditionalOnClass did not find required class 'co.elastic.clients.elasticsearch.ElasticsearchClient' (OnClassCondition)

   ElasticsearchDataAutoConfiguration:
      Did not match:
         - @ConditionalOnClass did not find required class 'org.springframework.data.elasticsearch.client.elc.ElasticsearchTemplate' (OnClassCondition)

   ElasticsearchRepositoriesAutoConfiguration:
      Did not match:
         - @ConditionalOnClass did not find required class 'org.springframework.data.elasticsearch.repository.ElasticsearchRepository' (OnClassCondition)

   ElasticsearchRestClientAutoConfiguration:
      Did not match:
         - @ConditionalOnClass did not find required class 'org.elasticsearch.client.RestClientBuilder' (OnClassCondition)

   EmbeddedLdapAutoConfiguration:
      Did not match:
         - @ConditionalOnClass did not find required class 'com.unboundid.ldap.listener.InMemoryDirectoryServer' (OnClassCondition)

   EmbeddedWebServerFactoryCustomizerAutoConfiguration.JettyWebServerFactoryCustomizerConfiguration:
      Did not match:
         - @ConditionalOnClass did not find required classes 'org.eclipse.jetty.server.Server', 'org.eclipse.jetty.util.Loader', 'org.eclipse.jetty.ee10.webapp.WebAppContext' (OnClassCondition)

   EmbeddedWebServerFactoryCustomizerAutoConfiguration.NettyWebServerFactoryCustomizerConfiguration:
      Did not match:
         - @ConditionalOnClass did not find required class 'reactor.netty.http.server.HttpServer' (OnClassCondition)

   EmbeddedWebServerFactoryCustomizerAutoConfiguration.TomcatWebServerFactoryCustomizerConfiguration#tomcatVirtualThreadsProtocolHandlerCustomizer:
      Did not match:
         - @ConditionalOnThreading did not find VIRTUAL (OnThreadingCondition)

   EmbeddedWebServerFactoryCustomizerAutoConfiguration.UndertowWebServerFactoryCustomizerConfiguration:
      Did not match:
         - @ConditionalOnClass did not find required classes 'io.undertow.Undertow', 'org.xnio.SslClientAuthMode' (OnClassCondition)

   ErrorWebFluxAutoConfiguration:
      Did not match:
         - @ConditionalOnClass did not find required class 'org.springframework.web.reactive.config.WebFluxConfigurer' (OnClassCondition)

   FlywayAutoConfiguration:
      Did not match:
         - @ConditionalOnClass did not find required class 'org.flywaydb.core.Flyway' (OnClassCondition)

   FreeMarkerAutoConfiguration:
      Did not match:
         - @ConditionalOnClass did not find required class 'freemarker.template.Configuration' (OnClassCondition)

   GraphQlAutoConfiguration:
      Did not match:
         - @ConditionalOnClass did not find required class 'graphql.GraphQL' (OnClassCondition)

   GraphQlQueryByExampleAutoConfiguration:
      Did not match:
         - @ConditionalOnClass did not find required class 'graphql.GraphQL' (OnClassCondition)

   GraphQlQuerydslAutoConfiguration:
      Did not match:
         - @ConditionalOnClass did not find required class 'com.querydsl.core.Query' (OnClassCondition)

   GraphQlRSocketAutoConfiguration:
      Did not match:
         - @ConditionalOnClass did not find required class 'graphql.GraphQL' (OnClassCondition)

   GraphQlReactiveQueryByExampleAutoConfiguration:
      Did not match:
         - @ConditionalOnClass did not find required class 'graphql.GraphQL' (OnClassCondition)

   GraphQlReactiveQuerydslAutoConfiguration:
      Did not match:
         - @ConditionalOnClass did not find required class 'com.querydsl.core.Query' (OnClassCondition)

   GraphQlWebFluxAutoConfiguration:
      Did not match:
         - @ConditionalOnClass did not find required class 'graphql.GraphQL' (OnClassCondition)

   GraphQlWebFluxSecurityAutoConfiguration:
      Did not match:
         - @ConditionalOnClass did not find required class 'graphql.GraphQL' (OnClassCondition)

   GraphQlWebMvcAutoConfiguration:
      Did not match:
         - @ConditionalOnClass did not find required class 'graphql.GraphQL' (OnClassCondition)

   GraphQlWebMvcSecurityAutoConfiguration:
      Did not match:
         - @ConditionalOnClass did not find required class 'graphql.GraphQL' (OnClassCondition)

   GroovyTemplateAutoConfiguration:
      Did not match:
         - @ConditionalOnClass did not find required class 'groovy.text.markup.MarkupTemplateEngine' (OnClassCondition)

   GsonAutoConfiguration:
      Did not match:
         - @ConditionalOnClass did not find required class 'com.google.gson.Gson' (OnClassCondition)

   GsonHttpMessageConvertersConfiguration:
      Did not match:
         - @ConditionalOnClass did not find required class 'com.google.gson.Gson' (OnClassCondition)

   H2ConsoleAutoConfiguration:
      Did not match:
         - @ConditionalOnProperty (spring.h2.console.enabled=true) did not find property 'enabled' (OnPropertyCondition)
      Matched:
         - @ConditionalOnClass found required class 'org.h2.server.web.JakartaWebServlet' (OnClassCondition)
         - found 'session' scope (OnWebApplicationCondition)

   HazelcastAutoConfiguration:
      Did not match:
         - @ConditionalOnClass did not find required class 'com.hazelcast.core.HazelcastInstance' (OnClassCondition)

   HazelcastCacheConfiguration:
      Did not match:
         - @ConditionalOnClass did not find required class 'com.hazelcast.core.HazelcastInstance' (OnClassCondition)

   HazelcastJpaDependencyAutoConfiguration:
      Did not match:
         - @ConditionalOnClass did not find required class 'com.hazelcast.core.HazelcastInstance' (OnClassCondition)

   HttpHandlerAutoConfiguration:
      Did not match:
         - @ConditionalOnClass did not find required class 'org.springframework.web.reactive.DispatcherHandler' (OnClassCondition)

   HypermediaAutoConfiguration:
      Did not match:
         - @ConditionalOnClass did not find required class 'org.springframework.hateoas.EntityModel' (OnClassCondition)

   InfinispanCacheConfiguration:
      Did not match:
         - @ConditionalOnClass did not find required class 'org.infinispan.spring.embedded.provider.SpringEmbeddedCacheManager' (OnClassCondition)

   IntegrationAutoConfiguration:
      Did not match:
         - @ConditionalOnClass did not find required class 'org.springframework.integration.config.EnableIntegration' (OnClassCondition)

   JCacheCacheConfiguration:
      Did not match:
         - @ConditionalOnClass did not find required class 'javax.cache.Caching' (OnClassCondition)

   JacksonHttpMessageConvertersConfiguration.MappingJackson2XmlHttpMessageConverterConfiguration:
      Did not match:
         - @ConditionalOnClass did not find required class 'com.fasterxml.jackson.dataformat.xml.XmlMapper' (OnClassCondition)

   JdbcRepositoriesAutoConfiguration:
      Did not match:
         - @ConditionalOnClass did not find required class 'org.springframework.data.jdbc.repository.config.AbstractJdbcConfiguration' (OnClassCondition)

   JerseyAutoConfiguration:
      Did not match:
         - @ConditionalOnClass did not find required class 'org.glassfish.jersey.server.spring.SpringComponentProvider' (OnClassCondition)

   JmsAutoConfiguration:
      Did not match:
         - @ConditionalOnClass did not find required class 'jakarta.jms.Message' (OnClassCondition)

   JmxAutoConfiguration:
      Did not match:
         - @ConditionalOnProperty (spring.jmx.enabled=true) did not find property 'enabled' (OnPropertyCondition)
      Matched:
         - @ConditionalOnClass found required class 'org.springframework.jmx.export.MBeanExporter' (OnClassCondition)

   JndiConnectionFactoryAutoConfiguration:
      Did not match:
         - @ConditionalOnClass did not find required class 'org.springframework.jms.core.JmsTemplate' (OnClassCondition)

   JndiDataSourceAutoConfiguration:
      Did not match:
         - @ConditionalOnProperty (spring.datasource.jndi-name) did not find property 'jndi-name' (OnPropertyCondition)
      Matched:
         - @ConditionalOnClass found required classes 'javax.sql.DataSource', 'org.springframework.jdbc.datasource.embedded.EmbeddedDatabaseType' (OnClassCondition)

   JndiJtaConfiguration:
      Did not match:
         - @ConditionalOnJndi JNDI environment is not available (OnJndiCondition)
      Matched:
         - @ConditionalOnClass found required class 'org.springframework.transaction.jta.JtaTransactionManager' (OnClassCondition)

   JooqAutoConfiguration:
      Did not match:
         - @ConditionalOnClass did not find required class 'org.jooq.DSLContext' (OnClassCondition)

   JpaRepositoriesAutoConfiguration#entityManagerFactoryBootstrapExecutorCustomizer:
      Did not match:
         - AnyNestedCondition 0 matched 2 did not; NestedCondition on JpaRepositoriesAutoConfiguration.BootstrapExecutorCondition.LazyBootstrapMode @ConditionalOnProperty (spring.data.jpa.repositories.bootstrap-mode=lazy) did not find property 'bootstrap-mode'; NestedCondition on JpaRepositoriesAutoConfiguration.BootstrapExecutorCondition.DeferredBootstrapMode @ConditionalOnProperty (spring.data.jpa.repositories.bootstrap-mode=deferred) did not find property 'bootstrap-mode' (JpaRepositoriesAutoConfiguration.BootstrapExecutorCondition)

   JsonbAutoConfiguration:
      Did not match:
         - @ConditionalOnClass did not find required class 'jakarta.json.bind.Jsonb' (OnClassCondition)

   JsonbHttpMessageConvertersConfiguration:
      Did not match:
         - @ConditionalOnClass did not find required class 'jakarta.json.bind.Jsonb' (OnClassCondition)

   KafkaAutoConfiguration:
      Did not match:
         - @ConditionalOnClass did not find required class 'org.springframework.kafka.core.KafkaTemplate' (OnClassCondition)

   LdapAutoConfiguration:
      Did not match:
         - @ConditionalOnClass did not find required class 'org.springframework.ldap.core.ContextSource' (OnClassCondition)

   LdapRepositoriesAutoConfiguration:
      Did not match:
         - @ConditionalOnClass did not find required class 'org.springframework.data.ldap.repository.LdapRepository' (OnClassCondition)

   LiquibaseAutoConfiguration:
      Did not match:
         - @ConditionalOnClass did not find required class 'liquibase.change.DatabaseChange' (OnClassCondition)

   MailSenderAutoConfiguration:
      Did not match:
         - @ConditionalOnClass did not find required class 'jakarta.mail.internet.MimeMessage' (OnClassCondition)

   MailSenderValidatorAutoConfiguration:
      Did not match:
         - @ConditionalOnSingleCandidate did not find required type 'org.springframework.mail.javamail.JavaMailSenderImpl' (OnBeanCondition)

   MessageSourceAutoConfiguration:
      Did not match:
         - ResourceBundle did not find bundle with basename messages (MessageSourceAutoConfiguration.ResourceBundleCondition)

   MongoAutoConfiguration:
      Did not match:
         - @ConditionalOnClass did not find required class 'com.mongodb.client.MongoClient' (OnClassCondition)

   MongoDataAutoConfiguration:
      Did not match:
         - @ConditionalOnClass did not find required class 'com.mongodb.client.MongoClient' (OnClassCondition)

   MongoReactiveAutoConfiguration:
      Did not match:
         - @ConditionalOnClass did not find required class 'com.mongodb.reactivestreams.client.MongoClient' (OnClassCondition)

   MongoReactiveDataAutoConfiguration:
      Did not match:
         - @ConditionalOnClass did not find required class 'com.mongodb.reactivestreams.client.MongoClient' (OnClassCondition)

   MongoReactiveRepositoriesAutoConfiguration:
      Did not match:
         - @ConditionalOnClass did not find required class 'com.mongodb.reactivestreams.client.MongoClient' (OnClassCondition)

   MongoRepositoriesAutoConfiguration:
      Did not match:
         - @ConditionalOnClass did not find required class 'com.mongodb.client.MongoClient' (OnClassCondition)

   MustacheAutoConfiguration:
      Did not match:
         - @ConditionalOnClass did not find required class 'com.samskivert.mustache.Mustache' (OnClassCondition)

   Neo4jAutoConfiguration:
      Did not match:
         - @ConditionalOnClass did not find required class 'org.neo4j.driver.Driver' (OnClassCondition)

   Neo4jDataAutoConfiguration:
      Did not match:
         - @ConditionalOnClass did not find required class 'org.neo4j.driver.Driver' (OnClassCondition)

   Neo4jReactiveDataAutoConfiguration:
      Did not match:
         - @ConditionalOnClass did not find required class 'org.neo4j.driver.Driver' (OnClassCondition)

   Neo4jReactiveRepositoriesAutoConfiguration:
      Did not match:
         - @ConditionalOnClass did not find required class 'org.neo4j.driver.Driver' (OnClassCondition)

   Neo4jRepositoriesAutoConfiguration:
      Did not match:
         - @ConditionalOnClass did not find required class 'org.neo4j.driver.Driver' (OnClassCondition)

   NettyAutoConfiguration:
      Did not match:
         - @ConditionalOnClass did not find required class 'io.netty.util.NettyRuntime' (OnClassCondition)

   OAuth2AuthorizationServerAutoConfiguration:
      Did not match:
         - @ConditionalOnClass did not find required class 'org.springframework.security.oauth2.server.authorization.OAuth2Authorization' (OnClassCondition)

   OAuth2AuthorizationServerJwtAutoConfiguration:
      Did not match:
         - @ConditionalOnClass did not find required class 'org.springframework.security.oauth2.server.authorization.OAuth2Authorization' (OnClassCondition)

   OAuth2ClientAutoConfiguration:
      Did not match:
         - @ConditionalOnClass did not find required class 'org.springframework.security.config.annotation.web.configuration.EnableWebSecurity' (OnClassCondition)

   OAuth2ResourceServerAutoConfiguration:
      Did not match:
         - @ConditionalOnClass did not find required class 'org.springframework.security.oauth2.server.resource.authentication.BearerTokenAuthenticationToken' (OnClassCondition)

   ProjectInfoAutoConfiguration#buildProperties:
      Did not match:
         - @ConditionalOnResource did not find resource '${spring.info.build.location:classpath:META-INF/build-info.properties}' (OnResourceCondition)

   ProjectInfoAutoConfiguration#gitProperties:
      Did not match:
         - GitResource did not find git info at classpath:git.properties (ProjectInfoAutoConfiguration.GitResourceAvailableCondition)

   PulsarAutoConfiguration:
      Did not match:
         - @ConditionalOnClass did not find required class 'org.apache.pulsar.client.api.PulsarClient' (OnClassCondition)

   PulsarReactiveAutoConfiguration:
      Did not match:
         - @ConditionalOnClass did not find required class 'org.apache.pulsar.client.api.PulsarClient' (OnClassCondition)

   QuartzAutoConfiguration:
      Did not match:
         - @ConditionalOnClass did not find required class 'org.quartz.Scheduler' (OnClassCondition)

   R2dbcAutoConfiguration:
      Did not match:
         - @ConditionalOnClass did not find required class 'io.r2dbc.spi.ConnectionFactory' (OnClassCondition)

   R2dbcDataAutoConfiguration:
      Did not match:
         - @ConditionalOnClass did not find required class 'org.springframework.data.r2dbc.core.R2dbcEntityTemplate' (OnClassCondition)

   R2dbcInitializationConfiguration:
      Did not match:
         - @ConditionalOnClass did not find required classes 'io.r2dbc.spi.ConnectionFactory', 'org.springframework.r2dbc.connection.init.DatabasePopulator' (OnClassCondition)

   R2dbcProxyAutoConfiguration:
      Did not match:
         - @ConditionalOnClass did not find required class 'io.r2dbc.proxy.ProxyConnectionFactory' (OnClassCondition)

   R2dbcRepositoriesAutoConfiguration:
      Did not match:
         - @ConditionalOnClass did not find required class 'io.r2dbc.spi.ConnectionFactory' (OnClassCondition)

   R2dbcTransactionManagerAutoConfiguration:
      Did not match:
         - @ConditionalOnClass did not find required class 'org.springframework.r2dbc.connection.R2dbcTransactionManager' (OnClassCondition)

   RSocketGraphQlClientAutoConfiguration:
      Did not match:
         - @ConditionalOnClass did not find required class 'graphql.GraphQL' (OnClassCondition)

   RSocketMessagingAutoConfiguration:
      Did not match:
         - @ConditionalOnClass did not find required class 'io.rsocket.RSocket' (OnClassCondition)

   RSocketRequesterAutoConfiguration:
      Did not match:
         - @ConditionalOnClass did not find required class 'io.rsocket.RSocket' (OnClassCondition)

   RSocketSecurityAutoConfiguration:
      Did not match:
         - @ConditionalOnClass did not find required class 'org.springframework.security.rsocket.core.SecuritySocketAcceptorInterceptor' (OnClassCondition)

   RSocketServerAutoConfiguration:
      Did not match:
         - @ConditionalOnClass did not find required class 'io.rsocket.core.RSocketServer' (OnClassCondition)

   RSocketStrategiesAutoConfiguration:
      Did not match:
         - @ConditionalOnClass did not find required class 'io.netty.buffer.PooledByteBufAllocator' (OnClassCondition)

   RabbitAutoConfiguration:
      Did not match:
         - @ConditionalOnClass did not find required class 'com.rabbitmq.client.Channel' (OnClassCondition)

   ReactiveElasticsearchClientAutoConfiguration:
      Did not match:
         - @ConditionalOnClass did not find required class 'co.elastic.clients.transport.ElasticsearchTransport' (OnClassCondition)

   ReactiveElasticsearchRepositoriesAutoConfiguration:
      Did not match:
         - @ConditionalOnClass did not find required class 'reactor.core.publisher.Mono' (OnClassCondition)

   ReactiveMultipartAutoConfiguration:
      Did not match:
         - @ConditionalOnClass did not find required class 'org.springframework.web.reactive.config.WebFluxConfigurer' (OnClassCondition)

   ReactiveOAuth2ClientAutoConfiguration:
      Did not match:
         - @ConditionalOnClass did not find required class 'reactor.core.publisher.Flux' (OnClassCondition)

   ReactiveOAuth2ResourceServerAutoConfiguration:
      Did not match:
         - @ConditionalOnClass did not find required class 'org.springframework.security.config.annotation.web.reactive.EnableWebFluxSecurity' (OnClassCondition)

   ReactiveSecurityAutoConfiguration:
      Did not match:
         - @ConditionalOnClass did not find required class 'reactor.core.publisher.Flux' (OnClassCondition)

   ReactiveUserDetailsServiceAutoConfiguration:
      Did not match:
         - @ConditionalOnClass did not find required class 'org.springframework.security.authentication.ReactiveAuthenticationManager' (OnClassCondition)

   ReactiveWebServerFactoryAutoConfiguration:
      Did not match:
         - @ConditionalOnWebApplication did not find reactive web application classes (OnWebApplicationCondition)

   ReactorAutoConfiguration:
      Did not match:
         - @ConditionalOnClass did not find required class 'reactor.core.publisher.Hooks' (OnClassCondition)

   RedisAutoConfiguration:
      Did not match:
         - @ConditionalOnClass did not find required class 'org.springframework.data.redis.core.RedisOperations' (OnClassCondition)

   RedisCacheConfiguration:
      Did not match:
         - @ConditionalOnClass did not find required class 'org.springframework.data.redis.connection.RedisConnectionFactory' (OnClassCondition)

   RedisReactiveAutoConfiguration:
      Did not match:
         - @ConditionalOnClass did not find required class 'reactor.core.publisher.Flux' (OnClassCondition)

   RedisRepositoriesAutoConfiguration:
      Did not match:
         - @ConditionalOnClass did not find required class 'org.springframework.data.redis.repository.configuration.EnableRedisRepositories' (OnClassCondition)

   RepositoryRestMvcAutoConfiguration:
      Did not match:
         - @ConditionalOnClass did not find required class 'org.springframework.data.rest.webmvc.config.RepositoryRestMvcConfiguration' (OnClassCondition)

   Saml2RelyingPartyAutoConfiguration:
      Did not match:
         - @ConditionalOnClass did not find required class 'org.springframework.security.saml2.provider.service.registration.RelyingPartyRegistrationRepository' (OnClassCondition)

   SecurityAutoConfiguration:
      Did not match:
         - @ConditionalOnClass did not find required class 'org.springframework.security.authentication.DefaultAuthenticationEventPublisher' (OnClassCondition)

   SecurityFilterAutoConfiguration:
      Did not match:
         - @ConditionalOnClass did not find required class 'org.springframework.security.config.http.SessionCreationPolicy' (OnClassCondition)

   SendGridAutoConfiguration:
      Did not match:
         - @ConditionalOnClass did not find required class 'com.sendgrid.SendGrid' (OnClassCondition)

   ServletWebServerFactoryAutoConfiguration.ForwardedHeaderFilterConfiguration:
      Did not match:
         - @ConditionalOnProperty (server.forward-headers-strategy=framework) did not find property 'server.forward-headers-strategy' (OnPropertyCondition)

   ServletWebServerFactoryConfiguration.EmbeddedJetty:
      Did not match:
         - @ConditionalOnClass did not find required classes 'org.eclipse.jetty.server.Server', 'org.eclipse.jetty.util.Loader', 'org.eclipse.jetty.ee10.webapp.WebAppContext' (OnClassCondition)

   ServletWebServerFactoryConfiguration.EmbeddedUndertow:
      Did not match:
         - @ConditionalOnClass did not find required classes 'io.undertow.Undertow', 'org.xnio.SslClientAuthMode' (OnClassCondition)

   SessionAutoConfiguration:
      Did not match:
         - @ConditionalOnClass did not find required class 'org.springframework.session.Session' (OnClassCondition)

   SpringApplicationAdminJmxAutoConfiguration:
      Did not match:
         - @ConditionalOnProperty (spring.application.admin.enabled=true) did not find property 'enabled' (OnPropertyCondition)

   TaskExecutorConfigurations.SimpleAsyncTaskExecutorBuilderConfiguration#simpleAsyncTaskExecutorBuilderVirtualThreads:
      Did not match:
         - @ConditionalOnMissingBean (types: org.springframework.boot.task.SimpleAsyncTaskExecutorBuilder; SearchStrategy: all) found beans of type 'org.springframework.boot.task.SimpleAsyncTaskExecutorBuilder' simpleAsyncTaskExecutorBuilder (OnBeanCondition)

   TaskExecutorConfigurations.TaskExecutorConfiguration#applicationTaskExecutorVirtualThreads:
      Did not match:
         - @ConditionalOnThreading did not find VIRTUAL (OnThreadingCondition)

   TaskSchedulingAutoConfiguration#scheduledBeanLazyInitializationExcludeFilter:
      Did not match:
         - @ConditionalOnBean (names: org.springframework.context.annotation.internalScheduledAnnotationProcessor; SearchStrategy: all) did not find any beans named org.springframework.context.annotation.internalScheduledAnnotationProcessor (OnBeanCondition)

   TaskSchedulingConfigurations.SimpleAsyncTaskSchedulerBuilderConfiguration#simpleAsyncTaskSchedulerBuilderVirtualThreads:
      Did not match:
         - @ConditionalOnMissingBean (types: org.springframework.boot.task.SimpleAsyncTaskSchedulerBuilder; SearchStrategy: all) found beans of type 'org.springframework.boot.task.SimpleAsyncTaskSchedulerBuilder' simpleAsyncTaskSchedulerBuilder (OnBeanCondition)

   TaskSchedulingConfigurations.TaskSchedulerConfiguration:
      Did not match:
         - @ConditionalOnBean (names: org.springframework.context.annotation.internalScheduledAnnotationProcessor; SearchStrategy: all) did not find any beans named org.springframework.context.annotation.internalScheduledAnnotationProcessor (OnBeanCondition)

   ThymeleafAutoConfiguration:
      Did not match:
         - @ConditionalOnClass did not find required class 'org.thymeleaf.spring6.SpringTemplateEngine' (OnClassCondition)

   TransactionAutoConfiguration#transactionalOperator:
      Did not match:
         - @ConditionalOnSingleCandidate (types: org.springframework.transaction.ReactiveTransactionManager; SearchStrategy: all) did not find any beans (OnBeanCondition)

   TransactionAutoConfiguration.AspectJTransactionManagementConfiguration:
      Did not match:
         - @ConditionalOnBean (types: org.springframework.transaction.aspectj.AbstractTransactionAspect; SearchStrategy: all) did not find any beans of type org.springframework.transaction.aspectj.AbstractTransactionAspect (OnBeanCondition)

   TransactionAutoConfiguration.EnableTransactionManagementConfiguration.JdkDynamicAutoProxyConfiguration:
      Did not match:
         - @ConditionalOnProperty (spring.aop.proxy-target-class=false) did not find property 'proxy-target-class' (OnPropertyCondition)

   UserDetailsServiceAutoConfiguration:
      Did not match:
         - @ConditionalOnClass did not find required class 'org.springframework.security.authentication.AuthenticationManager' (OnClassCondition)

   ValidationAutoConfiguration:
      Did not match:
         - @ConditionalOnClass did not find required class 'jakarta.validation.executable.ExecutableValidator' (OnClassCondition)

   WebClientAutoConfiguration:
      Did not match:
         - @ConditionalOnClass did not find required class 'org.springframework.web.reactive.function.client.WebClient' (OnClassCondition)

   WebFluxAutoConfiguration:
      Did not match:
         - @ConditionalOnClass did not find required class 'org.springframework.web.reactive.config.WebFluxConfigurer' (OnClassCondition)

   WebMvcAutoConfiguration#hiddenHttpMethodFilter:
      Did not match:
         - @ConditionalOnProperty (spring.mvc.hiddenmethod.filter.enabled) did not find property 'enabled' (OnPropertyCondition)

   WebMvcAutoConfiguration.ProblemDetailsErrorHandlingConfiguration:
      Did not match:
         - @ConditionalOnProperty (spring.mvc.problemdetails.enabled=true) did not find property 'enabled' (OnPropertyCondition)

   WebMvcAutoConfiguration.ResourceChainCustomizerConfiguration:
      Did not match:
         - @ConditionalOnEnabledResourceChain did not find class org.webjars.WebJarVersionLocator (OnEnabledResourceChainCondition)

   WebMvcAutoConfiguration.WebMvcAutoConfigurationAdapter#beanNameViewResolver:
      Did not match:
         - @ConditionalOnMissingBean (types: org.springframework.web.servlet.view.BeanNameViewResolver; SearchStrategy: all) found beans of type 'org.springframework.web.servlet.view.BeanNameViewResolver' beanNameViewResolver (OnBeanCondition)

   WebServiceTemplateAutoConfiguration:
      Did not match:
         - @ConditionalOnClass did not find required class 'org.springframework.oxm.Marshaller' (OnClassCondition)

   WebServicesAutoConfiguration:
      Did not match:
         - @ConditionalOnClass did not find required class 'org.springframework.ws.transport.http.MessageDispatcherServlet' (OnClassCondition)

   WebSessionIdResolverAutoConfiguration:
      Did not match:
         - @ConditionalOnClass did not find required class 'reactor.core.publisher.Mono' (OnClassCondition)

   WebSocketMessagingAutoConfiguration:
      Did not match:
         - @ConditionalOnClass did not find required class 'org.springframework.web.socket.config.annotation.WebSocketMessageBrokerConfigurer' (OnClassCondition)

   WebSocketReactiveAutoConfiguration:
      Did not match:
         - @ConditionalOnWebApplication did not find reactive web application classes (OnWebApplicationCondition)

   WebSocketServletAutoConfiguration.JettyWebSocketConfiguration:
      Did not match:
         - @ConditionalOnClass did not find required class 'org.eclipse.jetty.ee10.websocket.jakarta.server.config.JakartaWebSocketServletContainerInitializer' (OnClassCondition)

   WebSocketServletAutoConfiguration.UndertowWebSocketConfiguration:
      Did not match:
         - @ConditionalOnClass did not find required class 'io.undertow.websockets.jsr.Bootstrap' (OnClassCondition)

   XADataSourceAutoConfiguration:
      Did not match:
         - @ConditionalOnBean (types: org.springframework.boot.jdbc.XADataSourceWrapper; SearchStrategy: all) did not find any beans of type org.springframework.boot.jdbc.XADataSourceWrapper (OnBeanCondition)
      Matched:
         - @ConditionalOnClass found required classes 'javax.sql.DataSource', 'jakarta.transaction.TransactionManager', 'org.springframework.jdbc.datasource.embedded.EmbeddedDatabaseType' (OnClassCondition)


Exclusions:
-----------

    None


Unconditional classes:
----------------------

    org.springframework.boot.autoconfigure.context.ConfigurationPropertiesAutoConfiguration

    org.springframework.boot.autoconfigure.ssl.SslAutoConfiguration

    org.springframework.boot.autoconfigure.context.LifecycleAutoConfiguration

    org.springframework.boot.autoconfigure.context.PropertyPlaceholderAutoConfiguration

    org.springframework.boot.autoconfigure.availability.ApplicationAvailabilityAutoConfiguration

    org.springframework.boot.autoconfigure.info.ProjectInfoAutoConfiguration



14-04-2025 11:07:21,565-06:00 [main] INFO  c.ebac.modulo39.Modulo39Application - Started Modulo39Application in 8.11 seconds (process running for 8.932)
14-04-2025 11:07:21,565-06:00 [main] INFO  c.ebac.modulo39.Modulo39Application - Started Modulo39Application in 8.11 seconds (process running for 8.932)
14-04-2025 11:07:21,570-06:00 [main] DEBUG o.s.b.a.ApplicationAvailabilityBean - Application availability state LivenessState changed to CORRECT
14-04-2025 11:07:21,577-06:00 [main] DEBUG o.s.b.a.ApplicationAvailabilityBean - Application availability state ReadinessState changed to ACCEPTING_TRAFFIC
14-04-2025 11:07:47,469-06:00 [HikariPool-1 housekeeper] DEBUG com.zaxxer.hikari.pool.HikariPool - HikariPool-1 - Pool stats (total=10, active=0, idle=10, waiting=0)
14-04-2025 11:07:47,469-06:00 [HikariPool-1 housekeeper] DEBUG com.zaxxer.hikari.pool.HikariPool - HikariPool-1 - Fill pool skipped, pool has sufficient level or currently being filled.
14-04-2025 11:08:17,483-06:00 [HikariPool-1 housekeeper] DEBUG com.zaxxer.hikari.pool.HikariPool - HikariPool-1 - Pool stats (total=10, active=0, idle=10, waiting=0)
14-04-2025 11:08:17,484-06:00 [HikariPool-1 housekeeper] DEBUG com.zaxxer.hikari.pool.HikariPool - HikariPool-1 - Fill pool skipped, pool has sufficient level or currently being filled.
14-04-2025 11:08:47,492-06:00 [HikariPool-1 housekeeper] DEBUG com.zaxxer.hikari.pool.HikariPool - HikariPool-1 - Pool stats (total=10, active=0, idle=10, waiting=0)
14-04-2025 11:08:47,492-06:00 [HikariPool-1 housekeeper] DEBUG com.zaxxer.hikari.pool.HikariPool - HikariPool-1 - Fill pool skipped, pool has sufficient level or currently being filled.
14-04-2025 11:09:17,494-06:00 [HikariPool-1 housekeeper] DEBUG com.zaxxer.hikari.pool.HikariPool - HikariPool-1 - Pool stats (total=10, active=0, idle=10, waiting=0)
14-04-2025 11:09:17,494-06:00 [HikariPool-1 housekeeper] DEBUG com.zaxxer.hikari.pool.HikariPool - HikariPool-1 - Fill pool skipped, pool has sufficient level or currently being filled.
14-04-2025 11:09:47,500-06:00 [HikariPool-1 housekeeper] DEBUG com.zaxxer.hikari.pool.HikariPool - HikariPool-1 - Pool stats (total=10, active=0, idle=10, waiting=0)
14-04-2025 11:09:47,500-06:00 [HikariPool-1 housekeeper] DEBUG com.zaxxer.hikari.pool.HikariPool - HikariPool-1 - Fill pool skipped, pool has sufficient level or currently being filled.
14-04-2025 11:10:17,504-06:00 [HikariPool-1 housekeeper] DEBUG com.zaxxer.hikari.pool.HikariPool - HikariPool-1 - Pool stats (total=10, active=0, idle=10, waiting=0)
14-04-2025 11:10:17,504-06:00 [HikariPool-1 housekeeper] DEBUG com.zaxxer.hikari.pool.HikariPool - HikariPool-1 - Fill pool skipped, pool has sufficient level or currently being filled.
14-04-2025 11:10:47,518-06:00 [HikariPool-1 housekeeper] DEBUG com.zaxxer.hikari.pool.HikariPool - HikariPool-1 - Pool stats (total=10, active=0, idle=10, waiting=0)
14-04-2025 11:10:47,518-06:00 [HikariPool-1 housekeeper] DEBUG com.zaxxer.hikari.pool.HikariPool - HikariPool-1 - Fill pool skipped, pool has sufficient level or currently being filled.
14-04-2025 11:11:17,518-06:00 [HikariPool-1 housekeeper] DEBUG com.zaxxer.hikari.pool.HikariPool - HikariPool-1 - Pool stats (total=10, active=0, idle=10, waiting=0)
14-04-2025 11:11:17,518-06:00 [HikariPool-1 housekeeper] DEBUG com.zaxxer.hikari.pool.HikariPool - HikariPool-1 - Fill pool skipped, pool has sufficient level or currently being filled.
14-04-2025 11:11:47,524-06:00 [HikariPool-1 housekeeper] DEBUG com.zaxxer.hikari.pool.HikariPool - HikariPool-1 - Pool stats (total=10, active=0, idle=10, waiting=0)
14-04-2025 11:11:47,524-06:00 [HikariPool-1 housekeeper] DEBUG com.zaxxer.hikari.pool.HikariPool - HikariPool-1 - Fill pool skipped, pool has sufficient level or currently being filled.
14-04-2025 11:12:17,525-06:00 [HikariPool-1 housekeeper] DEBUG com.zaxxer.hikari.pool.HikariPool - HikariPool-1 - Pool stats (total=10, active=0, idle=10, waiting=0)
14-04-2025 11:12:17,525-06:00 [HikariPool-1 housekeeper] DEBUG com.zaxxer.hikari.pool.HikariPool - HikariPool-1 - Fill pool skipped, pool has sufficient level or currently being filled.
14-04-2025 11:12:47,542-06:00 [HikariPool-1 housekeeper] DEBUG com.zaxxer.hikari.pool.HikariPool - HikariPool-1 - Pool stats (total=10, active=0, idle=10, waiting=0)
14-04-2025 11:12:47,542-06:00 [HikariPool-1 housekeeper] DEBUG com.zaxxer.hikari.pool.HikariPool - HikariPool-1 - Fill pool skipped, pool has sufficient level or currently being filled.
14-04-2025 11:12:48,370-06:00 [http-nio-8080-exec-2] INFO  o.a.c.c.C.[Tomcat].[localhost].[/] - Initializing Spring DispatcherServlet 'dispatcherServlet'
14-04-2025 11:12:48,370-06:00 [http-nio-8080-exec-2] INFO  o.s.web.servlet.DispatcherServlet - Initializing Servlet 'dispatcherServlet'
14-04-2025 11:12:48,370-06:00 [http-nio-8080-exec-2] DEBUG o.s.web.servlet.DispatcherServlet - Detected StandardServletMultipartResolver
14-04-2025 11:12:48,371-06:00 [http-nio-8080-exec-2] DEBUG o.s.web.servlet.DispatcherServlet - Detected AcceptHeaderLocaleResolver
14-04-2025 11:12:48,371-06:00 [http-nio-8080-exec-2] DEBUG o.s.web.servlet.DispatcherServlet - Detected FixedThemeResolver
14-04-2025 11:12:48,372-06:00 [http-nio-8080-exec-2] DEBUG o.s.web.servlet.DispatcherServlet - Detected org.springframework.web.servlet.view.DefaultRequestToViewNameTranslator@6e5a77ef
14-04-2025 11:12:48,373-06:00 [http-nio-8080-exec-2] DEBUG o.s.web.servlet.DispatcherServlet - Detected org.springframework.web.servlet.support.SessionFlashMapManager@75caecf7
14-04-2025 11:12:48,373-06:00 [http-nio-8080-exec-2] DEBUG o.s.web.servlet.DispatcherServlet - enableLoggingRequestDetails='false': request parameters and headers will be masked to prevent unsafe logging of potentially sensitive data
14-04-2025 11:12:48,374-06:00 [http-nio-8080-exec-2] INFO  o.s.web.servlet.DispatcherServlet - Completed initialization in 4 ms
14-04-2025 11:12:48,382-06:00 [http-nio-8080-exec-2] DEBUG o.s.web.servlet.DispatcherServlet - GET "/usuarios", parameters={}
14-04-2025 11:12:48,392-06:00 [http-nio-8080-exec-2] DEBUG o.s.w.s.m.m.a.RequestMappingHandlerMapping - Mapped to com.ebac.modulo39.controller.UsuarioController#obtenerUsuarios()
14-04-2025 11:12:48,408-06:00 [http-nio-8080-exec-2] DEBUG o.s.o.j.s.OpenEntityManagerInViewInterceptor - Opening JPA EntityManager in OpenEntityManagerInViewInterceptor
14-04-2025 11:12:48,420-06:00 [http-nio-8080-exec-2] INFO  c.e.m.controller.UsuarioController - Obteniendo usuarios
14-04-2025 11:12:48,420-06:00 [http-nio-8080-exec-2] INFO  c.e.m.controller.UsuarioController - Obteniendo usuarios
14-04-2025 11:12:48,426-06:00 [http-nio-8080-exec-2] DEBUG o.s.orm.jpa.JpaTransactionManager - Found thread-bound EntityManager [SessionImpl(1534409992<open>)] for JPA transaction
14-04-2025 11:12:48,427-06:00 [http-nio-8080-exec-2] DEBUG o.s.orm.jpa.JpaTransactionManager - Creating new transaction with name [org.springframework.data.jpa.repository.support.SimpleJpaRepository.findAll]: PROPAGATION_REQUIRED,ISOLATION_DEFAULT,readOnly
14-04-2025 11:12:48,430-06:00 [http-nio-8080-exec-2] DEBUG o.s.jdbc.datasource.DataSourceUtils - Setting JDBC Connection [HikariProxyConnection@1862385816 wrapping com.mysql.cj.jdbc.ConnectionImpl@5d194314] read-only
14-04-2025 11:12:48,433-06:00 [http-nio-8080-exec-2] DEBUG o.h.e.t.internal.TransactionImpl - On TransactionImpl creation, JpaCompliance#isJpaTransactionComplianceEnabled == false
14-04-2025 11:12:48,433-06:00 [http-nio-8080-exec-2] DEBUG o.h.e.t.internal.TransactionImpl - begin
14-04-2025 11:12:48,434-06:00 [http-nio-8080-exec-2] DEBUG o.s.orm.jpa.JpaTransactionManager - Exposing JPA transaction as JDBC [org.springframework.orm.jpa.vendor.HibernateJpaDialect$HibernateConnectionHandle@57229b1a]
14-04-2025 11:12:48,495-06:00 [http-nio-8080-exec-2] DEBUG org.hibernate.orm.sql.ast.create - Created new SQL alias : u1_0
14-04-2025 11:12:48,496-06:00 [http-nio-8080-exec-2] DEBUG org.hibernate.orm.sql.ast.create - Registration of TableGroup [StandardTableGroup(com.ebac.modulo39.dto.Usuario(3))] with identifierForTableGroup [com.ebac.modulo39.dto.Usuario] for NavigablePath [com.ebac.modulo39.dto.Usuario] 
14-04-2025 11:12:48,503-06:00 [http-nio-8080-exec-2] DEBUG org.hibernate.orm.results.graph.AST - DomainResult Graph:
 \-EntityResultImpl [com.ebac.modulo39.dto.Usuario(3)]
 |  +-BasicFetch [com.ebac.modulo39.dto.Usuario(3).edad]
 |  +-BasicFetch [com.ebac.modulo39.dto.Usuario(3).nombre]
 |  \-DelayedCollectionFetch [com.ebac.modulo39.dto.Usuario(3).telefonos]

14-04-2025 11:12:48,503-06:00 [http-nio-8080-exec-2] DEBUG org.hibernate.orm.sql.ast.tree - SQL AST Tree:
    SelectStatement {
      FromClause {
        StandardTableGroup (u1 : com.ebac.modulo39.dto.Usuario(3)) {
          primaryTableReference : usuario as u1_0
        }
      }
    }

14-04-2025 11:12:48,517-06:00 [http-nio-8080-exec-2] DEBUG org.hibernate.orm.sql.exec - Skipping reading Query result cache data: cache-enabled = false, cache-mode = NORMAL
14-04-2025 11:12:48,522-06:00 [http-nio-8080-exec-2] DEBUG org.hibernate.SQL - select u1_0.id_usuario,u1_0.edad,u1_0.nombre from usuario u1_0
14-04-2025 11:12:48,545-06:00 [http-nio-8080-exec-2] DEBUG org.hibernate.orm.results - Initializer list:
	  com.ebac.modulo39.dto.Usuario(3) -> EntityJoinedFetchInitializer(com.ebac.modulo39.dto.Usuario(3))@72602452 (SingleTableEntityPersister(com.ebac.modulo39.dto.Usuario))
	  com.ebac.modulo39.dto.Usuario(3).telefonos -> DelayedCollectionInitializer(com.ebac.modulo39.dto.Usuario(3).telefonos)@1747382716 (PluralAttribute(com.ebac.modulo39.dto.Usuario.telefonos))

14-04-2025 11:12:48,552-06:00 [http-nio-8080-exec-2] DEBUG o.s.orm.jpa.JpaTransactionManager - Initiating transaction commit
14-04-2025 11:12:48,553-06:00 [http-nio-8080-exec-2] DEBUG o.s.orm.jpa.JpaTransactionManager - Committing JPA transaction on EntityManager [SessionImpl(1534409992<open>)]
14-04-2025 11:12:48,553-06:00 [http-nio-8080-exec-2] DEBUG o.h.e.t.internal.TransactionImpl - committing
14-04-2025 11:12:48,557-06:00 [http-nio-8080-exec-2] DEBUG o.s.jdbc.datasource.DataSourceUtils - Resetting read-only flag of JDBC Connection [HikariProxyConnection@1862385816 wrapping com.mysql.cj.jdbc.ConnectionImpl@5d194314]
14-04-2025 11:12:48,558-06:00 [http-nio-8080-exec-2] DEBUG o.s.orm.jpa.JpaTransactionManager - Not closing pre-bound JPA EntityManager after transaction
14-04-2025 11:12:48,592-06:00 [http-nio-8080-exec-2] DEBUG o.s.w.s.m.m.a.RequestResponseBodyMethodProcessor - Using 'application/json', given [*/*] and supported [application/json, application/*+json]
14-04-2025 11:12:48,593-06:00 [http-nio-8080-exec-2] DEBUG o.s.w.s.m.m.a.RequestResponseBodyMethodProcessor - Writing [com.ebac.modulo39.controller.ResponseWrapper@5286bec]
14-04-2025 11:12:48,655-06:00 [http-nio-8080-exec-2] DEBUG o.s.o.j.s.OpenEntityManagerInViewInterceptor - Closing JPA EntityManager in OpenEntityManagerInViewInterceptor
14-04-2025 11:12:48,658-06:00 [http-nio-8080-exec-2] DEBUG o.s.web.servlet.DispatcherServlet - Completed 200 OK
14-04-2025 11:12:48,658-06:00 [http-nio-8080-exec-3] DEBUG o.s.web.servlet.DispatcherServlet - GET "/usuarios", parameters={}
14-04-2025 11:12:48,659-06:00 [http-nio-8080-exec-3] DEBUG o.s.w.s.m.m.a.RequestMappingHandlerMapping - Mapped to com.ebac.modulo39.controller.UsuarioController#obtenerUsuarios()
14-04-2025 11:12:48,659-06:00 [http-nio-8080-exec-3] DEBUG o.s.o.j.s.OpenEntityManagerInViewInterceptor - Opening JPA EntityManager in OpenEntityManagerInViewInterceptor
14-04-2025 11:12:48,660-06:00 [http-nio-8080-exec-3] INFO  c.e.m.controller.UsuarioController - Obteniendo usuarios
14-04-2025 11:12:48,660-06:00 [http-nio-8080-exec-3] INFO  c.e.m.controller.UsuarioController - Obteniendo usuarios
14-04-2025 11:12:48,660-06:00 [http-nio-8080-exec-3] DEBUG o.s.orm.jpa.JpaTransactionManager - Found thread-bound EntityManager [SessionImpl(2119548150<open>)] for JPA transaction
14-04-2025 11:12:48,660-06:00 [http-nio-8080-exec-3] DEBUG o.s.orm.jpa.JpaTransactionManager - Creating new transaction with name [org.springframework.data.jpa.repository.support.SimpleJpaRepository.findAll]: PROPAGATION_REQUIRED,ISOLATION_DEFAULT,readOnly
14-04-2025 11:12:48,660-06:00 [http-nio-8080-exec-3] DEBUG o.s.jdbc.datasource.DataSourceUtils - Setting JDBC Connection [HikariProxyConnection@1888636236 wrapping com.mysql.cj.jdbc.ConnectionImpl@5d194314] read-only
14-04-2025 11:12:48,661-06:00 [http-nio-8080-exec-3] DEBUG o.h.e.t.internal.TransactionImpl - On TransactionImpl creation, JpaCompliance#isJpaTransactionComplianceEnabled == false
14-04-2025 11:12:48,661-06:00 [http-nio-8080-exec-3] DEBUG o.h.e.t.internal.TransactionImpl - begin
14-04-2025 11:12:48,662-06:00 [http-nio-8080-exec-3] DEBUG o.s.orm.jpa.JpaTransactionManager - Exposing JPA transaction as JDBC [org.springframework.orm.jpa.vendor.HibernateJpaDialect$HibernateConnectionHandle@74add786]
14-04-2025 11:12:48,663-06:00 [http-nio-8080-exec-3] DEBUG org.hibernate.orm.sql.ast.create - Created new SQL alias : u1_0
14-04-2025 11:12:48,663-06:00 [http-nio-8080-exec-3] DEBUG org.hibernate.orm.sql.ast.create - Registration of TableGroup [StandardTableGroup(com.ebac.modulo39.dto.Usuario(4))] with identifierForTableGroup [com.ebac.modulo39.dto.Usuario] for NavigablePath [com.ebac.modulo39.dto.Usuario] 
14-04-2025 11:12:48,663-06:00 [http-nio-8080-exec-3] DEBUG org.hibernate.orm.results.graph.AST - DomainResult Graph:
 \-EntityResultImpl [com.ebac.modulo39.dto.Usuario(4)]
 |  +-BasicFetch [com.ebac.modulo39.dto.Usuario(4).edad]
 |  +-BasicFetch [com.ebac.modulo39.dto.Usuario(4).nombre]
 |  \-DelayedCollectionFetch [com.ebac.modulo39.dto.Usuario(4).telefonos]

14-04-2025 11:12:48,663-06:00 [http-nio-8080-exec-3] DEBUG org.hibernate.orm.sql.ast.tree - SQL AST Tree:
    SelectStatement {
      FromClause {
        StandardTableGroup (u1 : com.ebac.modulo39.dto.Usuario(4)) {
          primaryTableReference : usuario as u1_0
        }
      }
    }

14-04-2025 11:12:48,664-06:00 [http-nio-8080-exec-3] DEBUG org.hibernate.orm.sql.exec - Skipping reading Query result cache data: cache-enabled = false, cache-mode = NORMAL
14-04-2025 11:12:48,664-06:00 [http-nio-8080-exec-3] DEBUG org.hibernate.SQL - select u1_0.id_usuario,u1_0.edad,u1_0.nombre from usuario u1_0
14-04-2025 11:12:48,665-06:00 [http-nio-8080-exec-3] DEBUG org.hibernate.orm.results - Initializer list:
	  com.ebac.modulo39.dto.Usuario(4) -> EntityJoinedFetchInitializer(com.ebac.modulo39.dto.Usuario(4))@1701310637 (SingleTableEntityPersister(com.ebac.modulo39.dto.Usuario))
	  com.ebac.modulo39.dto.Usuario(4).telefonos -> DelayedCollectionInitializer(com.ebac.modulo39.dto.Usuario(4).telefonos)@31173746 (PluralAttribute(com.ebac.modulo39.dto.Usuario.telefonos))

14-04-2025 11:12:48,665-06:00 [http-nio-8080-exec-3] DEBUG o.s.orm.jpa.JpaTransactionManager - Initiating transaction commit
14-04-2025 11:12:48,666-06:00 [http-nio-8080-exec-3] DEBUG o.s.orm.jpa.JpaTransactionManager - Committing JPA transaction on EntityManager [SessionImpl(2119548150<open>)]
14-04-2025 11:12:48,666-06:00 [http-nio-8080-exec-3] DEBUG o.h.e.t.internal.TransactionImpl - committing
14-04-2025 11:12:48,667-06:00 [http-nio-8080-exec-3] DEBUG o.s.jdbc.datasource.DataSourceUtils - Resetting read-only flag of JDBC Connection [HikariProxyConnection@1888636236 wrapping com.mysql.cj.jdbc.ConnectionImpl@5d194314]
14-04-2025 11:12:48,667-06:00 [http-nio-8080-exec-3] DEBUG o.s.orm.jpa.JpaTransactionManager - Not closing pre-bound JPA EntityManager after transaction
14-04-2025 11:12:48,668-06:00 [http-nio-8080-exec-3] DEBUG o.s.w.s.m.m.a.RequestResponseBodyMethodProcessor - Using 'application/json', given [*/*] and supported [application/json, application/*+json]
14-04-2025 11:12:48,668-06:00 [http-nio-8080-exec-3] DEBUG o.s.w.s.m.m.a.RequestResponseBodyMethodProcessor - Writing [com.ebac.modulo39.controller.ResponseWrapper@20e91bf9]
14-04-2025 11:12:48,669-06:00 [http-nio-8080-exec-3] DEBUG o.s.o.j.s.OpenEntityManagerInViewInterceptor - Closing JPA EntityManager in OpenEntityManagerInViewInterceptor
14-04-2025 11:12:48,669-06:00 [http-nio-8080-exec-3] DEBUG o.s.web.servlet.DispatcherServlet - Completed 200 OK
14-04-2025 11:12:50,014-06:00 [http-nio-8080-exec-1] DEBUG o.s.web.servlet.DispatcherServlet - GET "/usuarios", parameters={}
14-04-2025 11:12:50,014-06:00 [http-nio-8080-exec-1] DEBUG o.s.w.s.m.m.a.RequestMappingHandlerMapping - Mapped to com.ebac.modulo39.controller.UsuarioController#obtenerUsuarios()
14-04-2025 11:12:50,015-06:00 [http-nio-8080-exec-1] DEBUG o.s.o.j.s.OpenEntityManagerInViewInterceptor - Opening JPA EntityManager in OpenEntityManagerInViewInterceptor
14-04-2025 11:12:50,015-06:00 [http-nio-8080-exec-1] INFO  c.e.m.controller.UsuarioController - Obteniendo usuarios
14-04-2025 11:12:50,015-06:00 [http-nio-8080-exec-1] INFO  c.e.m.controller.UsuarioController - Obteniendo usuarios
14-04-2025 11:12:50,016-06:00 [http-nio-8080-exec-1] DEBUG o.s.orm.jpa.JpaTransactionManager - Found thread-bound EntityManager [SessionImpl(1503819856<open>)] for JPA transaction
14-04-2025 11:12:50,016-06:00 [http-nio-8080-exec-1] DEBUG o.s.orm.jpa.JpaTransactionManager - Creating new transaction with name [org.springframework.data.jpa.repository.support.SimpleJpaRepository.findAll]: PROPAGATION_REQUIRED,ISOLATION_DEFAULT,readOnly
14-04-2025 11:12:50,017-06:00 [http-nio-8080-exec-1] DEBUG o.s.jdbc.datasource.DataSourceUtils - Setting JDBC Connection [HikariProxyConnection@1466277140 wrapping com.mysql.cj.jdbc.ConnectionImpl@5d194314] read-only
14-04-2025 11:12:50,018-06:00 [http-nio-8080-exec-1] DEBUG o.h.e.t.internal.TransactionImpl - On TransactionImpl creation, JpaCompliance#isJpaTransactionComplianceEnabled == false
14-04-2025 11:12:50,018-06:00 [http-nio-8080-exec-1] DEBUG o.h.e.t.internal.TransactionImpl - begin
14-04-2025 11:12:50,018-06:00 [http-nio-8080-exec-1] DEBUG o.s.orm.jpa.JpaTransactionManager - Exposing JPA transaction as JDBC [org.springframework.orm.jpa.vendor.HibernateJpaDialect$HibernateConnectionHandle@535a1320]
14-04-2025 11:12:50,020-06:00 [http-nio-8080-exec-1] DEBUG org.hibernate.orm.sql.ast.create - Created new SQL alias : u1_0
14-04-2025 11:12:50,020-06:00 [http-nio-8080-exec-1] DEBUG org.hibernate.orm.sql.ast.create - Registration of TableGroup [StandardTableGroup(com.ebac.modulo39.dto.Usuario(5))] with identifierForTableGroup [com.ebac.modulo39.dto.Usuario] for NavigablePath [com.ebac.modulo39.dto.Usuario] 
14-04-2025 11:12:50,021-06:00 [http-nio-8080-exec-1] DEBUG org.hibernate.orm.results.graph.AST - DomainResult Graph:
 \-EntityResultImpl [com.ebac.modulo39.dto.Usuario(5)]
 |  +-BasicFetch [com.ebac.modulo39.dto.Usuario(5).edad]
 |  +-BasicFetch [com.ebac.modulo39.dto.Usuario(5).nombre]
 |  \-DelayedCollectionFetch [com.ebac.modulo39.dto.Usuario(5).telefonos]

14-04-2025 11:12:50,022-06:00 [http-nio-8080-exec-1] DEBUG org.hibernate.orm.sql.ast.tree - SQL AST Tree:
    SelectStatement {
      FromClause {
        StandardTableGroup (u1 : com.ebac.modulo39.dto.Usuario(5)) {
          primaryTableReference : usuario as u1_0
        }
      }
    }

14-04-2025 11:12:50,023-06:00 [http-nio-8080-exec-1] DEBUG org.hibernate.orm.sql.exec - Skipping reading Query result cache data: cache-enabled = false, cache-mode = NORMAL
14-04-2025 11:12:50,025-06:00 [http-nio-8080-exec-1] DEBUG org.hibernate.SQL - select u1_0.id_usuario,u1_0.edad,u1_0.nombre from usuario u1_0
14-04-2025 11:12:50,029-06:00 [http-nio-8080-exec-1] DEBUG org.hibernate.orm.results - Initializer list:
	  com.ebac.modulo39.dto.Usuario(5) -> EntityJoinedFetchInitializer(com.ebac.modulo39.dto.Usuario(5))@940759390 (SingleTableEntityPersister(com.ebac.modulo39.dto.Usuario))
	  com.ebac.modulo39.dto.Usuario(5).telefonos -> DelayedCollectionInitializer(com.ebac.modulo39.dto.Usuario(5).telefonos)@1061202262 (PluralAttribute(com.ebac.modulo39.dto.Usuario.telefonos))

14-04-2025 11:12:50,030-06:00 [http-nio-8080-exec-1] DEBUG o.s.orm.jpa.JpaTransactionManager - Initiating transaction commit
14-04-2025 11:12:50,031-06:00 [http-nio-8080-exec-1] DEBUG o.s.orm.jpa.JpaTransactionManager - Committing JPA transaction on EntityManager [SessionImpl(1503819856<open>)]
14-04-2025 11:12:50,031-06:00 [http-nio-8080-exec-1] DEBUG o.h.e.t.internal.TransactionImpl - committing
14-04-2025 11:12:50,032-06:00 [http-nio-8080-exec-1] DEBUG o.s.jdbc.datasource.DataSourceUtils - Resetting read-only flag of JDBC Connection [HikariProxyConnection@1466277140 wrapping com.mysql.cj.jdbc.ConnectionImpl@5d194314]
14-04-2025 11:12:50,033-06:00 [http-nio-8080-exec-1] DEBUG o.s.orm.jpa.JpaTransactionManager - Not closing pre-bound JPA EntityManager after transaction
14-04-2025 11:12:50,033-06:00 [http-nio-8080-exec-1] DEBUG o.s.w.s.m.m.a.RequestResponseBodyMethodProcessor - Using 'application/json', given [*/*] and supported [application/json, application/*+json]
14-04-2025 11:12:50,033-06:00 [http-nio-8080-exec-1] DEBUG o.s.w.s.m.m.a.RequestResponseBodyMethodProcessor - Writing [com.ebac.modulo39.controller.ResponseWrapper@5420b885]
14-04-2025 11:12:50,035-06:00 [http-nio-8080-exec-1] DEBUG o.s.o.j.s.OpenEntityManagerInViewInterceptor - Closing JPA EntityManager in OpenEntityManagerInViewInterceptor
14-04-2025 11:12:50,035-06:00 [http-nio-8080-exec-1] DEBUG o.s.web.servlet.DispatcherServlet - Completed 200 OK
14-04-2025 11:12:50,039-06:00 [http-nio-8080-exec-4] DEBUG o.s.web.servlet.DispatcherServlet - GET "/usuarios", parameters={}
14-04-2025 11:12:50,043-06:00 [http-nio-8080-exec-4] DEBUG o.s.w.s.m.m.a.RequestMappingHandlerMapping - Mapped to com.ebac.modulo39.controller.UsuarioController#obtenerUsuarios()
14-04-2025 11:12:50,044-06:00 [http-nio-8080-exec-4] DEBUG o.s.o.j.s.OpenEntityManagerInViewInterceptor - Opening JPA EntityManager in OpenEntityManagerInViewInterceptor
14-04-2025 11:12:50,045-06:00 [http-nio-8080-exec-4] INFO  c.e.m.controller.UsuarioController - Obteniendo usuarios
14-04-2025 11:12:50,045-06:00 [http-nio-8080-exec-4] INFO  c.e.m.controller.UsuarioController - Obteniendo usuarios
14-04-2025 11:12:50,045-06:00 [http-nio-8080-exec-4] DEBUG o.s.orm.jpa.JpaTransactionManager - Found thread-bound EntityManager [SessionImpl(192359949<open>)] for JPA transaction
14-04-2025 11:12:50,046-06:00 [http-nio-8080-exec-4] DEBUG o.s.orm.jpa.JpaTransactionManager - Creating new transaction with name [org.springframework.data.jpa.repository.support.SimpleJpaRepository.findAll]: PROPAGATION_REQUIRED,ISOLATION_DEFAULT,readOnly
14-04-2025 11:12:50,046-06:00 [http-nio-8080-exec-4] DEBUG o.s.jdbc.datasource.DataSourceUtils - Setting JDBC Connection [HikariProxyConnection@95469843 wrapping com.mysql.cj.jdbc.ConnectionImpl@5d194314] read-only
14-04-2025 11:12:50,047-06:00 [http-nio-8080-exec-4] DEBUG o.h.e.t.internal.TransactionImpl - On TransactionImpl creation, JpaCompliance#isJpaTransactionComplianceEnabled == false
14-04-2025 11:12:50,047-06:00 [http-nio-8080-exec-4] DEBUG o.h.e.t.internal.TransactionImpl - begin
14-04-2025 11:12:50,048-06:00 [http-nio-8080-exec-4] DEBUG o.s.orm.jpa.JpaTransactionManager - Exposing JPA transaction as JDBC [org.springframework.orm.jpa.vendor.HibernateJpaDialect$HibernateConnectionHandle@18f457d]
14-04-2025 11:12:50,049-06:00 [http-nio-8080-exec-4] DEBUG org.hibernate.orm.sql.ast.create - Created new SQL alias : u1_0
14-04-2025 11:12:50,049-06:00 [http-nio-8080-exec-4] DEBUG org.hibernate.orm.sql.ast.create - Registration of TableGroup [StandardTableGroup(com.ebac.modulo39.dto.Usuario(6))] with identifierForTableGroup [com.ebac.modulo39.dto.Usuario] for NavigablePath [com.ebac.modulo39.dto.Usuario] 
14-04-2025 11:12:50,049-06:00 [http-nio-8080-exec-4] DEBUG org.hibernate.orm.results.graph.AST - DomainResult Graph:
 \-EntityResultImpl [com.ebac.modulo39.dto.Usuario(6)]
 |  +-BasicFetch [com.ebac.modulo39.dto.Usuario(6).edad]
 |  +-BasicFetch [com.ebac.modulo39.dto.Usuario(6).nombre]
 |  \-DelayedCollectionFetch [com.ebac.modulo39.dto.Usuario(6).telefonos]

14-04-2025 11:12:50,050-06:00 [http-nio-8080-exec-4] DEBUG org.hibernate.orm.sql.ast.tree - SQL AST Tree:
    SelectStatement {
      FromClause {
        StandardTableGroup (u1 : com.ebac.modulo39.dto.Usuario(6)) {
          primaryTableReference : usuario as u1_0
        }
      }
    }

14-04-2025 11:12:50,050-06:00 [http-nio-8080-exec-4] DEBUG org.hibernate.orm.sql.exec - Skipping reading Query result cache data: cache-enabled = false, cache-mode = NORMAL
14-04-2025 11:12:50,050-06:00 [http-nio-8080-exec-4] DEBUG org.hibernate.SQL - select u1_0.id_usuario,u1_0.edad,u1_0.nombre from usuario u1_0
14-04-2025 11:12:50,052-06:00 [http-nio-8080-exec-4] DEBUG org.hibernate.orm.results - Initializer list:
	  com.ebac.modulo39.dto.Usuario(6) -> EntityJoinedFetchInitializer(com.ebac.modulo39.dto.Usuario(6))@2025415358 (SingleTableEntityPersister(com.ebac.modulo39.dto.Usuario))
	  com.ebac.modulo39.dto.Usuario(6).telefonos -> DelayedCollectionInitializer(com.ebac.modulo39.dto.Usuario(6).telefonos)@358151076 (PluralAttribute(com.ebac.modulo39.dto.Usuario.telefonos))

14-04-2025 11:12:50,054-06:00 [http-nio-8080-exec-4] DEBUG o.s.orm.jpa.JpaTransactionManager - Initiating transaction commit
14-04-2025 11:12:50,058-06:00 [http-nio-8080-exec-4] DEBUG o.s.orm.jpa.JpaTransactionManager - Committing JPA transaction on EntityManager [SessionImpl(192359949<open>)]
14-04-2025 11:12:50,059-06:00 [http-nio-8080-exec-4] DEBUG o.h.e.t.internal.TransactionImpl - committing
14-04-2025 11:12:50,061-06:00 [http-nio-8080-exec-4] DEBUG o.s.jdbc.datasource.DataSourceUtils - Resetting read-only flag of JDBC Connection [HikariProxyConnection@95469843 wrapping com.mysql.cj.jdbc.ConnectionImpl@5d194314]
14-04-2025 11:12:50,063-06:00 [http-nio-8080-exec-4] DEBUG o.s.orm.jpa.JpaTransactionManager - Not closing pre-bound JPA EntityManager after transaction
14-04-2025 11:12:50,064-06:00 [http-nio-8080-exec-4] DEBUG o.s.w.s.m.m.a.RequestResponseBodyMethodProcessor - Using 'application/json', given [*/*] and supported [application/json, application/*+json]
14-04-2025 11:12:50,064-06:00 [http-nio-8080-exec-4] DEBUG o.s.w.s.m.m.a.RequestResponseBodyMethodProcessor - Writing [com.ebac.modulo39.controller.ResponseWrapper@4a51ba6f]
14-04-2025 11:12:50,065-06:00 [http-nio-8080-exec-4] DEBUG o.s.o.j.s.OpenEntityManagerInViewInterceptor - Closing JPA EntityManager in OpenEntityManagerInViewInterceptor
14-04-2025 11:12:50,066-06:00 [http-nio-8080-exec-4] DEBUG o.s.web.servlet.DispatcherServlet - Completed 200 OK
14-04-2025 11:12:57,393-06:00 [http-nio-8080-exec-5] DEBUG o.s.web.servlet.DispatcherServlet - GET "/usuarios", parameters={}
14-04-2025 11:12:57,394-06:00 [http-nio-8080-exec-5] DEBUG o.s.w.s.m.m.a.RequestMappingHandlerMapping - Mapped to com.ebac.modulo39.controller.UsuarioController#obtenerUsuarios()
14-04-2025 11:12:57,394-06:00 [http-nio-8080-exec-5] DEBUG o.s.o.j.s.OpenEntityManagerInViewInterceptor - Opening JPA EntityManager in OpenEntityManagerInViewInterceptor
14-04-2025 11:12:57,395-06:00 [http-nio-8080-exec-5] INFO  c.e.m.controller.UsuarioController - Obteniendo usuarios
14-04-2025 11:12:57,395-06:00 [http-nio-8080-exec-5] INFO  c.e.m.controller.UsuarioController - Obteniendo usuarios
14-04-2025 11:12:57,395-06:00 [http-nio-8080-exec-5] DEBUG o.s.orm.jpa.JpaTransactionManager - Found thread-bound EntityManager [SessionImpl(1234917719<open>)] for JPA transaction
14-04-2025 11:12:57,395-06:00 [http-nio-8080-exec-5] DEBUG o.s.orm.jpa.JpaTransactionManager - Creating new transaction with name [org.springframework.data.jpa.repository.support.SimpleJpaRepository.findAll]: PROPAGATION_REQUIRED,ISOLATION_DEFAULT,readOnly
14-04-2025 11:12:57,396-06:00 [http-nio-8080-exec-5] DEBUG o.s.jdbc.datasource.DataSourceUtils - Setting JDBC Connection [HikariProxyConnection@1197260308 wrapping com.mysql.cj.jdbc.ConnectionImpl@5d194314] read-only
14-04-2025 11:12:57,396-06:00 [http-nio-8080-exec-5] DEBUG o.h.e.t.internal.TransactionImpl - On TransactionImpl creation, JpaCompliance#isJpaTransactionComplianceEnabled == false
14-04-2025 11:12:57,396-06:00 [http-nio-8080-exec-5] DEBUG o.h.e.t.internal.TransactionImpl - begin
14-04-2025 11:12:57,398-06:00 [http-nio-8080-exec-5] DEBUG o.s.orm.jpa.JpaTransactionManager - Exposing JPA transaction as JDBC [org.springframework.orm.jpa.vendor.HibernateJpaDialect$HibernateConnectionHandle@43633227]
14-04-2025 11:12:57,399-06:00 [http-nio-8080-exec-5] DEBUG org.hibernate.orm.sql.ast.create - Created new SQL alias : u1_0
14-04-2025 11:12:57,399-06:00 [http-nio-8080-exec-5] DEBUG org.hibernate.orm.sql.ast.create - Registration of TableGroup [StandardTableGroup(com.ebac.modulo39.dto.Usuario(7))] with identifierForTableGroup [com.ebac.modulo39.dto.Usuario] for NavigablePath [com.ebac.modulo39.dto.Usuario] 
14-04-2025 11:12:57,401-06:00 [http-nio-8080-exec-5] DEBUG org.hibernate.orm.results.graph.AST - DomainResult Graph:
 \-EntityResultImpl [com.ebac.modulo39.dto.Usuario(7)]
 |  +-BasicFetch [com.ebac.modulo39.dto.Usuario(7).edad]
 |  +-BasicFetch [com.ebac.modulo39.dto.Usuario(7).nombre]
 |  \-DelayedCollectionFetch [com.ebac.modulo39.dto.Usuario(7).telefonos]

14-04-2025 11:12:57,403-06:00 [http-nio-8080-exec-5] DEBUG org.hibernate.orm.sql.ast.tree - SQL AST Tree:
    SelectStatement {
      FromClause {
        StandardTableGroup (u1 : com.ebac.modulo39.dto.Usuario(7)) {
          primaryTableReference : usuario as u1_0
        }
      }
    }

14-04-2025 11:12:57,406-06:00 [http-nio-8080-exec-5] DEBUG org.hibernate.orm.sql.exec - Skipping reading Query result cache data: cache-enabled = false, cache-mode = NORMAL
14-04-2025 11:12:57,407-06:00 [http-nio-8080-exec-5] DEBUG org.hibernate.SQL - select u1_0.id_usuario,u1_0.edad,u1_0.nombre from usuario u1_0
14-04-2025 11:12:57,410-06:00 [http-nio-8080-exec-5] DEBUG org.hibernate.orm.results - Initializer list:
	  com.ebac.modulo39.dto.Usuario(7) -> EntityJoinedFetchInitializer(com.ebac.modulo39.dto.Usuario(7))@823263663 (SingleTableEntityPersister(com.ebac.modulo39.dto.Usuario))
	  com.ebac.modulo39.dto.Usuario(7).telefonos -> DelayedCollectionInitializer(com.ebac.modulo39.dto.Usuario(7).telefonos)@1988202876 (PluralAttribute(com.ebac.modulo39.dto.Usuario.telefonos))

14-04-2025 11:12:57,411-06:00 [http-nio-8080-exec-5] DEBUG o.s.orm.jpa.JpaTransactionManager - Initiating transaction commit
14-04-2025 11:12:57,411-06:00 [http-nio-8080-exec-5] DEBUG o.s.orm.jpa.JpaTransactionManager - Committing JPA transaction on EntityManager [SessionImpl(1234917719<open>)]
14-04-2025 11:12:57,412-06:00 [http-nio-8080-exec-5] DEBUG o.h.e.t.internal.TransactionImpl - committing
14-04-2025 11:12:57,413-06:00 [http-nio-8080-exec-5] DEBUG o.s.jdbc.datasource.DataSourceUtils - Resetting read-only flag of JDBC Connection [HikariProxyConnection@1197260308 wrapping com.mysql.cj.jdbc.ConnectionImpl@5d194314]
14-04-2025 11:12:57,413-06:00 [http-nio-8080-exec-5] DEBUG o.s.orm.jpa.JpaTransactionManager - Not closing pre-bound JPA EntityManager after transaction
14-04-2025 11:12:57,414-06:00 [http-nio-8080-exec-5] DEBUG o.s.w.s.m.m.a.RequestResponseBodyMethodProcessor - Using 'application/json', given [*/*] and supported [application/json, application/*+json]
14-04-2025 11:12:57,415-06:00 [http-nio-8080-exec-5] DEBUG o.s.w.s.m.m.a.RequestResponseBodyMethodProcessor - Writing [com.ebac.modulo39.controller.ResponseWrapper@1e6c37ed]
14-04-2025 11:12:57,420-06:00 [http-nio-8080-exec-5] DEBUG o.s.o.j.s.OpenEntityManagerInViewInterceptor - Closing JPA EntityManager in OpenEntityManagerInViewInterceptor
14-04-2025 11:12:57,421-06:00 [http-nio-8080-exec-5] DEBUG o.s.web.servlet.DispatcherServlet - Completed 200 OK
14-04-2025 11:12:57,424-06:00 [http-nio-8080-exec-6] DEBUG o.s.web.servlet.DispatcherServlet - GET "/usuarios", parameters={}
14-04-2025 11:12:57,425-06:00 [http-nio-8080-exec-6] DEBUG o.s.w.s.m.m.a.RequestMappingHandlerMapping - Mapped to com.ebac.modulo39.controller.UsuarioController#obtenerUsuarios()
14-04-2025 11:12:57,426-06:00 [http-nio-8080-exec-6] DEBUG o.s.o.j.s.OpenEntityManagerInViewInterceptor - Opening JPA EntityManager in OpenEntityManagerInViewInterceptor
14-04-2025 11:12:57,426-06:00 [http-nio-8080-exec-6] INFO  c.e.m.controller.UsuarioController - Obteniendo usuarios
14-04-2025 11:12:57,426-06:00 [http-nio-8080-exec-6] INFO  c.e.m.controller.UsuarioController - Obteniendo usuarios
14-04-2025 11:12:57,427-06:00 [http-nio-8080-exec-6] DEBUG o.s.orm.jpa.JpaTransactionManager - Found thread-bound EntityManager [SessionImpl(208155250<open>)] for JPA transaction
14-04-2025 11:12:57,427-06:00 [http-nio-8080-exec-6] DEBUG o.s.orm.jpa.JpaTransactionManager - Creating new transaction with name [org.springframework.data.jpa.repository.support.SimpleJpaRepository.findAll]: PROPAGATION_REQUIRED,ISOLATION_DEFAULT,readOnly
14-04-2025 11:12:57,427-06:00 [http-nio-8080-exec-6] DEBUG o.s.jdbc.datasource.DataSourceUtils - Setting JDBC Connection [HikariProxyConnection@45075855 wrapping com.mysql.cj.jdbc.ConnectionImpl@5d194314] read-only
14-04-2025 11:12:57,428-06:00 [http-nio-8080-exec-6] DEBUG o.h.e.t.internal.TransactionImpl - On TransactionImpl creation, JpaCompliance#isJpaTransactionComplianceEnabled == false
14-04-2025 11:12:57,428-06:00 [http-nio-8080-exec-6] DEBUG o.h.e.t.internal.TransactionImpl - begin
14-04-2025 11:12:57,429-06:00 [http-nio-8080-exec-6] DEBUG o.s.orm.jpa.JpaTransactionManager - Exposing JPA transaction as JDBC [org.springframework.orm.jpa.vendor.HibernateJpaDialect$HibernateConnectionHandle@6905902]
14-04-2025 11:12:57,429-06:00 [http-nio-8080-exec-6] DEBUG org.hibernate.orm.sql.ast.create - Created new SQL alias : u1_0
14-04-2025 11:12:57,430-06:00 [http-nio-8080-exec-6] DEBUG org.hibernate.orm.sql.ast.create - Registration of TableGroup [StandardTableGroup(com.ebac.modulo39.dto.Usuario(8))] with identifierForTableGroup [com.ebac.modulo39.dto.Usuario] for NavigablePath [com.ebac.modulo39.dto.Usuario] 
14-04-2025 11:12:57,430-06:00 [http-nio-8080-exec-6] DEBUG org.hibernate.orm.results.graph.AST - DomainResult Graph:
 \-EntityResultImpl [com.ebac.modulo39.dto.Usuario(8)]
 |  +-BasicFetch [com.ebac.modulo39.dto.Usuario(8).edad]
 |  +-BasicFetch [com.ebac.modulo39.dto.Usuario(8).nombre]
 |  \-DelayedCollectionFetch [com.ebac.modulo39.dto.Usuario(8).telefonos]

14-04-2025 11:12:57,430-06:00 [http-nio-8080-exec-6] DEBUG org.hibernate.orm.sql.ast.tree - SQL AST Tree:
    SelectStatement {
      FromClause {
        StandardTableGroup (u1 : com.ebac.modulo39.dto.Usuario(8)) {
          primaryTableReference : usuario as u1_0
        }
      }
    }

14-04-2025 11:12:57,431-06:00 [http-nio-8080-exec-6] DEBUG org.hibernate.orm.sql.exec - Skipping reading Query result cache data: cache-enabled = false, cache-mode = NORMAL
14-04-2025 11:12:57,431-06:00 [http-nio-8080-exec-6] DEBUG org.hibernate.SQL - select u1_0.id_usuario,u1_0.edad,u1_0.nombre from usuario u1_0
14-04-2025 11:12:57,433-06:00 [http-nio-8080-exec-6] DEBUG org.hibernate.orm.results - Initializer list:
	  com.ebac.modulo39.dto.Usuario(8) -> EntityJoinedFetchInitializer(com.ebac.modulo39.dto.Usuario(8))@616217285 (SingleTableEntityPersister(com.ebac.modulo39.dto.Usuario))
	  com.ebac.modulo39.dto.Usuario(8).telefonos -> DelayedCollectionInitializer(com.ebac.modulo39.dto.Usuario(8).telefonos)@1833168972 (PluralAttribute(com.ebac.modulo39.dto.Usuario.telefonos))

14-04-2025 11:12:57,433-06:00 [http-nio-8080-exec-6] DEBUG o.s.orm.jpa.JpaTransactionManager - Initiating transaction commit
14-04-2025 11:12:57,433-06:00 [http-nio-8080-exec-6] DEBUG o.s.orm.jpa.JpaTransactionManager - Committing JPA transaction on EntityManager [SessionImpl(208155250<open>)]
14-04-2025 11:12:57,433-06:00 [http-nio-8080-exec-6] DEBUG o.h.e.t.internal.TransactionImpl - committing
14-04-2025 11:12:57,434-06:00 [http-nio-8080-exec-6] DEBUG o.s.jdbc.datasource.DataSourceUtils - Resetting read-only flag of JDBC Connection [HikariProxyConnection@45075855 wrapping com.mysql.cj.jdbc.ConnectionImpl@5d194314]
14-04-2025 11:12:57,436-06:00 [http-nio-8080-exec-6] DEBUG o.s.orm.jpa.JpaTransactionManager - Not closing pre-bound JPA EntityManager after transaction
14-04-2025 11:12:57,437-06:00 [http-nio-8080-exec-6] DEBUG o.s.w.s.m.m.a.RequestResponseBodyMethodProcessor - Using 'application/json', given [*/*] and supported [application/json, application/*+json]
14-04-2025 11:12:57,437-06:00 [http-nio-8080-exec-6] DEBUG o.s.w.s.m.m.a.RequestResponseBodyMethodProcessor - Writing [com.ebac.modulo39.controller.ResponseWrapper@3694fbd3]
14-04-2025 11:12:57,438-06:00 [http-nio-8080-exec-6] DEBUG o.s.o.j.s.OpenEntityManagerInViewInterceptor - Closing JPA EntityManager in OpenEntityManagerInViewInterceptor
14-04-2025 11:12:57,438-06:00 [http-nio-8080-exec-6] DEBUG o.s.web.servlet.DispatcherServlet - Completed 200 OK
14-04-2025 11:12:58,807-06:00 [http-nio-8080-exec-7] DEBUG o.s.web.servlet.DispatcherServlet - GET "/usuarios", parameters={}
14-04-2025 11:12:58,807-06:00 [http-nio-8080-exec-7] DEBUG o.s.w.s.m.m.a.RequestMappingHandlerMapping - Mapped to com.ebac.modulo39.controller.UsuarioController#obtenerUsuarios()
14-04-2025 11:12:58,814-06:00 [http-nio-8080-exec-7] DEBUG o.s.o.j.s.OpenEntityManagerInViewInterceptor - Opening JPA EntityManager in OpenEntityManagerInViewInterceptor
14-04-2025 11:12:58,817-06:00 [http-nio-8080-exec-7] INFO  c.e.m.controller.UsuarioController - Obteniendo usuarios
14-04-2025 11:12:58,817-06:00 [http-nio-8080-exec-7] INFO  c.e.m.controller.UsuarioController - Obteniendo usuarios
14-04-2025 11:12:58,819-06:00 [http-nio-8080-exec-7] DEBUG o.s.orm.jpa.JpaTransactionManager - Found thread-bound EntityManager [SessionImpl(823045102<open>)] for JPA transaction
14-04-2025 11:12:58,820-06:00 [http-nio-8080-exec-7] DEBUG o.s.orm.jpa.JpaTransactionManager - Creating new transaction with name [org.springframework.data.jpa.repository.support.SimpleJpaRepository.findAll]: PROPAGATION_REQUIRED,ISOLATION_DEFAULT,readOnly
14-04-2025 11:12:58,822-06:00 [http-nio-8080-exec-7] DEBUG o.s.jdbc.datasource.DataSourceUtils - Setting JDBC Connection [HikariProxyConnection@1070158783 wrapping com.mysql.cj.jdbc.ConnectionImpl@5d194314] read-only
14-04-2025 11:12:58,824-06:00 [http-nio-8080-exec-7] DEBUG o.h.e.t.internal.TransactionImpl - On TransactionImpl creation, JpaCompliance#isJpaTransactionComplianceEnabled == false
14-04-2025 11:12:58,825-06:00 [http-nio-8080-exec-7] DEBUG o.h.e.t.internal.TransactionImpl - begin
14-04-2025 11:12:58,828-06:00 [http-nio-8080-exec-7] DEBUG o.s.orm.jpa.JpaTransactionManager - Exposing JPA transaction as JDBC [org.springframework.orm.jpa.vendor.HibernateJpaDialect$HibernateConnectionHandle@3bf6c09e]
14-04-2025 11:12:58,829-06:00 [http-nio-8080-exec-7] DEBUG org.hibernate.orm.sql.ast.create - Created new SQL alias : u1_0
14-04-2025 11:12:58,829-06:00 [http-nio-8080-exec-7] DEBUG org.hibernate.orm.sql.ast.create - Registration of TableGroup [StandardTableGroup(com.ebac.modulo39.dto.Usuario(9))] with identifierForTableGroup [com.ebac.modulo39.dto.Usuario] for NavigablePath [com.ebac.modulo39.dto.Usuario] 
14-04-2025 11:12:58,830-06:00 [http-nio-8080-exec-7] DEBUG org.hibernate.orm.results.graph.AST - DomainResult Graph:
 \-EntityResultImpl [com.ebac.modulo39.dto.Usuario(9)]
 |  +-BasicFetch [com.ebac.modulo39.dto.Usuario(9).edad]
 |  +-BasicFetch [com.ebac.modulo39.dto.Usuario(9).nombre]
 |  \-DelayedCollectionFetch [com.ebac.modulo39.dto.Usuario(9).telefonos]

14-04-2025 11:12:58,831-06:00 [http-nio-8080-exec-7] DEBUG org.hibernate.orm.sql.ast.tree - SQL AST Tree:
    SelectStatement {
      FromClause {
        StandardTableGroup (u1 : com.ebac.modulo39.dto.Usuario(9)) {
          primaryTableReference : usuario as u1_0
        }
      }
    }

14-04-2025 11:12:58,831-06:00 [http-nio-8080-exec-7] DEBUG org.hibernate.orm.sql.exec - Skipping reading Query result cache data: cache-enabled = false, cache-mode = NORMAL
14-04-2025 11:12:58,832-06:00 [http-nio-8080-exec-7] DEBUG org.hibernate.SQL - select u1_0.id_usuario,u1_0.edad,u1_0.nombre from usuario u1_0
14-04-2025 11:12:58,833-06:00 [http-nio-8080-exec-7] DEBUG org.hibernate.orm.results - Initializer list:
	  com.ebac.modulo39.dto.Usuario(9).telefonos -> DelayedCollectionInitializer(com.ebac.modulo39.dto.Usuario(9).telefonos)@1690500013 (PluralAttribute(com.ebac.modulo39.dto.Usuario.telefonos))
	  com.ebac.modulo39.dto.Usuario(9) -> EntityJoinedFetchInitializer(com.ebac.modulo39.dto.Usuario(9))@1505477811 (SingleTableEntityPersister(com.ebac.modulo39.dto.Usuario))

14-04-2025 11:12:58,834-06:00 [http-nio-8080-exec-7] DEBUG o.s.orm.jpa.JpaTransactionManager - Initiating transaction commit
14-04-2025 11:12:58,834-06:00 [http-nio-8080-exec-7] DEBUG o.s.orm.jpa.JpaTransactionManager - Committing JPA transaction on EntityManager [SessionImpl(823045102<open>)]
14-04-2025 11:12:58,835-06:00 [http-nio-8080-exec-7] DEBUG o.h.e.t.internal.TransactionImpl - committing
14-04-2025 11:12:58,838-06:00 [http-nio-8080-exec-7] DEBUG o.s.jdbc.datasource.DataSourceUtils - Resetting read-only flag of JDBC Connection [HikariProxyConnection@1070158783 wrapping com.mysql.cj.jdbc.ConnectionImpl@5d194314]
14-04-2025 11:12:58,839-06:00 [http-nio-8080-exec-7] DEBUG o.s.orm.jpa.JpaTransactionManager - Not closing pre-bound JPA EntityManager after transaction
14-04-2025 11:12:58,839-06:00 [http-nio-8080-exec-7] DEBUG o.s.w.s.m.m.a.RequestResponseBodyMethodProcessor - Using 'application/json', given [*/*] and supported [application/json, application/*+json]
14-04-2025 11:12:58,840-06:00 [http-nio-8080-exec-7] DEBUG o.s.w.s.m.m.a.RequestResponseBodyMethodProcessor - Writing [com.ebac.modulo39.controller.ResponseWrapper@5c2077e3]
14-04-2025 11:12:58,841-06:00 [http-nio-8080-exec-7] DEBUG o.s.o.j.s.OpenEntityManagerInViewInterceptor - Closing JPA EntityManager in OpenEntityManagerInViewInterceptor
14-04-2025 11:12:58,841-06:00 [http-nio-8080-exec-7] DEBUG o.s.web.servlet.DispatcherServlet - Completed 200 OK
14-04-2025 11:12:58,843-06:00 [http-nio-8080-exec-10] DEBUG o.s.web.servlet.DispatcherServlet - GET "/usuarios", parameters={}
14-04-2025 11:12:58,843-06:00 [http-nio-8080-exec-10] DEBUG o.s.w.s.m.m.a.RequestMappingHandlerMapping - Mapped to com.ebac.modulo39.controller.UsuarioController#obtenerUsuarios()
14-04-2025 11:12:58,843-06:00 [http-nio-8080-exec-10] DEBUG o.s.o.j.s.OpenEntityManagerInViewInterceptor - Opening JPA EntityManager in OpenEntityManagerInViewInterceptor
14-04-2025 11:12:58,844-06:00 [http-nio-8080-exec-10] INFO  c.e.m.controller.UsuarioController - Obteniendo usuarios
14-04-2025 11:12:58,844-06:00 [http-nio-8080-exec-10] INFO  c.e.m.controller.UsuarioController - Obteniendo usuarios
14-04-2025 11:12:58,844-06:00 [http-nio-8080-exec-10] DEBUG o.s.orm.jpa.JpaTransactionManager - Found thread-bound EntityManager [SessionImpl(1288653068<open>)] for JPA transaction
14-04-2025 11:12:58,844-06:00 [http-nio-8080-exec-10] DEBUG o.s.orm.jpa.JpaTransactionManager - Creating new transaction with name [org.springframework.data.jpa.repository.support.SimpleJpaRepository.findAll]: PROPAGATION_REQUIRED,ISOLATION_DEFAULT,readOnly
14-04-2025 11:12:58,845-06:00 [http-nio-8080-exec-10] DEBUG o.s.jdbc.datasource.DataSourceUtils - Setting JDBC Connection [HikariProxyConnection@1107869413 wrapping com.mysql.cj.jdbc.ConnectionImpl@5d194314] read-only
14-04-2025 11:12:58,845-06:00 [http-nio-8080-exec-10] DEBUG o.h.e.t.internal.TransactionImpl - On TransactionImpl creation, JpaCompliance#isJpaTransactionComplianceEnabled == false
14-04-2025 11:12:58,846-06:00 [http-nio-8080-exec-10] DEBUG o.h.e.t.internal.TransactionImpl - begin
14-04-2025 11:12:58,846-06:00 [http-nio-8080-exec-10] DEBUG o.s.orm.jpa.JpaTransactionManager - Exposing JPA transaction as JDBC [org.springframework.orm.jpa.vendor.HibernateJpaDialect$HibernateConnectionHandle@4637227c]
14-04-2025 11:12:58,847-06:00 [http-nio-8080-exec-10] DEBUG org.hibernate.orm.sql.ast.create - Created new SQL alias : u1_0
14-04-2025 11:12:58,847-06:00 [http-nio-8080-exec-10] DEBUG org.hibernate.orm.sql.ast.create - Registration of TableGroup [StandardTableGroup(com.ebac.modulo39.dto.Usuario(10))] with identifierForTableGroup [com.ebac.modulo39.dto.Usuario] for NavigablePath [com.ebac.modulo39.dto.Usuario] 
14-04-2025 11:12:58,848-06:00 [http-nio-8080-exec-10] DEBUG org.hibernate.orm.results.graph.AST - DomainResult Graph:
 \-EntityResultImpl [com.ebac.modulo39.dto.Usuario(10)]
 |  +-BasicFetch [com.ebac.modulo39.dto.Usuario(10).edad]
 |  +-BasicFetch [com.ebac.modulo39.dto.Usuario(10).nombre]
 |  \-DelayedCollectionFetch [com.ebac.modulo39.dto.Usuario(10).telefonos]

14-04-2025 11:12:58,848-06:00 [http-nio-8080-exec-10] DEBUG org.hibernate.orm.sql.ast.tree - SQL AST Tree:
    SelectStatement {
      FromClause {
        StandardTableGroup (u1 : com.ebac.modulo39.dto.Usuario(10)) {
          primaryTableReference : usuario as u1_0
        }
      }
    }

14-04-2025 11:12:58,849-06:00 [http-nio-8080-exec-10] DEBUG org.hibernate.orm.sql.exec - Skipping reading Query result cache data: cache-enabled = false, cache-mode = NORMAL
14-04-2025 11:12:58,849-06:00 [http-nio-8080-exec-10] DEBUG org.hibernate.SQL - select u1_0.id_usuario,u1_0.edad,u1_0.nombre from usuario u1_0
14-04-2025 11:12:58,851-06:00 [http-nio-8080-exec-10] DEBUG org.hibernate.orm.results - Initializer list:
	  com.ebac.modulo39.dto.Usuario(10).telefonos -> DelayedCollectionInitializer(com.ebac.modulo39.dto.Usuario(10).telefonos)@668514461 (PluralAttribute(com.ebac.modulo39.dto.Usuario.telefonos))
	  com.ebac.modulo39.dto.Usuario(10) -> EntityJoinedFetchInitializer(com.ebac.modulo39.dto.Usuario(10))@1453579188 (SingleTableEntityPersister(com.ebac.modulo39.dto.Usuario))

14-04-2025 11:12:58,851-06:00 [http-nio-8080-exec-10] DEBUG o.s.orm.jpa.JpaTransactionManager - Initiating transaction commit
14-04-2025 11:12:58,851-06:00 [http-nio-8080-exec-10] DEBUG o.s.orm.jpa.JpaTransactionManager - Committing JPA transaction on EntityManager [SessionImpl(1288653068<open>)]
14-04-2025 11:12:58,851-06:00 [http-nio-8080-exec-10] DEBUG o.h.e.t.internal.TransactionImpl - committing
14-04-2025 11:12:58,854-06:00 [http-nio-8080-exec-10] DEBUG o.s.jdbc.datasource.DataSourceUtils - Resetting read-only flag of JDBC Connection [HikariProxyConnection@1107869413 wrapping com.mysql.cj.jdbc.ConnectionImpl@5d194314]
14-04-2025 11:12:58,855-06:00 [http-nio-8080-exec-10] DEBUG o.s.orm.jpa.JpaTransactionManager - Not closing pre-bound JPA EntityManager after transaction
14-04-2025 11:12:58,855-06:00 [http-nio-8080-exec-10] DEBUG o.s.w.s.m.m.a.RequestResponseBodyMethodProcessor - Using 'application/json', given [*/*] and supported [application/json, application/*+json]
14-04-2025 11:12:58,855-06:00 [http-nio-8080-exec-10] DEBUG o.s.w.s.m.m.a.RequestResponseBodyMethodProcessor - Writing [com.ebac.modulo39.controller.ResponseWrapper@6aaaa648]
14-04-2025 11:12:58,856-06:00 [http-nio-8080-exec-10] DEBUG o.s.o.j.s.OpenEntityManagerInViewInterceptor - Closing JPA EntityManager in OpenEntityManagerInViewInterceptor
14-04-2025 11:12:58,856-06:00 [http-nio-8080-exec-10] DEBUG o.s.web.servlet.DispatcherServlet - Completed 200 OK
14-04-2025 11:13:14,895-06:00 [http-nio-8080-exec-8] DEBUG o.s.web.servlet.DispatcherServlet - GET "/usuarios", parameters={}
14-04-2025 11:13:14,895-06:00 [http-nio-8080-exec-8] DEBUG o.s.w.s.m.m.a.RequestMappingHandlerMapping - Mapped to com.ebac.modulo39.controller.UsuarioController#obtenerUsuarios()
14-04-2025 11:13:14,895-06:00 [http-nio-8080-exec-8] DEBUG o.s.o.j.s.OpenEntityManagerInViewInterceptor - Opening JPA EntityManager in OpenEntityManagerInViewInterceptor
14-04-2025 11:13:14,895-06:00 [http-nio-8080-exec-8] INFO  c.e.m.controller.UsuarioController - Obteniendo usuarios
14-04-2025 11:13:14,895-06:00 [http-nio-8080-exec-8] INFO  c.e.m.controller.UsuarioController - Obteniendo usuarios
14-04-2025 11:13:14,900-06:00 [http-nio-8080-exec-8] DEBUG o.s.orm.jpa.JpaTransactionManager - Found thread-bound EntityManager [SessionImpl(1600050877<open>)] for JPA transaction
14-04-2025 11:13:14,900-06:00 [http-nio-8080-exec-8] DEBUG o.s.orm.jpa.JpaTransactionManager - Creating new transaction with name [org.springframework.data.jpa.repository.support.SimpleJpaRepository.findAll]: PROPAGATION_REQUIRED,ISOLATION_DEFAULT,readOnly
14-04-2025 11:13:14,901-06:00 [http-nio-8080-exec-8] DEBUG o.s.jdbc.datasource.DataSourceUtils - Setting JDBC Connection [HikariProxyConnection@1368990502 wrapping com.mysql.cj.jdbc.ConnectionImpl@5d194314] read-only
14-04-2025 11:13:14,902-06:00 [http-nio-8080-exec-8] DEBUG o.h.e.t.internal.TransactionImpl - On TransactionImpl creation, JpaCompliance#isJpaTransactionComplianceEnabled == false
14-04-2025 11:13:14,903-06:00 [http-nio-8080-exec-8] DEBUG o.h.e.t.internal.TransactionImpl - begin
14-04-2025 11:13:14,903-06:00 [http-nio-8080-exec-8] DEBUG o.s.orm.jpa.JpaTransactionManager - Exposing JPA transaction as JDBC [org.springframework.orm.jpa.vendor.HibernateJpaDialect$HibernateConnectionHandle@55a6bdcd]
14-04-2025 11:13:14,904-06:00 [http-nio-8080-exec-8] DEBUG org.hibernate.orm.sql.ast.create - Created new SQL alias : u1_0
14-04-2025 11:13:14,904-06:00 [http-nio-8080-exec-8] DEBUG org.hibernate.orm.sql.ast.create - Registration of TableGroup [StandardTableGroup(com.ebac.modulo39.dto.Usuario(11))] with identifierForTableGroup [com.ebac.modulo39.dto.Usuario] for NavigablePath [com.ebac.modulo39.dto.Usuario] 
14-04-2025 11:13:14,905-06:00 [http-nio-8080-exec-8] DEBUG org.hibernate.orm.results.graph.AST - DomainResult Graph:
 \-EntityResultImpl [com.ebac.modulo39.dto.Usuario(11)]
 |  +-BasicFetch [com.ebac.modulo39.dto.Usuario(11).edad]
 |  +-BasicFetch [com.ebac.modulo39.dto.Usuario(11).nombre]
 |  \-DelayedCollectionFetch [com.ebac.modulo39.dto.Usuario(11).telefonos]

14-04-2025 11:13:14,905-06:00 [http-nio-8080-exec-8] DEBUG org.hibernate.orm.sql.ast.tree - SQL AST Tree:
    SelectStatement {
      FromClause {
        StandardTableGroup (u1 : com.ebac.modulo39.dto.Usuario(11)) {
          primaryTableReference : usuario as u1_0
        }
      }
    }

14-04-2025 11:13:14,906-06:00 [http-nio-8080-exec-8] DEBUG org.hibernate.orm.sql.exec - Skipping reading Query result cache data: cache-enabled = false, cache-mode = NORMAL
14-04-2025 11:13:14,906-06:00 [http-nio-8080-exec-8] DEBUG org.hibernate.SQL - select u1_0.id_usuario,u1_0.edad,u1_0.nombre from usuario u1_0
14-04-2025 11:13:14,908-06:00 [http-nio-8080-exec-8] DEBUG org.hibernate.orm.results - Initializer list:
	  com.ebac.modulo39.dto.Usuario(11).telefonos -> DelayedCollectionInitializer(com.ebac.modulo39.dto.Usuario(11).telefonos)@745485140 (PluralAttribute(com.ebac.modulo39.dto.Usuario.telefonos))
	  com.ebac.modulo39.dto.Usuario(11) -> EntityJoinedFetchInitializer(com.ebac.modulo39.dto.Usuario(11))@1523756590 (SingleTableEntityPersister(com.ebac.modulo39.dto.Usuario))

14-04-2025 11:13:14,908-06:00 [http-nio-8080-exec-8] DEBUG o.s.orm.jpa.JpaTransactionManager - Initiating transaction commit
14-04-2025 11:13:14,908-06:00 [http-nio-8080-exec-8] DEBUG o.s.orm.jpa.JpaTransactionManager - Committing JPA transaction on EntityManager [SessionImpl(1600050877<open>)]
14-04-2025 11:13:14,908-06:00 [http-nio-8080-exec-8] DEBUG o.h.e.t.internal.TransactionImpl - committing
14-04-2025 11:13:14,909-06:00 [http-nio-8080-exec-8] DEBUG o.s.jdbc.datasource.DataSourceUtils - Resetting read-only flag of JDBC Connection [HikariProxyConnection@1368990502 wrapping com.mysql.cj.jdbc.ConnectionImpl@5d194314]
14-04-2025 11:13:14,910-06:00 [http-nio-8080-exec-8] DEBUG o.s.orm.jpa.JpaTransactionManager - Not closing pre-bound JPA EntityManager after transaction
14-04-2025 11:13:14,911-06:00 [http-nio-8080-exec-8] DEBUG o.s.w.s.m.m.a.RequestResponseBodyMethodProcessor - Using 'application/json', given [*/*] and supported [application/json, application/*+json]
14-04-2025 11:13:14,911-06:00 [http-nio-8080-exec-8] DEBUG o.s.w.s.m.m.a.RequestResponseBodyMethodProcessor - Writing [com.ebac.modulo39.controller.ResponseWrapper@35b02cc3]
14-04-2025 11:13:14,912-06:00 [http-nio-8080-exec-8] DEBUG o.s.o.j.s.OpenEntityManagerInViewInterceptor - Closing JPA EntityManager in OpenEntityManagerInViewInterceptor
14-04-2025 11:13:14,912-06:00 [http-nio-8080-exec-8] DEBUG o.s.web.servlet.DispatcherServlet - Completed 200 OK
14-04-2025 11:13:14,914-06:00 [http-nio-8080-exec-9] DEBUG o.s.web.servlet.DispatcherServlet - GET "/usuarios", parameters={}
14-04-2025 11:13:14,914-06:00 [http-nio-8080-exec-9] DEBUG o.s.w.s.m.m.a.RequestMappingHandlerMapping - Mapped to com.ebac.modulo39.controller.UsuarioController#obtenerUsuarios()
14-04-2025 11:13:14,915-06:00 [http-nio-8080-exec-9] DEBUG o.s.o.j.s.OpenEntityManagerInViewInterceptor - Opening JPA EntityManager in OpenEntityManagerInViewInterceptor
14-04-2025 11:13:14,917-06:00 [http-nio-8080-exec-9] INFO  c.e.m.controller.UsuarioController - Obteniendo usuarios
14-04-2025 11:13:14,917-06:00 [http-nio-8080-exec-9] INFO  c.e.m.controller.UsuarioController - Obteniendo usuarios
14-04-2025 11:13:14,919-06:00 [http-nio-8080-exec-9] DEBUG o.s.orm.jpa.JpaTransactionManager - Found thread-bound EntityManager [SessionImpl(911803653<open>)] for JPA transaction
14-04-2025 11:13:14,919-06:00 [http-nio-8080-exec-9] DEBUG o.s.orm.jpa.JpaTransactionManager - Creating new transaction with name [org.springframework.data.jpa.repository.support.SimpleJpaRepository.findAll]: PROPAGATION_REQUIRED,ISOLATION_DEFAULT,readOnly
14-04-2025 11:13:14,920-06:00 [http-nio-8080-exec-9] DEBUG o.s.jdbc.datasource.DataSourceUtils - Setting JDBC Connection [HikariProxyConnection@949943742 wrapping com.mysql.cj.jdbc.ConnectionImpl@5d194314] read-only
14-04-2025 11:13:14,921-06:00 [http-nio-8080-exec-9] DEBUG o.h.e.t.internal.TransactionImpl - On TransactionImpl creation, JpaCompliance#isJpaTransactionComplianceEnabled == false
14-04-2025 11:13:14,921-06:00 [http-nio-8080-exec-9] DEBUG o.h.e.t.internal.TransactionImpl - begin
14-04-2025 11:13:14,922-06:00 [http-nio-8080-exec-9] DEBUG o.s.orm.jpa.JpaTransactionManager - Exposing JPA transaction as JDBC [org.springframework.orm.jpa.vendor.HibernateJpaDialect$HibernateConnectionHandle@3ca16e75]
14-04-2025 11:13:14,925-06:00 [http-nio-8080-exec-9] DEBUG org.hibernate.orm.sql.ast.create - Created new SQL alias : u1_0
14-04-2025 11:13:14,926-06:00 [http-nio-8080-exec-9] DEBUG org.hibernate.orm.sql.ast.create - Registration of TableGroup [StandardTableGroup(com.ebac.modulo39.dto.Usuario(12))] with identifierForTableGroup [com.ebac.modulo39.dto.Usuario] for NavigablePath [com.ebac.modulo39.dto.Usuario] 
14-04-2025 11:13:14,927-06:00 [http-nio-8080-exec-9] DEBUG org.hibernate.orm.results.graph.AST - DomainResult Graph:
 \-EntityResultImpl [com.ebac.modulo39.dto.Usuario(12)]
 |  +-BasicFetch [com.ebac.modulo39.dto.Usuario(12).edad]
 |  +-BasicFetch [com.ebac.modulo39.dto.Usuario(12).nombre]
 |  \-DelayedCollectionFetch [com.ebac.modulo39.dto.Usuario(12).telefonos]

14-04-2025 11:13:14,927-06:00 [http-nio-8080-exec-9] DEBUG org.hibernate.orm.sql.ast.tree - SQL AST Tree:
    SelectStatement {
      FromClause {
        StandardTableGroup (u1 : com.ebac.modulo39.dto.Usuario(12)) {
          primaryTableReference : usuario as u1_0
        }
      }
    }

14-04-2025 11:13:14,928-06:00 [http-nio-8080-exec-9] DEBUG org.hibernate.orm.sql.exec - Skipping reading Query result cache data: cache-enabled = false, cache-mode = NORMAL
14-04-2025 11:13:14,928-06:00 [http-nio-8080-exec-9] DEBUG org.hibernate.SQL - select u1_0.id_usuario,u1_0.edad,u1_0.nombre from usuario u1_0
14-04-2025 11:13:14,930-06:00 [http-nio-8080-exec-9] DEBUG org.hibernate.orm.results - Initializer list:
	  com.ebac.modulo39.dto.Usuario(12).telefonos -> DelayedCollectionInitializer(com.ebac.modulo39.dto.Usuario(12).telefonos)@904791055 (PluralAttribute(com.ebac.modulo39.dto.Usuario.telefonos))
	  com.ebac.modulo39.dto.Usuario(12) -> EntityJoinedFetchInitializer(com.ebac.modulo39.dto.Usuario(12))@1685191659 (SingleTableEntityPersister(com.ebac.modulo39.dto.Usuario))

14-04-2025 11:13:14,930-06:00 [http-nio-8080-exec-9] DEBUG o.s.orm.jpa.JpaTransactionManager - Initiating transaction commit
14-04-2025 11:13:14,930-06:00 [http-nio-8080-exec-9] DEBUG o.s.orm.jpa.JpaTransactionManager - Committing JPA transaction on EntityManager [SessionImpl(911803653<open>)]
14-04-2025 11:13:14,930-06:00 [http-nio-8080-exec-9] DEBUG o.h.e.t.internal.TransactionImpl - committing
14-04-2025 11:13:14,931-06:00 [http-nio-8080-exec-9] DEBUG o.s.jdbc.datasource.DataSourceUtils - Resetting read-only flag of JDBC Connection [HikariProxyConnection@949943742 wrapping com.mysql.cj.jdbc.ConnectionImpl@5d194314]
14-04-2025 11:13:14,933-06:00 [http-nio-8080-exec-9] DEBUG o.s.orm.jpa.JpaTransactionManager - Not closing pre-bound JPA EntityManager after transaction
14-04-2025 11:13:14,933-06:00 [http-nio-8080-exec-9] DEBUG o.s.w.s.m.m.a.RequestResponseBodyMethodProcessor - Using 'application/json', given [*/*] and supported [application/json, application/*+json]
14-04-2025 11:13:14,933-06:00 [http-nio-8080-exec-9] DEBUG o.s.w.s.m.m.a.RequestResponseBodyMethodProcessor - Writing [com.ebac.modulo39.controller.ResponseWrapper@5110f75e]
14-04-2025 11:13:14,934-06:00 [http-nio-8080-exec-9] DEBUG o.s.o.j.s.OpenEntityManagerInViewInterceptor - Closing JPA EntityManager in OpenEntityManagerInViewInterceptor
14-04-2025 11:13:14,935-06:00 [http-nio-8080-exec-9] DEBUG o.s.web.servlet.DispatcherServlet - Completed 200 OK
14-04-2025 11:13:17,543-06:00 [HikariPool-1 housekeeper] DEBUG com.zaxxer.hikari.pool.HikariPool - HikariPool-1 - Pool stats (total=10, active=0, idle=10, waiting=0)
14-04-2025 11:13:17,543-06:00 [HikariPool-1 housekeeper] DEBUG com.zaxxer.hikari.pool.HikariPool - HikariPool-1 - Fill pool skipped, pool has sufficient level or currently being filled.
14-04-2025 11:13:47,543-06:00 [HikariPool-1 housekeeper] DEBUG com.zaxxer.hikari.pool.HikariPool - HikariPool-1 - Pool stats (total=10, active=0, idle=10, waiting=0)
14-04-2025 11:13:47,543-06:00 [HikariPool-1 housekeeper] DEBUG com.zaxxer.hikari.pool.HikariPool - HikariPool-1 - Fill pool skipped, pool has sufficient level or currently being filled.
14-04-2025 11:14:17,545-06:00 [HikariPool-1 housekeeper] DEBUG com.zaxxer.hikari.pool.HikariPool - HikariPool-1 - Pool stats (total=10, active=0, idle=10, waiting=0)
14-04-2025 11:14:17,545-06:00 [HikariPool-1 housekeeper] DEBUG com.zaxxer.hikari.pool.HikariPool - HikariPool-1 - Fill pool skipped, pool has sufficient level or currently being filled.
14-04-2025 11:14:40,562-06:00 [http-nio-8080-exec-1] DEBUG o.s.web.servlet.DispatcherServlet - GET "/usuarios", parameters={}
14-04-2025 11:14:40,563-06:00 [http-nio-8080-exec-1] DEBUG o.s.w.s.m.m.a.RequestMappingHandlerMapping - Mapped to com.ebac.modulo39.controller.UsuarioController#obtenerUsuarios()
14-04-2025 11:14:40,563-06:00 [http-nio-8080-exec-1] DEBUG o.s.o.j.s.OpenEntityManagerInViewInterceptor - Opening JPA EntityManager in OpenEntityManagerInViewInterceptor
14-04-2025 11:14:40,564-06:00 [http-nio-8080-exec-1] INFO  c.e.m.controller.UsuarioController - Obteniendo usuarios
14-04-2025 11:14:40,564-06:00 [http-nio-8080-exec-1] INFO  c.e.m.controller.UsuarioController - Obteniendo usuarios
14-04-2025 11:14:40,565-06:00 [http-nio-8080-exec-1] DEBUG o.s.orm.jpa.JpaTransactionManager - Found thread-bound EntityManager [SessionImpl(2052477814<open>)] for JPA transaction
14-04-2025 11:14:40,565-06:00 [http-nio-8080-exec-1] DEBUG o.s.orm.jpa.JpaTransactionManager - Creating new transaction with name [org.springframework.data.jpa.repository.support.SimpleJpaRepository.findAll]: PROPAGATION_REQUIRED,ISOLATION_DEFAULT,readOnly
14-04-2025 11:14:40,565-06:00 [http-nio-8080-exec-1] DEBUG o.s.jdbc.datasource.DataSourceUtils - Setting JDBC Connection [HikariProxyConnection@1080446835 wrapping com.mysql.cj.jdbc.ConnectionImpl@5d194314] read-only
14-04-2025 11:14:40,565-06:00 [http-nio-8080-exec-1] DEBUG o.h.e.t.internal.TransactionImpl - On TransactionImpl creation, JpaCompliance#isJpaTransactionComplianceEnabled == false
14-04-2025 11:14:40,565-06:00 [http-nio-8080-exec-1] DEBUG o.h.e.t.internal.TransactionImpl - begin
14-04-2025 11:14:40,565-06:00 [http-nio-8080-exec-1] DEBUG o.s.orm.jpa.JpaTransactionManager - Exposing JPA transaction as JDBC [org.springframework.orm.jpa.vendor.HibernateJpaDialect$HibernateConnectionHandle@7d77a98b]
14-04-2025 11:14:40,571-06:00 [http-nio-8080-exec-1] DEBUG org.hibernate.orm.sql.ast.create - Created new SQL alias : u1_0
14-04-2025 11:14:40,571-06:00 [http-nio-8080-exec-1] DEBUG org.hibernate.orm.sql.ast.create - Registration of TableGroup [StandardTableGroup(com.ebac.modulo39.dto.Usuario(13))] with identifierForTableGroup [com.ebac.modulo39.dto.Usuario] for NavigablePath [com.ebac.modulo39.dto.Usuario] 
14-04-2025 11:14:40,572-06:00 [http-nio-8080-exec-1] DEBUG org.hibernate.orm.results.graph.AST - DomainResult Graph:
 \-EntityResultImpl [com.ebac.modulo39.dto.Usuario(13)]
 |  +-BasicFetch [com.ebac.modulo39.dto.Usuario(13).edad]
 |  +-BasicFetch [com.ebac.modulo39.dto.Usuario(13).nombre]
 |  \-DelayedCollectionFetch [com.ebac.modulo39.dto.Usuario(13).telefonos]

14-04-2025 11:14:40,573-06:00 [http-nio-8080-exec-1] DEBUG org.hibernate.orm.sql.ast.tree - SQL AST Tree:
    SelectStatement {
      FromClause {
        StandardTableGroup (u1 : com.ebac.modulo39.dto.Usuario(13)) {
          primaryTableReference : usuario as u1_0
        }
      }
    }

14-04-2025 11:14:40,573-06:00 [http-nio-8080-exec-1] DEBUG org.hibernate.orm.sql.exec - Skipping reading Query result cache data: cache-enabled = false, cache-mode = NORMAL
14-04-2025 11:14:40,573-06:00 [http-nio-8080-exec-1] DEBUG org.hibernate.SQL - select u1_0.id_usuario,u1_0.edad,u1_0.nombre from usuario u1_0
14-04-2025 11:14:40,575-06:00 [http-nio-8080-exec-1] DEBUG org.hibernate.orm.results - Initializer list:
	  com.ebac.modulo39.dto.Usuario(13) -> EntityJoinedFetchInitializer(com.ebac.modulo39.dto.Usuario(13))@1625858022 (SingleTableEntityPersister(com.ebac.modulo39.dto.Usuario))
	  com.ebac.modulo39.dto.Usuario(13).telefonos -> DelayedCollectionInitializer(com.ebac.modulo39.dto.Usuario(13).telefonos)@701495890 (PluralAttribute(com.ebac.modulo39.dto.Usuario.telefonos))

14-04-2025 11:14:40,576-06:00 [http-nio-8080-exec-1] DEBUG o.s.orm.jpa.JpaTransactionManager - Initiating transaction commit
14-04-2025 11:14:40,576-06:00 [http-nio-8080-exec-1] DEBUG o.s.orm.jpa.JpaTransactionManager - Committing JPA transaction on EntityManager [SessionImpl(2052477814<open>)]
14-04-2025 11:14:40,576-06:00 [http-nio-8080-exec-1] DEBUG o.h.e.t.internal.TransactionImpl - committing
14-04-2025 11:14:40,578-06:00 [http-nio-8080-exec-1] DEBUG o.s.jdbc.datasource.DataSourceUtils - Resetting read-only flag of JDBC Connection [HikariProxyConnection@1080446835 wrapping com.mysql.cj.jdbc.ConnectionImpl@5d194314]
14-04-2025 11:14:40,578-06:00 [http-nio-8080-exec-1] DEBUG o.s.orm.jpa.JpaTransactionManager - Not closing pre-bound JPA EntityManager after transaction
14-04-2025 11:14:40,579-06:00 [http-nio-8080-exec-1] DEBUG o.s.w.s.m.m.a.RequestResponseBodyMethodProcessor - Using 'application/json', given [*/*] and supported [application/json, application/*+json]
14-04-2025 11:14:40,579-06:00 [http-nio-8080-exec-1] DEBUG o.s.w.s.m.m.a.RequestResponseBodyMethodProcessor - Writing [com.ebac.modulo39.controller.ResponseWrapper@5efc73df]
14-04-2025 11:14:40,581-06:00 [http-nio-8080-exec-1] DEBUG o.s.o.j.s.OpenEntityManagerInViewInterceptor - Closing JPA EntityManager in OpenEntityManagerInViewInterceptor
14-04-2025 11:14:40,581-06:00 [http-nio-8080-exec-1] DEBUG o.s.web.servlet.DispatcherServlet - Completed 200 OK
14-04-2025 11:14:40,584-06:00 [http-nio-8080-exec-4] DEBUG o.s.web.servlet.DispatcherServlet - GET "/usuarios", parameters={}
14-04-2025 11:14:40,584-06:00 [http-nio-8080-exec-4] DEBUG o.s.w.s.m.m.a.RequestMappingHandlerMapping - Mapped to com.ebac.modulo39.controller.UsuarioController#obtenerUsuarios()
14-04-2025 11:14:40,585-06:00 [http-nio-8080-exec-4] DEBUG o.s.o.j.s.OpenEntityManagerInViewInterceptor - Opening JPA EntityManager in OpenEntityManagerInViewInterceptor
14-04-2025 11:14:40,585-06:00 [http-nio-8080-exec-4] INFO  c.e.m.controller.UsuarioController - Obteniendo usuarios
14-04-2025 11:14:40,585-06:00 [http-nio-8080-exec-4] INFO  c.e.m.controller.UsuarioController - Obteniendo usuarios
14-04-2025 11:14:40,586-06:00 [http-nio-8080-exec-4] DEBUG o.s.orm.jpa.JpaTransactionManager - Found thread-bound EntityManager [SessionImpl(2043583753<open>)] for JPA transaction
14-04-2025 11:14:40,586-06:00 [http-nio-8080-exec-4] DEBUG o.s.orm.jpa.JpaTransactionManager - Creating new transaction with name [org.springframework.data.jpa.repository.support.SimpleJpaRepository.findAll]: PROPAGATION_REQUIRED,ISOLATION_DEFAULT,readOnly
14-04-2025 11:14:40,587-06:00 [http-nio-8080-exec-4] DEBUG o.s.jdbc.datasource.DataSourceUtils - Setting JDBC Connection [HikariProxyConnection@727290951 wrapping com.mysql.cj.jdbc.ConnectionImpl@5d194314] read-only
14-04-2025 11:14:40,587-06:00 [http-nio-8080-exec-4] DEBUG o.h.e.t.internal.TransactionImpl - On TransactionImpl creation, JpaCompliance#isJpaTransactionComplianceEnabled == false
14-04-2025 11:14:40,588-06:00 [http-nio-8080-exec-4] DEBUG o.h.e.t.internal.TransactionImpl - begin
14-04-2025 11:14:40,589-06:00 [http-nio-8080-exec-4] DEBUG o.s.orm.jpa.JpaTransactionManager - Exposing JPA transaction as JDBC [org.springframework.orm.jpa.vendor.HibernateJpaDialect$HibernateConnectionHandle@6c91c284]
14-04-2025 11:14:40,590-06:00 [http-nio-8080-exec-4] DEBUG org.hibernate.orm.sql.ast.create - Created new SQL alias : u1_0
14-04-2025 11:14:40,590-06:00 [http-nio-8080-exec-4] DEBUG org.hibernate.orm.sql.ast.create - Registration of TableGroup [StandardTableGroup(com.ebac.modulo39.dto.Usuario(14))] with identifierForTableGroup [com.ebac.modulo39.dto.Usuario] for NavigablePath [com.ebac.modulo39.dto.Usuario] 
14-04-2025 11:14:40,590-06:00 [http-nio-8080-exec-4] DEBUG org.hibernate.orm.results.graph.AST - DomainResult Graph:
 \-EntityResultImpl [com.ebac.modulo39.dto.Usuario(14)]
 |  +-BasicFetch [com.ebac.modulo39.dto.Usuario(14).edad]
 |  +-BasicFetch [com.ebac.modulo39.dto.Usuario(14).nombre]
 |  \-DelayedCollectionFetch [com.ebac.modulo39.dto.Usuario(14).telefonos]

14-04-2025 11:14:40,591-06:00 [http-nio-8080-exec-4] DEBUG org.hibernate.orm.sql.ast.tree - SQL AST Tree:
    SelectStatement {
      FromClause {
        StandardTableGroup (u1 : com.ebac.modulo39.dto.Usuario(14)) {
          primaryTableReference : usuario as u1_0
        }
      }
    }

14-04-2025 11:14:40,591-06:00 [http-nio-8080-exec-4] DEBUG org.hibernate.orm.sql.exec - Skipping reading Query result cache data: cache-enabled = false, cache-mode = NORMAL
14-04-2025 11:14:40,591-06:00 [http-nio-8080-exec-4] DEBUG org.hibernate.SQL - select u1_0.id_usuario,u1_0.edad,u1_0.nombre from usuario u1_0
14-04-2025 11:14:40,594-06:00 [http-nio-8080-exec-4] DEBUG org.hibernate.orm.results - Initializer list:
	  com.ebac.modulo39.dto.Usuario(14) -> EntityJoinedFetchInitializer(com.ebac.modulo39.dto.Usuario(14))@698499717 (SingleTableEntityPersister(com.ebac.modulo39.dto.Usuario))
	  com.ebac.modulo39.dto.Usuario(14).telefonos -> DelayedCollectionInitializer(com.ebac.modulo39.dto.Usuario(14).telefonos)@671884575 (PluralAttribute(com.ebac.modulo39.dto.Usuario.telefonos))

14-04-2025 11:14:40,595-06:00 [http-nio-8080-exec-4] DEBUG o.s.orm.jpa.JpaTransactionManager - Initiating transaction commit
14-04-2025 11:14:40,596-06:00 [http-nio-8080-exec-4] DEBUG o.s.orm.jpa.JpaTransactionManager - Committing JPA transaction on EntityManager [SessionImpl(2043583753<open>)]
14-04-2025 11:14:40,596-06:00 [http-nio-8080-exec-4] DEBUG o.h.e.t.internal.TransactionImpl - committing
14-04-2025 11:14:40,597-06:00 [http-nio-8080-exec-4] DEBUG o.s.jdbc.datasource.DataSourceUtils - Resetting read-only flag of JDBC Connection [HikariProxyConnection@727290951 wrapping com.mysql.cj.jdbc.ConnectionImpl@5d194314]
14-04-2025 11:14:40,597-06:00 [http-nio-8080-exec-4] DEBUG o.s.orm.jpa.JpaTransactionManager - Not closing pre-bound JPA EntityManager after transaction
14-04-2025 11:14:40,598-06:00 [http-nio-8080-exec-4] DEBUG o.s.w.s.m.m.a.RequestResponseBodyMethodProcessor - Using 'application/json', given [*/*] and supported [application/json, application/*+json]
14-04-2025 11:14:40,598-06:00 [http-nio-8080-exec-4] DEBUG o.s.w.s.m.m.a.RequestResponseBodyMethodProcessor - Writing [com.ebac.modulo39.controller.ResponseWrapper@24763748]
14-04-2025 11:14:40,599-06:00 [http-nio-8080-exec-4] DEBUG o.s.o.j.s.OpenEntityManagerInViewInterceptor - Closing JPA EntityManager in OpenEntityManagerInViewInterceptor
14-04-2025 11:14:40,600-06:00 [http-nio-8080-exec-4] DEBUG o.s.web.servlet.DispatcherServlet - Completed 200 OK
14-04-2025 11:14:47,553-06:00 [HikariPool-1 housekeeper] DEBUG com.zaxxer.hikari.pool.HikariPool - HikariPool-1 - Pool stats (total=10, active=0, idle=10, waiting=0)
14-04-2025 11:14:47,553-06:00 [HikariPool-1 housekeeper] DEBUG com.zaxxer.hikari.pool.HikariPool - HikariPool-1 - Fill pool skipped, pool has sufficient level or currently being filled.
14-04-2025 11:15:17,559-06:00 [HikariPool-1 housekeeper] DEBUG com.zaxxer.hikari.pool.HikariPool - HikariPool-1 - Pool stats (total=10, active=0, idle=10, waiting=0)
14-04-2025 11:15:17,559-06:00 [HikariPool-1 housekeeper] DEBUG com.zaxxer.hikari.pool.HikariPool - HikariPool-1 - Fill pool skipped, pool has sufficient level or currently being filled.
14-04-2025 11:15:47,568-06:00 [HikariPool-1 housekeeper] DEBUG com.zaxxer.hikari.pool.HikariPool - HikariPool-1 - Pool stats (total=10, active=0, idle=10, waiting=0)
14-04-2025 11:15:47,568-06:00 [HikariPool-1 housekeeper] DEBUG com.zaxxer.hikari.pool.HikariPool - HikariPool-1 - Fill pool skipped, pool has sufficient level or currently being filled.
14-04-2025 11:16:17,570-06:00 [HikariPool-1 housekeeper] DEBUG com.zaxxer.hikari.pool.HikariPool - HikariPool-1 - Pool stats (total=10, active=0, idle=10, waiting=0)
14-04-2025 11:16:17,570-06:00 [HikariPool-1 housekeeper] DEBUG com.zaxxer.hikari.pool.HikariPool - HikariPool-1 - Fill pool skipped, pool has sufficient level or currently being filled.
14-04-2025 11:16:44,777-06:00 [http-nio-8080-exec-7] DEBUG o.s.web.servlet.DispatcherServlet - GET "/usuarios", parameters={}
14-04-2025 11:16:44,779-06:00 [http-nio-8080-exec-7] DEBUG o.s.w.s.m.m.a.RequestMappingHandlerMapping - Mapped to com.ebac.modulo39.controller.UsuarioController#obtenerUsuarios()
14-04-2025 11:16:44,779-06:00 [http-nio-8080-exec-7] DEBUG o.s.o.j.s.OpenEntityManagerInViewInterceptor - Opening JPA EntityManager in OpenEntityManagerInViewInterceptor
14-04-2025 11:16:44,779-06:00 [http-nio-8080-exec-7] INFO  c.e.m.controller.UsuarioController - Obteniendo usuarios
14-04-2025 11:16:44,779-06:00 [http-nio-8080-exec-7] INFO  c.e.m.controller.UsuarioController - Obteniendo usuarios
14-04-2025 11:16:44,780-06:00 [http-nio-8080-exec-7] DEBUG o.s.orm.jpa.JpaTransactionManager - Found thread-bound EntityManager [SessionImpl(801960025<open>)] for JPA transaction
14-04-2025 11:16:44,780-06:00 [http-nio-8080-exec-7] DEBUG o.s.orm.jpa.JpaTransactionManager - Creating new transaction with name [org.springframework.data.jpa.repository.support.SimpleJpaRepository.findAll]: PROPAGATION_REQUIRED,ISOLATION_DEFAULT,readOnly
14-04-2025 11:16:44,781-06:00 [http-nio-8080-exec-7] DEBUG o.s.jdbc.datasource.DataSourceUtils - Setting JDBC Connection [HikariProxyConnection@685057871 wrapping com.mysql.cj.jdbc.ConnectionImpl@5d194314] read-only
14-04-2025 11:16:44,781-06:00 [http-nio-8080-exec-7] DEBUG o.h.e.t.internal.TransactionImpl - On TransactionImpl creation, JpaCompliance#isJpaTransactionComplianceEnabled == false
14-04-2025 11:16:44,781-06:00 [http-nio-8080-exec-7] DEBUG o.h.e.t.internal.TransactionImpl - begin
14-04-2025 11:16:44,782-06:00 [http-nio-8080-exec-7] DEBUG o.s.orm.jpa.JpaTransactionManager - Exposing JPA transaction as JDBC [org.springframework.orm.jpa.vendor.HibernateJpaDialect$HibernateConnectionHandle@1c9106b0]
14-04-2025 11:16:44,782-06:00 [http-nio-8080-exec-7] DEBUG org.hibernate.orm.sql.ast.create - Created new SQL alias : u1_0
14-04-2025 11:16:44,782-06:00 [http-nio-8080-exec-7] DEBUG org.hibernate.orm.sql.ast.create - Registration of TableGroup [StandardTableGroup(com.ebac.modulo39.dto.Usuario(15))] with identifierForTableGroup [com.ebac.modulo39.dto.Usuario] for NavigablePath [com.ebac.modulo39.dto.Usuario] 
14-04-2025 11:16:44,783-06:00 [http-nio-8080-exec-7] DEBUG org.hibernate.orm.results.graph.AST - DomainResult Graph:
 \-EntityResultImpl [com.ebac.modulo39.dto.Usuario(15)]
 |  +-BasicFetch [com.ebac.modulo39.dto.Usuario(15).edad]
 |  +-BasicFetch [com.ebac.modulo39.dto.Usuario(15).nombre]
 |  \-DelayedCollectionFetch [com.ebac.modulo39.dto.Usuario(15).telefonos]

14-04-2025 11:16:44,783-06:00 [http-nio-8080-exec-7] DEBUG org.hibernate.orm.sql.ast.tree - SQL AST Tree:
    SelectStatement {
      FromClause {
        StandardTableGroup (u1 : com.ebac.modulo39.dto.Usuario(15)) {
          primaryTableReference : usuario as u1_0
        }
      }
    }

14-04-2025 11:16:44,784-06:00 [http-nio-8080-exec-7] DEBUG org.hibernate.orm.sql.exec - Skipping reading Query result cache data: cache-enabled = false, cache-mode = NORMAL
14-04-2025 11:16:44,784-06:00 [http-nio-8080-exec-7] DEBUG org.hibernate.SQL - select u1_0.id_usuario,u1_0.edad,u1_0.nombre from usuario u1_0
14-04-2025 11:16:44,785-06:00 [http-nio-8080-exec-7] DEBUG org.hibernate.orm.results - Initializer list:
	  com.ebac.modulo39.dto.Usuario(15) -> EntityJoinedFetchInitializer(com.ebac.modulo39.dto.Usuario(15))@640217400 (SingleTableEntityPersister(com.ebac.modulo39.dto.Usuario))
	  com.ebac.modulo39.dto.Usuario(15).telefonos -> DelayedCollectionInitializer(com.ebac.modulo39.dto.Usuario(15).telefonos)@1882871850 (PluralAttribute(com.ebac.modulo39.dto.Usuario.telefonos))

14-04-2025 11:16:44,801-06:00 [http-nio-8080-exec-7] DEBUG o.s.orm.jpa.JpaTransactionManager - Initiating transaction commit
14-04-2025 11:16:44,802-06:00 [http-nio-8080-exec-7] DEBUG o.s.orm.jpa.JpaTransactionManager - Committing JPA transaction on EntityManager [SessionImpl(801960025<open>)]
14-04-2025 11:16:44,802-06:00 [http-nio-8080-exec-7] DEBUG o.h.e.t.internal.TransactionImpl - committing
14-04-2025 11:16:44,802-06:00 [http-nio-8080-exec-7] DEBUG o.s.jdbc.datasource.DataSourceUtils - Resetting read-only flag of JDBC Connection [HikariProxyConnection@685057871 wrapping com.mysql.cj.jdbc.ConnectionImpl@5d194314]
14-04-2025 11:16:44,804-06:00 [http-nio-8080-exec-7] DEBUG o.s.orm.jpa.JpaTransactionManager - Not closing pre-bound JPA EntityManager after transaction
14-04-2025 11:16:44,805-06:00 [http-nio-8080-exec-7] DEBUG o.s.w.s.m.m.a.RequestResponseBodyMethodProcessor - Using 'application/json', given [*/*] and supported [application/json, application/*+json]
14-04-2025 11:16:44,805-06:00 [http-nio-8080-exec-7] DEBUG o.s.w.s.m.m.a.RequestResponseBodyMethodProcessor - Writing [com.ebac.modulo39.controller.ResponseWrapper@1fa7f2d7]
14-04-2025 11:16:44,814-06:00 [http-nio-8080-exec-7] DEBUG org.hibernate.orm.sql.exec - Skipping reading Query result cache data: cache-enabled = false, cache-mode = IGNORE
14-04-2025 11:16:44,816-06:00 [http-nio-8080-exec-7] DEBUG org.hibernate.SQL - select t1_0.id_usuario,t1_0.id_telefono,t1_0.lada,t1_0.numero,t1_0.tipo_telefono from telefono t1_0 where t1_0.id_usuario=?
14-04-2025 11:16:44,823-06:00 [http-nio-8080-exec-7] DEBUG org.hibernate.orm.results - Initializer list:
	  com.ebac.modulo39.dto.Usuario.telefonos.{element} -> EntityJoinedFetchInitializer(com.ebac.modulo39.dto.Usuario.telefonos.{element})@659230454 (EntityCollectionPart(com.ebac.modulo39.dto.Usuario.telefonos#{element})@1953528749)
	  com.ebac.modulo39.dto.Usuario.telefonos -> BagInitializer(com.ebac.modulo39.dto.Usuario.telefonos)@1145551480 (PluralAttribute(com.ebac.modulo39.dto.Usuario.telefonos))
	  com.ebac.modulo39.dto.Usuario.telefonos.{element}.usuario -> EntitySelectFetchInitializer(com.ebac.modulo39.dto.Usuario.telefonos.{element}.usuario)@451991938 (ToOneAttributeMapping(NavigableRole[com.ebac.modulo39.dto.Telefono.usuario])@1706248340)

14-04-2025 11:16:44,825-06:00 [http-nio-8080-exec-7] DEBUG o.h.s.results.internal.ResultsHelper - Collection fully initialized: [com.ebac.modulo39.dto.Usuario.telefonos#3]
14-04-2025 11:16:44,825-06:00 [http-nio-8080-exec-7] DEBUG org.hibernate.orm.sql.exec - Skipping reading Query result cache data: cache-enabled = false, cache-mode = IGNORE
14-04-2025 11:16:44,826-06:00 [http-nio-8080-exec-7] DEBUG org.hibernate.SQL - select t1_0.id_usuario,t1_0.id_telefono,t1_0.lada,t1_0.numero,t1_0.tipo_telefono from telefono t1_0 where t1_0.id_usuario=?
14-04-2025 11:16:44,827-06:00 [http-nio-8080-exec-7] DEBUG o.h.s.results.internal.ResultsHelper - Collection fully initialized: [com.ebac.modulo39.dto.Usuario.telefonos#4]
14-04-2025 11:16:44,828-06:00 [http-nio-8080-exec-7] DEBUG o.s.o.j.s.OpenEntityManagerInViewInterceptor - Closing JPA EntityManager in OpenEntityManagerInViewInterceptor
14-04-2025 11:16:44,828-06:00 [http-nio-8080-exec-7] DEBUG o.s.web.servlet.DispatcherServlet - Completed 200 OK
14-04-2025 11:16:44,831-06:00 [http-nio-8080-exec-10] DEBUG o.s.web.servlet.DispatcherServlet - GET "/usuarios", parameters={}
14-04-2025 11:16:44,831-06:00 [http-nio-8080-exec-10] DEBUG o.s.w.s.m.m.a.RequestMappingHandlerMapping - Mapped to com.ebac.modulo39.controller.UsuarioController#obtenerUsuarios()
14-04-2025 11:16:44,831-06:00 [http-nio-8080-exec-10] DEBUG o.s.o.j.s.OpenEntityManagerInViewInterceptor - Opening JPA EntityManager in OpenEntityManagerInViewInterceptor
14-04-2025 11:16:44,832-06:00 [http-nio-8080-exec-10] INFO  c.e.m.controller.UsuarioController - Obteniendo usuarios
14-04-2025 11:16:44,832-06:00 [http-nio-8080-exec-10] INFO  c.e.m.controller.UsuarioController - Obteniendo usuarios
14-04-2025 11:16:44,832-06:00 [http-nio-8080-exec-10] DEBUG o.s.orm.jpa.JpaTransactionManager - Found thread-bound EntityManager [SessionImpl(139786192<open>)] for JPA transaction
14-04-2025 11:16:44,833-06:00 [http-nio-8080-exec-10] DEBUG o.s.orm.jpa.JpaTransactionManager - Creating new transaction with name [org.springframework.data.jpa.repository.support.SimpleJpaRepository.findAll]: PROPAGATION_REQUIRED,ISOLATION_DEFAULT,readOnly
14-04-2025 11:16:44,833-06:00 [http-nio-8080-exec-10] DEBUG o.s.jdbc.datasource.DataSourceUtils - Setting JDBC Connection [HikariProxyConnection@1080226581 wrapping com.mysql.cj.jdbc.ConnectionImpl@5d194314] read-only
14-04-2025 11:16:44,834-06:00 [http-nio-8080-exec-10] DEBUG o.h.e.t.internal.TransactionImpl - On TransactionImpl creation, JpaCompliance#isJpaTransactionComplianceEnabled == false
14-04-2025 11:16:44,834-06:00 [http-nio-8080-exec-10] DEBUG o.h.e.t.internal.TransactionImpl - begin
14-04-2025 11:16:44,835-06:00 [http-nio-8080-exec-10] DEBUG o.s.orm.jpa.JpaTransactionManager - Exposing JPA transaction as JDBC [org.springframework.orm.jpa.vendor.HibernateJpaDialect$HibernateConnectionHandle@5d2caef]
14-04-2025 11:16:44,835-06:00 [http-nio-8080-exec-10] DEBUG org.hibernate.orm.sql.ast.create - Created new SQL alias : u1_0
14-04-2025 11:16:44,835-06:00 [http-nio-8080-exec-10] DEBUG org.hibernate.orm.sql.ast.create - Registration of TableGroup [StandardTableGroup(com.ebac.modulo39.dto.Usuario(16))] with identifierForTableGroup [com.ebac.modulo39.dto.Usuario] for NavigablePath [com.ebac.modulo39.dto.Usuario] 
14-04-2025 11:16:44,836-06:00 [http-nio-8080-exec-10] DEBUG org.hibernate.orm.results.graph.AST - DomainResult Graph:
 \-EntityResultImpl [com.ebac.modulo39.dto.Usuario(16)]
 |  +-BasicFetch [com.ebac.modulo39.dto.Usuario(16).edad]
 |  +-BasicFetch [com.ebac.modulo39.dto.Usuario(16).nombre]
 |  \-DelayedCollectionFetch [com.ebac.modulo39.dto.Usuario(16).telefonos]

14-04-2025 11:16:44,836-06:00 [http-nio-8080-exec-10] DEBUG org.hibernate.orm.sql.ast.tree - SQL AST Tree:
    SelectStatement {
      FromClause {
        StandardTableGroup (u1 : com.ebac.modulo39.dto.Usuario(16)) {
          primaryTableReference : usuario as u1_0
        }
      }
    }

14-04-2025 11:16:44,836-06:00 [http-nio-8080-exec-10] DEBUG org.hibernate.orm.sql.exec - Skipping reading Query result cache data: cache-enabled = false, cache-mode = NORMAL
14-04-2025 11:16:44,837-06:00 [http-nio-8080-exec-10] DEBUG org.hibernate.SQL - select u1_0.id_usuario,u1_0.edad,u1_0.nombre from usuario u1_0
14-04-2025 11:16:44,838-06:00 [http-nio-8080-exec-10] DEBUG org.hibernate.orm.results - Initializer list:
	  com.ebac.modulo39.dto.Usuario(16) -> EntityJoinedFetchInitializer(com.ebac.modulo39.dto.Usuario(16))@2093368659 (SingleTableEntityPersister(com.ebac.modulo39.dto.Usuario))
	  com.ebac.modulo39.dto.Usuario(16).telefonos -> DelayedCollectionInitializer(com.ebac.modulo39.dto.Usuario(16).telefonos)@1884734637 (PluralAttribute(com.ebac.modulo39.dto.Usuario.telefonos))

14-04-2025 11:16:44,838-06:00 [http-nio-8080-exec-10] DEBUG o.s.orm.jpa.JpaTransactionManager - Initiating transaction commit
14-04-2025 11:16:44,839-06:00 [http-nio-8080-exec-10] DEBUG o.s.orm.jpa.JpaTransactionManager - Committing JPA transaction on EntityManager [SessionImpl(139786192<open>)]
14-04-2025 11:16:44,839-06:00 [http-nio-8080-exec-10] DEBUG o.h.e.t.internal.TransactionImpl - committing
14-04-2025 11:16:44,840-06:00 [http-nio-8080-exec-10] DEBUG o.s.jdbc.datasource.DataSourceUtils - Resetting read-only flag of JDBC Connection [HikariProxyConnection@1080226581 wrapping com.mysql.cj.jdbc.ConnectionImpl@5d194314]
14-04-2025 11:16:44,840-06:00 [http-nio-8080-exec-10] DEBUG o.s.orm.jpa.JpaTransactionManager - Not closing pre-bound JPA EntityManager after transaction
14-04-2025 11:16:44,840-06:00 [http-nio-8080-exec-10] DEBUG o.s.w.s.m.m.a.RequestResponseBodyMethodProcessor - Using 'application/json', given [*/*] and supported [application/json, application/*+json]
14-04-2025 11:16:44,840-06:00 [http-nio-8080-exec-10] DEBUG o.s.w.s.m.m.a.RequestResponseBodyMethodProcessor - Writing [com.ebac.modulo39.controller.ResponseWrapper@1825d074]
14-04-2025 11:16:44,841-06:00 [http-nio-8080-exec-10] DEBUG org.hibernate.orm.sql.exec - Skipping reading Query result cache data: cache-enabled = false, cache-mode = IGNORE
14-04-2025 11:16:44,841-06:00 [http-nio-8080-exec-10] DEBUG org.hibernate.SQL - select t1_0.id_usuario,t1_0.id_telefono,t1_0.lada,t1_0.numero,t1_0.tipo_telefono from telefono t1_0 where t1_0.id_usuario=?
14-04-2025 11:16:44,842-06:00 [http-nio-8080-exec-10] DEBUG o.h.s.results.internal.ResultsHelper - Collection fully initialized: [com.ebac.modulo39.dto.Usuario.telefonos#3]
14-04-2025 11:16:44,842-06:00 [http-nio-8080-exec-10] DEBUG org.hibernate.orm.sql.exec - Skipping reading Query result cache data: cache-enabled = false, cache-mode = IGNORE
14-04-2025 11:16:44,843-06:00 [http-nio-8080-exec-10] DEBUG org.hibernate.SQL - select t1_0.id_usuario,t1_0.id_telefono,t1_0.lada,t1_0.numero,t1_0.tipo_telefono from telefono t1_0 where t1_0.id_usuario=?
14-04-2025 11:16:44,843-06:00 [http-nio-8080-exec-10] DEBUG o.h.s.results.internal.ResultsHelper - Collection fully initialized: [com.ebac.modulo39.dto.Usuario.telefonos#4]
14-04-2025 11:16:44,844-06:00 [http-nio-8080-exec-10] DEBUG o.s.o.j.s.OpenEntityManagerInViewInterceptor - Closing JPA EntityManager in OpenEntityManagerInViewInterceptor
14-04-2025 11:16:44,844-06:00 [http-nio-8080-exec-10] DEBUG o.s.web.servlet.DispatcherServlet - Completed 200 OK
14-04-2025 11:16:45,765-06:00 [http-nio-8080-exec-8] DEBUG o.s.web.servlet.DispatcherServlet - GET "/usuarios", parameters={}
14-04-2025 11:16:45,765-06:00 [http-nio-8080-exec-8] DEBUG o.s.w.s.m.m.a.RequestMappingHandlerMapping - Mapped to com.ebac.modulo39.controller.UsuarioController#obtenerUsuarios()
14-04-2025 11:16:45,766-06:00 [http-nio-8080-exec-8] DEBUG o.s.o.j.s.OpenEntityManagerInViewInterceptor - Opening JPA EntityManager in OpenEntityManagerInViewInterceptor
14-04-2025 11:16:45,767-06:00 [http-nio-8080-exec-8] INFO  c.e.m.controller.UsuarioController - Obteniendo usuarios
14-04-2025 11:16:45,767-06:00 [http-nio-8080-exec-8] INFO  c.e.m.controller.UsuarioController - Obteniendo usuarios
14-04-2025 11:16:45,767-06:00 [http-nio-8080-exec-8] DEBUG o.s.orm.jpa.JpaTransactionManager - Found thread-bound EntityManager [SessionImpl(1620069554<open>)] for JPA transaction
14-04-2025 11:16:45,767-06:00 [http-nio-8080-exec-8] DEBUG o.s.orm.jpa.JpaTransactionManager - Creating new transaction with name [org.springframework.data.jpa.repository.support.SimpleJpaRepository.findAll]: PROPAGATION_REQUIRED,ISOLATION_DEFAULT,readOnly
14-04-2025 11:16:45,774-06:00 [http-nio-8080-exec-8] DEBUG o.s.jdbc.datasource.DataSourceUtils - Setting JDBC Connection [HikariProxyConnection@796667216 wrapping com.mysql.cj.jdbc.ConnectionImpl@5d194314] read-only
14-04-2025 11:16:45,775-06:00 [http-nio-8080-exec-8] DEBUG o.h.e.t.internal.TransactionImpl - On TransactionImpl creation, JpaCompliance#isJpaTransactionComplianceEnabled == false
14-04-2025 11:16:45,775-06:00 [http-nio-8080-exec-8] DEBUG o.h.e.t.internal.TransactionImpl - begin
14-04-2025 11:16:45,776-06:00 [http-nio-8080-exec-8] DEBUG o.s.orm.jpa.JpaTransactionManager - Exposing JPA transaction as JDBC [org.springframework.orm.jpa.vendor.HibernateJpaDialect$HibernateConnectionHandle@75306415]
14-04-2025 11:16:45,777-06:00 [http-nio-8080-exec-8] DEBUG org.hibernate.orm.sql.ast.create - Created new SQL alias : u1_0
14-04-2025 11:16:45,777-06:00 [http-nio-8080-exec-8] DEBUG org.hibernate.orm.sql.ast.create - Registration of TableGroup [StandardTableGroup(com.ebac.modulo39.dto.Usuario(17))] with identifierForTableGroup [com.ebac.modulo39.dto.Usuario] for NavigablePath [com.ebac.modulo39.dto.Usuario] 
14-04-2025 11:16:45,779-06:00 [http-nio-8080-exec-8] DEBUG org.hibernate.orm.results.graph.AST - DomainResult Graph:
 \-EntityResultImpl [com.ebac.modulo39.dto.Usuario(17)]
 |  +-BasicFetch [com.ebac.modulo39.dto.Usuario(17).edad]
 |  +-BasicFetch [com.ebac.modulo39.dto.Usuario(17).nombre]
 |  \-DelayedCollectionFetch [com.ebac.modulo39.dto.Usuario(17).telefonos]

14-04-2025 11:16:45,780-06:00 [http-nio-8080-exec-8] DEBUG org.hibernate.orm.sql.ast.tree - SQL AST Tree:
    SelectStatement {
      FromClause {
        StandardTableGroup (u1 : com.ebac.modulo39.dto.Usuario(17)) {
          primaryTableReference : usuario as u1_0
        }
      }
    }

14-04-2025 11:16:45,780-06:00 [http-nio-8080-exec-8] DEBUG org.hibernate.orm.sql.exec - Skipping reading Query result cache data: cache-enabled = false, cache-mode = NORMAL
14-04-2025 11:16:45,781-06:00 [http-nio-8080-exec-8] DEBUG org.hibernate.SQL - select u1_0.id_usuario,u1_0.edad,u1_0.nombre from usuario u1_0
14-04-2025 11:16:45,782-06:00 [http-nio-8080-exec-8] DEBUG org.hibernate.orm.results - Initializer list:
	  com.ebac.modulo39.dto.Usuario(17) -> EntityJoinedFetchInitializer(com.ebac.modulo39.dto.Usuario(17))@1167187646 (SingleTableEntityPersister(com.ebac.modulo39.dto.Usuario))
	  com.ebac.modulo39.dto.Usuario(17).telefonos -> DelayedCollectionInitializer(com.ebac.modulo39.dto.Usuario(17).telefonos)@9481548 (PluralAttribute(com.ebac.modulo39.dto.Usuario.telefonos))

14-04-2025 11:16:45,783-06:00 [http-nio-8080-exec-8] DEBUG o.s.orm.jpa.JpaTransactionManager - Initiating transaction commit
14-04-2025 11:16:45,783-06:00 [http-nio-8080-exec-8] DEBUG o.s.orm.jpa.JpaTransactionManager - Committing JPA transaction on EntityManager [SessionImpl(1620069554<open>)]
14-04-2025 11:16:45,783-06:00 [http-nio-8080-exec-8] DEBUG o.h.e.t.internal.TransactionImpl - committing
14-04-2025 11:16:45,784-06:00 [http-nio-8080-exec-8] DEBUG o.s.jdbc.datasource.DataSourceUtils - Resetting read-only flag of JDBC Connection [HikariProxyConnection@796667216 wrapping com.mysql.cj.jdbc.ConnectionImpl@5d194314]
14-04-2025 11:16:45,785-06:00 [http-nio-8080-exec-8] DEBUG o.s.orm.jpa.JpaTransactionManager - Not closing pre-bound JPA EntityManager after transaction
14-04-2025 11:16:45,786-06:00 [http-nio-8080-exec-8] DEBUG o.s.w.s.m.m.a.RequestResponseBodyMethodProcessor - Using 'application/json', given [*/*] and supported [application/json, application/*+json]
14-04-2025 11:16:45,787-06:00 [http-nio-8080-exec-8] DEBUG o.s.w.s.m.m.a.RequestResponseBodyMethodProcessor - Writing [com.ebac.modulo39.controller.ResponseWrapper@28ca6394]
14-04-2025 11:16:45,788-06:00 [http-nio-8080-exec-8] DEBUG org.hibernate.orm.sql.exec - Skipping reading Query result cache data: cache-enabled = false, cache-mode = IGNORE
14-04-2025 11:16:45,788-06:00 [http-nio-8080-exec-8] DEBUG org.hibernate.SQL - select t1_0.id_usuario,t1_0.id_telefono,t1_0.lada,t1_0.numero,t1_0.tipo_telefono from telefono t1_0 where t1_0.id_usuario=?
14-04-2025 11:16:45,791-06:00 [http-nio-8080-exec-8] DEBUG o.h.s.results.internal.ResultsHelper - Collection fully initialized: [com.ebac.modulo39.dto.Usuario.telefonos#3]
14-04-2025 11:16:45,792-06:00 [http-nio-8080-exec-8] DEBUG org.hibernate.orm.sql.exec - Skipping reading Query result cache data: cache-enabled = false, cache-mode = IGNORE
14-04-2025 11:16:45,792-06:00 [http-nio-8080-exec-8] DEBUG org.hibernate.SQL - select t1_0.id_usuario,t1_0.id_telefono,t1_0.lada,t1_0.numero,t1_0.tipo_telefono from telefono t1_0 where t1_0.id_usuario=?
14-04-2025 11:16:45,794-06:00 [http-nio-8080-exec-8] DEBUG o.h.s.results.internal.ResultsHelper - Collection fully initialized: [com.ebac.modulo39.dto.Usuario.telefonos#4]
14-04-2025 11:16:45,794-06:00 [http-nio-8080-exec-8] DEBUG o.s.o.j.s.OpenEntityManagerInViewInterceptor - Closing JPA EntityManager in OpenEntityManagerInViewInterceptor
14-04-2025 11:16:45,795-06:00 [http-nio-8080-exec-8] DEBUG o.s.web.servlet.DispatcherServlet - Completed 200 OK
14-04-2025 11:16:45,796-06:00 [http-nio-8080-exec-9] DEBUG o.s.web.servlet.DispatcherServlet - GET "/usuarios", parameters={}
14-04-2025 11:16:45,797-06:00 [http-nio-8080-exec-9] DEBUG o.s.w.s.m.m.a.RequestMappingHandlerMapping - Mapped to com.ebac.modulo39.controller.UsuarioController#obtenerUsuarios()
14-04-2025 11:16:45,797-06:00 [http-nio-8080-exec-9] DEBUG o.s.o.j.s.OpenEntityManagerInViewInterceptor - Opening JPA EntityManager in OpenEntityManagerInViewInterceptor
14-04-2025 11:16:45,798-06:00 [http-nio-8080-exec-9] INFO  c.e.m.controller.UsuarioController - Obteniendo usuarios
14-04-2025 11:16:45,798-06:00 [http-nio-8080-exec-9] INFO  c.e.m.controller.UsuarioController - Obteniendo usuarios
14-04-2025 11:16:45,798-06:00 [http-nio-8080-exec-9] DEBUG o.s.orm.jpa.JpaTransactionManager - Found thread-bound EntityManager [SessionImpl(337338127<open>)] for JPA transaction
14-04-2025 11:16:45,798-06:00 [http-nio-8080-exec-9] DEBUG o.s.orm.jpa.JpaTransactionManager - Creating new transaction with name [org.springframework.data.jpa.repository.support.SimpleJpaRepository.findAll]: PROPAGATION_REQUIRED,ISOLATION_DEFAULT,readOnly
14-04-2025 11:16:45,798-06:00 [http-nio-8080-exec-9] DEBUG o.s.jdbc.datasource.DataSourceUtils - Setting JDBC Connection [HikariProxyConnection@2145276100 wrapping com.mysql.cj.jdbc.ConnectionImpl@5d194314] read-only
14-04-2025 11:16:45,799-06:00 [http-nio-8080-exec-9] DEBUG o.h.e.t.internal.TransactionImpl - On TransactionImpl creation, JpaCompliance#isJpaTransactionComplianceEnabled == false
14-04-2025 11:16:45,799-06:00 [http-nio-8080-exec-9] DEBUG o.h.e.t.internal.TransactionImpl - begin
14-04-2025 11:16:45,800-06:00 [http-nio-8080-exec-9] DEBUG o.s.orm.jpa.JpaTransactionManager - Exposing JPA transaction as JDBC [org.springframework.orm.jpa.vendor.HibernateJpaDialect$HibernateConnectionHandle@713dff05]
14-04-2025 11:16:45,800-06:00 [http-nio-8080-exec-9] DEBUG org.hibernate.orm.sql.ast.create - Created new SQL alias : u1_0
14-04-2025 11:16:45,801-06:00 [http-nio-8080-exec-9] DEBUG org.hibernate.orm.sql.ast.create - Registration of TableGroup [StandardTableGroup(com.ebac.modulo39.dto.Usuario(18))] with identifierForTableGroup [com.ebac.modulo39.dto.Usuario] for NavigablePath [com.ebac.modulo39.dto.Usuario] 
14-04-2025 11:16:45,801-06:00 [http-nio-8080-exec-9] DEBUG org.hibernate.orm.results.graph.AST - DomainResult Graph:
 \-EntityResultImpl [com.ebac.modulo39.dto.Usuario(18)]
 |  +-BasicFetch [com.ebac.modulo39.dto.Usuario(18).edad]
 |  +-BasicFetch [com.ebac.modulo39.dto.Usuario(18).nombre]
 |  \-DelayedCollectionFetch [com.ebac.modulo39.dto.Usuario(18).telefonos]

14-04-2025 11:16:45,802-06:00 [http-nio-8080-exec-9] DEBUG org.hibernate.orm.sql.ast.tree - SQL AST Tree:
    SelectStatement {
      FromClause {
        StandardTableGroup (u1 : com.ebac.modulo39.dto.Usuario(18)) {
          primaryTableReference : usuario as u1_0
        }
      }
    }

14-04-2025 11:16:45,802-06:00 [http-nio-8080-exec-9] DEBUG org.hibernate.orm.sql.exec - Skipping reading Query result cache data: cache-enabled = false, cache-mode = NORMAL
14-04-2025 11:16:45,802-06:00 [http-nio-8080-exec-9] DEBUG org.hibernate.SQL - select u1_0.id_usuario,u1_0.edad,u1_0.nombre from usuario u1_0
14-04-2025 11:16:45,804-06:00 [http-nio-8080-exec-9] DEBUG org.hibernate.orm.results - Initializer list:
	  com.ebac.modulo39.dto.Usuario(18) -> EntityJoinedFetchInitializer(com.ebac.modulo39.dto.Usuario(18))@1932528512 (SingleTableEntityPersister(com.ebac.modulo39.dto.Usuario))
	  com.ebac.modulo39.dto.Usuario(18).telefonos -> DelayedCollectionInitializer(com.ebac.modulo39.dto.Usuario(18).telefonos)@478565278 (PluralAttribute(com.ebac.modulo39.dto.Usuario.telefonos))

14-04-2025 11:16:45,805-06:00 [http-nio-8080-exec-9] DEBUG o.s.orm.jpa.JpaTransactionManager - Initiating transaction commit
14-04-2025 11:16:45,805-06:00 [http-nio-8080-exec-9] DEBUG o.s.orm.jpa.JpaTransactionManager - Committing JPA transaction on EntityManager [SessionImpl(337338127<open>)]
14-04-2025 11:16:45,805-06:00 [http-nio-8080-exec-9] DEBUG o.h.e.t.internal.TransactionImpl - committing
14-04-2025 11:16:45,806-06:00 [http-nio-8080-exec-9] DEBUG o.s.jdbc.datasource.DataSourceUtils - Resetting read-only flag of JDBC Connection [HikariProxyConnection@2145276100 wrapping com.mysql.cj.jdbc.ConnectionImpl@5d194314]
14-04-2025 11:16:45,807-06:00 [http-nio-8080-exec-9] DEBUG o.s.orm.jpa.JpaTransactionManager - Not closing pre-bound JPA EntityManager after transaction
14-04-2025 11:16:45,807-06:00 [http-nio-8080-exec-9] DEBUG o.s.w.s.m.m.a.RequestResponseBodyMethodProcessor - Using 'application/json', given [*/*] and supported [application/json, application/*+json]
14-04-2025 11:16:45,808-06:00 [http-nio-8080-exec-9] DEBUG o.s.w.s.m.m.a.RequestResponseBodyMethodProcessor - Writing [com.ebac.modulo39.controller.ResponseWrapper@64f1ae34]
14-04-2025 11:16:45,808-06:00 [http-nio-8080-exec-9] DEBUG org.hibernate.orm.sql.exec - Skipping reading Query result cache data: cache-enabled = false, cache-mode = IGNORE
14-04-2025 11:16:45,808-06:00 [http-nio-8080-exec-9] DEBUG org.hibernate.SQL - select t1_0.id_usuario,t1_0.id_telefono,t1_0.lada,t1_0.numero,t1_0.tipo_telefono from telefono t1_0 where t1_0.id_usuario=?
14-04-2025 11:16:45,810-06:00 [http-nio-8080-exec-9] DEBUG o.h.s.results.internal.ResultsHelper - Collection fully initialized: [com.ebac.modulo39.dto.Usuario.telefonos#3]
14-04-2025 11:16:45,810-06:00 [http-nio-8080-exec-9] DEBUG org.hibernate.orm.sql.exec - Skipping reading Query result cache data: cache-enabled = false, cache-mode = IGNORE
14-04-2025 11:16:45,810-06:00 [http-nio-8080-exec-9] DEBUG org.hibernate.SQL - select t1_0.id_usuario,t1_0.id_telefono,t1_0.lada,t1_0.numero,t1_0.tipo_telefono from telefono t1_0 where t1_0.id_usuario=?
14-04-2025 11:16:45,812-06:00 [http-nio-8080-exec-9] DEBUG o.h.s.results.internal.ResultsHelper - Collection fully initialized: [com.ebac.modulo39.dto.Usuario.telefonos#4]
14-04-2025 11:16:45,812-06:00 [http-nio-8080-exec-9] DEBUG o.s.o.j.s.OpenEntityManagerInViewInterceptor - Closing JPA EntityManager in OpenEntityManagerInViewInterceptor
14-04-2025 11:16:45,812-06:00 [http-nio-8080-exec-9] DEBUG o.s.web.servlet.DispatcherServlet - Completed 200 OK
14-04-2025 11:16:47,579-06:00 [HikariPool-1 housekeeper] DEBUG com.zaxxer.hikari.pool.HikariPool - HikariPool-1 - Pool stats (total=10, active=0, idle=10, waiting=0)
14-04-2025 11:16:47,579-06:00 [HikariPool-1 housekeeper] DEBUG com.zaxxer.hikari.pool.HikariPool - HikariPool-1 - Fill pool skipped, pool has sufficient level or currently being filled.
14-04-2025 11:17:17,587-06:00 [HikariPool-1 housekeeper] DEBUG com.zaxxer.hikari.pool.HikariPool - HikariPool-1 - Pool stats (total=10, active=0, idle=10, waiting=0)
14-04-2025 11:17:17,587-06:00 [HikariPool-1 housekeeper] DEBUG com.zaxxer.hikari.pool.HikariPool - HikariPool-1 - Fill pool skipped, pool has sufficient level or currently being filled.
14-04-2025 11:17:47,600-06:00 [HikariPool-1 housekeeper] DEBUG com.zaxxer.hikari.pool.HikariPool - HikariPool-1 - Pool stats (total=10, active=0, idle=10, waiting=0)
14-04-2025 11:17:47,600-06:00 [HikariPool-1 housekeeper] DEBUG com.zaxxer.hikari.pool.HikariPool - HikariPool-1 - Fill pool skipped, pool has sufficient level or currently being filled.
14-04-2025 11:17:58,796-06:00 [http-nio-8080-exec-1] DEBUG o.s.web.servlet.DispatcherServlet - GET "/usuarios", parameters={}
14-04-2025 11:17:58,798-06:00 [http-nio-8080-exec-1] DEBUG o.s.w.s.m.m.a.RequestMappingHandlerMapping - Mapped to com.ebac.modulo39.controller.UsuarioController#obtenerUsuarios()
14-04-2025 11:17:58,798-06:00 [http-nio-8080-exec-1] DEBUG o.s.o.j.s.OpenEntityManagerInViewInterceptor - Opening JPA EntityManager in OpenEntityManagerInViewInterceptor
14-04-2025 11:17:58,799-06:00 [http-nio-8080-exec-1] INFO  c.e.m.controller.UsuarioController - Obteniendo usuarios
14-04-2025 11:17:58,799-06:00 [http-nio-8080-exec-1] INFO  c.e.m.controller.UsuarioController - Obteniendo usuarios
14-04-2025 11:17:58,800-06:00 [http-nio-8080-exec-1] DEBUG o.s.orm.jpa.JpaTransactionManager - Found thread-bound EntityManager [SessionImpl(2052051017<open>)] for JPA transaction
14-04-2025 11:17:58,800-06:00 [http-nio-8080-exec-1] DEBUG o.s.orm.jpa.JpaTransactionManager - Creating new transaction with name [org.springframework.data.jpa.repository.support.SimpleJpaRepository.findAll]: PROPAGATION_REQUIRED,ISOLATION_DEFAULT,readOnly
14-04-2025 11:17:58,800-06:00 [http-nio-8080-exec-1] DEBUG o.s.jdbc.datasource.DataSourceUtils - Setting JDBC Connection [HikariProxyConnection@746891320 wrapping com.mysql.cj.jdbc.ConnectionImpl@5d194314] read-only
14-04-2025 11:17:58,801-06:00 [http-nio-8080-exec-1] DEBUG o.h.e.t.internal.TransactionImpl - On TransactionImpl creation, JpaCompliance#isJpaTransactionComplianceEnabled == false
14-04-2025 11:17:58,801-06:00 [http-nio-8080-exec-1] DEBUG o.h.e.t.internal.TransactionImpl - begin
14-04-2025 11:17:58,802-06:00 [http-nio-8080-exec-1] DEBUG o.s.orm.jpa.JpaTransactionManager - Exposing JPA transaction as JDBC [org.springframework.orm.jpa.vendor.HibernateJpaDialect$HibernateConnectionHandle@4d86bff8]
14-04-2025 11:17:58,803-06:00 [http-nio-8080-exec-1] DEBUG org.hibernate.orm.sql.ast.create - Created new SQL alias : u1_0
14-04-2025 11:17:58,803-06:00 [http-nio-8080-exec-1] DEBUG org.hibernate.orm.sql.ast.create - Registration of TableGroup [StandardTableGroup(com.ebac.modulo39.dto.Usuario(19))] with identifierForTableGroup [com.ebac.modulo39.dto.Usuario] for NavigablePath [com.ebac.modulo39.dto.Usuario] 
14-04-2025 11:17:58,803-06:00 [http-nio-8080-exec-1] DEBUG org.hibernate.orm.results.graph.AST - DomainResult Graph:
 \-EntityResultImpl [com.ebac.modulo39.dto.Usuario(19)]
 |  +-BasicFetch [com.ebac.modulo39.dto.Usuario(19).edad]
 |  +-BasicFetch [com.ebac.modulo39.dto.Usuario(19).nombre]
 |  \-DelayedCollectionFetch [com.ebac.modulo39.dto.Usuario(19).telefonos]

14-04-2025 11:17:58,804-06:00 [http-nio-8080-exec-1] DEBUG org.hibernate.orm.sql.ast.tree - SQL AST Tree:
    SelectStatement {
      FromClause {
        StandardTableGroup (u1 : com.ebac.modulo39.dto.Usuario(19)) {
          primaryTableReference : usuario as u1_0
        }
      }
    }

14-04-2025 11:17:58,804-06:00 [http-nio-8080-exec-1] DEBUG org.hibernate.orm.sql.exec - Skipping reading Query result cache data: cache-enabled = false, cache-mode = NORMAL
14-04-2025 11:17:58,804-06:00 [http-nio-8080-exec-1] DEBUG org.hibernate.SQL - select u1_0.id_usuario,u1_0.edad,u1_0.nombre from usuario u1_0
14-04-2025 11:17:58,806-06:00 [http-nio-8080-exec-1] DEBUG org.hibernate.orm.results - Initializer list:
	  com.ebac.modulo39.dto.Usuario(19) -> EntityJoinedFetchInitializer(com.ebac.modulo39.dto.Usuario(19))@1400393561 (SingleTableEntityPersister(com.ebac.modulo39.dto.Usuario))
	  com.ebac.modulo39.dto.Usuario(19).telefonos -> DelayedCollectionInitializer(com.ebac.modulo39.dto.Usuario(19).telefonos)@1002178528 (PluralAttribute(com.ebac.modulo39.dto.Usuario.telefonos))

14-04-2025 11:17:58,807-06:00 [http-nio-8080-exec-1] DEBUG o.s.orm.jpa.JpaTransactionManager - Initiating transaction commit
14-04-2025 11:17:58,807-06:00 [http-nio-8080-exec-1] DEBUG o.s.orm.jpa.JpaTransactionManager - Committing JPA transaction on EntityManager [SessionImpl(2052051017<open>)]
14-04-2025 11:17:58,807-06:00 [http-nio-8080-exec-1] DEBUG o.h.e.t.internal.TransactionImpl - committing
14-04-2025 11:17:58,808-06:00 [http-nio-8080-exec-1] DEBUG o.s.jdbc.datasource.DataSourceUtils - Resetting read-only flag of JDBC Connection [HikariProxyConnection@746891320 wrapping com.mysql.cj.jdbc.ConnectionImpl@5d194314]
14-04-2025 11:17:58,809-06:00 [http-nio-8080-exec-1] DEBUG o.s.orm.jpa.JpaTransactionManager - Not closing pre-bound JPA EntityManager after transaction
14-04-2025 11:17:58,809-06:00 [http-nio-8080-exec-1] DEBUG o.s.w.s.m.m.a.RequestResponseBodyMethodProcessor - Using 'application/json', given [*/*] and supported [application/json, application/*+json]
14-04-2025 11:17:58,809-06:00 [http-nio-8080-exec-1] DEBUG o.s.w.s.m.m.a.RequestResponseBodyMethodProcessor - Writing [com.ebac.modulo39.controller.ResponseWrapper@413dfb94]
14-04-2025 11:17:58,810-06:00 [http-nio-8080-exec-1] DEBUG org.hibernate.orm.sql.exec - Skipping reading Query result cache data: cache-enabled = false, cache-mode = IGNORE
14-04-2025 11:17:58,810-06:00 [http-nio-8080-exec-1] DEBUG org.hibernate.SQL - select t1_0.id_usuario,t1_0.id_telefono,t1_0.lada,t1_0.numero,t1_0.tipo_telefono from telefono t1_0 where t1_0.id_usuario=?
14-04-2025 11:17:58,812-06:00 [http-nio-8080-exec-1] DEBUG o.h.s.results.internal.ResultsHelper - Collection fully initialized: [com.ebac.modulo39.dto.Usuario.telefonos#3]
14-04-2025 11:17:58,813-06:00 [http-nio-8080-exec-1] DEBUG org.hibernate.orm.sql.exec - Skipping reading Query result cache data: cache-enabled = false, cache-mode = IGNORE
14-04-2025 11:17:58,813-06:00 [http-nio-8080-exec-1] DEBUG org.hibernate.SQL - select t1_0.id_usuario,t1_0.id_telefono,t1_0.lada,t1_0.numero,t1_0.tipo_telefono from telefono t1_0 where t1_0.id_usuario=?
14-04-2025 11:17:58,814-06:00 [http-nio-8080-exec-1] DEBUG o.h.s.results.internal.ResultsHelper - Collection fully initialized: [com.ebac.modulo39.dto.Usuario.telefonos#4]
14-04-2025 11:17:58,814-06:00 [http-nio-8080-exec-1] DEBUG o.s.o.j.s.OpenEntityManagerInViewInterceptor - Closing JPA EntityManager in OpenEntityManagerInViewInterceptor
14-04-2025 11:17:58,815-06:00 [http-nio-8080-exec-1] DEBUG o.s.web.servlet.DispatcherServlet - Completed 200 OK
14-04-2025 11:17:58,816-06:00 [http-nio-8080-exec-4] DEBUG o.s.web.servlet.DispatcherServlet - GET "/usuarios", parameters={}
14-04-2025 11:17:58,817-06:00 [http-nio-8080-exec-4] DEBUG o.s.w.s.m.m.a.RequestMappingHandlerMapping - Mapped to com.ebac.modulo39.controller.UsuarioController#obtenerUsuarios()
14-04-2025 11:17:58,817-06:00 [http-nio-8080-exec-4] DEBUG o.s.o.j.s.OpenEntityManagerInViewInterceptor - Opening JPA EntityManager in OpenEntityManagerInViewInterceptor
14-04-2025 11:17:58,818-06:00 [http-nio-8080-exec-4] INFO  c.e.m.controller.UsuarioController - Obteniendo usuarios
14-04-2025 11:17:58,818-06:00 [http-nio-8080-exec-4] INFO  c.e.m.controller.UsuarioController - Obteniendo usuarios
14-04-2025 11:17:58,818-06:00 [http-nio-8080-exec-4] DEBUG o.s.orm.jpa.JpaTransactionManager - Found thread-bound EntityManager [SessionImpl(528215849<open>)] for JPA transaction
14-04-2025 11:17:58,819-06:00 [http-nio-8080-exec-4] DEBUG o.s.orm.jpa.JpaTransactionManager - Creating new transaction with name [org.springframework.data.jpa.repository.support.SimpleJpaRepository.findAll]: PROPAGATION_REQUIRED,ISOLATION_DEFAULT,readOnly
14-04-2025 11:17:58,819-06:00 [http-nio-8080-exec-4] DEBUG o.s.jdbc.datasource.DataSourceUtils - Setting JDBC Connection [HikariProxyConnection@1452672260 wrapping com.mysql.cj.jdbc.ConnectionImpl@5d194314] read-only
14-04-2025 11:17:58,819-06:00 [http-nio-8080-exec-4] DEBUG o.h.e.t.internal.TransactionImpl - On TransactionImpl creation, JpaCompliance#isJpaTransactionComplianceEnabled == false
14-04-2025 11:17:58,820-06:00 [http-nio-8080-exec-4] DEBUG o.h.e.t.internal.TransactionImpl - begin
14-04-2025 11:17:58,820-06:00 [http-nio-8080-exec-4] DEBUG o.s.orm.jpa.JpaTransactionManager - Exposing JPA transaction as JDBC [org.springframework.orm.jpa.vendor.HibernateJpaDialect$HibernateConnectionHandle@6fb38ea]
14-04-2025 11:17:58,821-06:00 [http-nio-8080-exec-4] DEBUG org.hibernate.orm.sql.ast.create - Created new SQL alias : u1_0
14-04-2025 11:17:58,821-06:00 [http-nio-8080-exec-4] DEBUG org.hibernate.orm.sql.ast.create - Registration of TableGroup [StandardTableGroup(com.ebac.modulo39.dto.Usuario(20))] with identifierForTableGroup [com.ebac.modulo39.dto.Usuario] for NavigablePath [com.ebac.modulo39.dto.Usuario] 
14-04-2025 11:17:58,821-06:00 [http-nio-8080-exec-4] DEBUG org.hibernate.orm.results.graph.AST - DomainResult Graph:
 \-EntityResultImpl [com.ebac.modulo39.dto.Usuario(20)]
 |  +-BasicFetch [com.ebac.modulo39.dto.Usuario(20).edad]
 |  +-BasicFetch [com.ebac.modulo39.dto.Usuario(20).nombre]
 |  \-DelayedCollectionFetch [com.ebac.modulo39.dto.Usuario(20).telefonos]

14-04-2025 11:17:58,822-06:00 [http-nio-8080-exec-4] DEBUG org.hibernate.orm.sql.ast.tree - SQL AST Tree:
    SelectStatement {
      FromClause {
        StandardTableGroup (u1 : com.ebac.modulo39.dto.Usuario(20)) {
          primaryTableReference : usuario as u1_0
        }
      }
    }

14-04-2025 11:17:58,822-06:00 [http-nio-8080-exec-4] DEBUG org.hibernate.orm.sql.exec - Skipping reading Query result cache data: cache-enabled = false, cache-mode = NORMAL
14-04-2025 11:17:58,822-06:00 [http-nio-8080-exec-4] DEBUG org.hibernate.SQL - select u1_0.id_usuario,u1_0.edad,u1_0.nombre from usuario u1_0
14-04-2025 11:17:58,823-06:00 [http-nio-8080-exec-4] DEBUG org.hibernate.orm.results - Initializer list:
	  com.ebac.modulo39.dto.Usuario(20).telefonos -> DelayedCollectionInitializer(com.ebac.modulo39.dto.Usuario(20).telefonos)@1326883436 (PluralAttribute(com.ebac.modulo39.dto.Usuario.telefonos))
	  com.ebac.modulo39.dto.Usuario(20) -> EntityJoinedFetchInitializer(com.ebac.modulo39.dto.Usuario(20))@2059696945 (SingleTableEntityPersister(com.ebac.modulo39.dto.Usuario))

14-04-2025 11:17:58,824-06:00 [http-nio-8080-exec-4] DEBUG o.s.orm.jpa.JpaTransactionManager - Initiating transaction commit
14-04-2025 11:17:58,824-06:00 [http-nio-8080-exec-4] DEBUG o.s.orm.jpa.JpaTransactionManager - Committing JPA transaction on EntityManager [SessionImpl(528215849<open>)]
14-04-2025 11:17:58,824-06:00 [http-nio-8080-exec-4] DEBUG o.h.e.t.internal.TransactionImpl - committing
14-04-2025 11:17:58,824-06:00 [http-nio-8080-exec-4] DEBUG o.s.jdbc.datasource.DataSourceUtils - Resetting read-only flag of JDBC Connection [HikariProxyConnection@1452672260 wrapping com.mysql.cj.jdbc.ConnectionImpl@5d194314]
14-04-2025 11:17:58,825-06:00 [http-nio-8080-exec-4] DEBUG o.s.orm.jpa.JpaTransactionManager - Not closing pre-bound JPA EntityManager after transaction
14-04-2025 11:17:58,825-06:00 [http-nio-8080-exec-4] DEBUG o.s.w.s.m.m.a.RequestResponseBodyMethodProcessor - Using 'application/json', given [*/*] and supported [application/json, application/*+json]
14-04-2025 11:17:58,825-06:00 [http-nio-8080-exec-4] DEBUG o.s.w.s.m.m.a.RequestResponseBodyMethodProcessor - Writing [com.ebac.modulo39.controller.ResponseWrapper@63b0e358]
14-04-2025 11:17:58,826-06:00 [http-nio-8080-exec-4] DEBUG org.hibernate.orm.sql.exec - Skipping reading Query result cache data: cache-enabled = false, cache-mode = IGNORE
14-04-2025 11:17:58,826-06:00 [http-nio-8080-exec-4] DEBUG org.hibernate.SQL - select t1_0.id_usuario,t1_0.id_telefono,t1_0.lada,t1_0.numero,t1_0.tipo_telefono from telefono t1_0 where t1_0.id_usuario=?
14-04-2025 11:17:58,827-06:00 [http-nio-8080-exec-4] DEBUG o.h.s.results.internal.ResultsHelper - Collection fully initialized: [com.ebac.modulo39.dto.Usuario.telefonos#3]
14-04-2025 11:17:58,827-06:00 [http-nio-8080-exec-4] DEBUG org.hibernate.orm.sql.exec - Skipping reading Query result cache data: cache-enabled = false, cache-mode = IGNORE
14-04-2025 11:17:58,827-06:00 [http-nio-8080-exec-4] DEBUG org.hibernate.SQL - select t1_0.id_usuario,t1_0.id_telefono,t1_0.lada,t1_0.numero,t1_0.tipo_telefono from telefono t1_0 where t1_0.id_usuario=?
14-04-2025 11:17:58,828-06:00 [http-nio-8080-exec-4] DEBUG o.h.s.results.internal.ResultsHelper - Collection fully initialized: [com.ebac.modulo39.dto.Usuario.telefonos#4]
14-04-2025 11:17:58,828-06:00 [http-nio-8080-exec-4] DEBUG o.s.o.j.s.OpenEntityManagerInViewInterceptor - Closing JPA EntityManager in OpenEntityManagerInViewInterceptor
14-04-2025 11:17:58,829-06:00 [http-nio-8080-exec-4] DEBUG o.s.web.servlet.DispatcherServlet - Completed 200 OK
14-04-2025 11:18:17,610-06:00 [HikariPool-1 housekeeper] DEBUG com.zaxxer.hikari.pool.HikariPool - HikariPool-1 - Pool stats (total=10, active=0, idle=10, waiting=0)
14-04-2025 11:18:17,610-06:00 [HikariPool-1 housekeeper] DEBUG com.zaxxer.hikari.pool.HikariPool - HikariPool-1 - Fill pool skipped, pool has sufficient level or currently being filled.
14-04-2025 11:18:47,615-06:00 [HikariPool-1 housekeeper] DEBUG com.zaxxer.hikari.pool.HikariPool - HikariPool-1 - Pool stats (total=10, active=0, idle=10, waiting=0)
14-04-2025 11:18:47,615-06:00 [HikariPool-1 housekeeper] DEBUG com.zaxxer.hikari.pool.HikariPool - HikariPool-1 - Fill pool skipped, pool has sufficient level or currently being filled.
14-04-2025 11:19:17,622-06:00 [HikariPool-1 housekeeper] DEBUG com.zaxxer.hikari.pool.HikariPool - HikariPool-1 - Pool stats (total=10, active=0, idle=10, waiting=0)
14-04-2025 11:19:17,622-06:00 [HikariPool-1 housekeeper] DEBUG com.zaxxer.hikari.pool.HikariPool - HikariPool-1 - Fill pool skipped, pool has sufficient level or currently being filled.
14-04-2025 11:19:26,966-06:00 [http-nio-8080-exec-5] DEBUG o.s.web.servlet.DispatcherServlet - GET "/usuarios", parameters={}
14-04-2025 11:19:26,966-06:00 [http-nio-8080-exec-5] DEBUG o.s.w.s.m.m.a.RequestMappingHandlerMapping - Mapped to com.ebac.modulo39.controller.UsuarioController#obtenerUsuarios()
14-04-2025 11:19:26,967-06:00 [http-nio-8080-exec-5] DEBUG o.s.o.j.s.OpenEntityManagerInViewInterceptor - Opening JPA EntityManager in OpenEntityManagerInViewInterceptor
14-04-2025 11:19:26,968-06:00 [http-nio-8080-exec-5] INFO  c.e.m.controller.UsuarioController - Obteniendo usuarios
14-04-2025 11:19:26,968-06:00 [http-nio-8080-exec-5] INFO  c.e.m.controller.UsuarioController - Obteniendo usuarios
14-04-2025 11:19:26,968-06:00 [http-nio-8080-exec-5] DEBUG o.s.orm.jpa.JpaTransactionManager - Found thread-bound EntityManager [SessionImpl(1070744310<open>)] for JPA transaction
14-04-2025 11:19:26,968-06:00 [http-nio-8080-exec-5] DEBUG o.s.orm.jpa.JpaTransactionManager - Creating new transaction with name [org.springframework.data.jpa.repository.support.SimpleJpaRepository.findAll]: PROPAGATION_REQUIRED,ISOLATION_DEFAULT,readOnly
14-04-2025 11:19:26,968-06:00 [http-nio-8080-exec-5] DEBUG o.s.jdbc.datasource.DataSourceUtils - Setting JDBC Connection [HikariProxyConnection@1159872001 wrapping com.mysql.cj.jdbc.ConnectionImpl@5d194314] read-only
14-04-2025 11:19:26,968-06:00 [http-nio-8080-exec-5] DEBUG o.h.e.t.internal.TransactionImpl - On TransactionImpl creation, JpaCompliance#isJpaTransactionComplianceEnabled == false
14-04-2025 11:19:26,968-06:00 [http-nio-8080-exec-5] DEBUG o.h.e.t.internal.TransactionImpl - begin
14-04-2025 11:19:26,971-06:00 [http-nio-8080-exec-5] DEBUG o.s.orm.jpa.JpaTransactionManager - Exposing JPA transaction as JDBC [org.springframework.orm.jpa.vendor.HibernateJpaDialect$HibernateConnectionHandle@21ca43cb]
14-04-2025 11:19:26,972-06:00 [http-nio-8080-exec-5] DEBUG org.hibernate.orm.sql.ast.create - Created new SQL alias : u1_0
14-04-2025 11:19:26,973-06:00 [http-nio-8080-exec-5] DEBUG org.hibernate.orm.sql.ast.create - Registration of TableGroup [StandardTableGroup(com.ebac.modulo39.dto.Usuario(21))] with identifierForTableGroup [com.ebac.modulo39.dto.Usuario] for NavigablePath [com.ebac.modulo39.dto.Usuario] 
14-04-2025 11:19:26,975-06:00 [http-nio-8080-exec-5] DEBUG org.hibernate.orm.results.graph.AST - DomainResult Graph:
 \-EntityResultImpl [com.ebac.modulo39.dto.Usuario(21)]
 |  +-BasicFetch [com.ebac.modulo39.dto.Usuario(21).edad]
 |  +-BasicFetch [com.ebac.modulo39.dto.Usuario(21).nombre]
 |  \-DelayedCollectionFetch [com.ebac.modulo39.dto.Usuario(21).telefonos]

14-04-2025 11:19:26,976-06:00 [http-nio-8080-exec-5] DEBUG org.hibernate.orm.sql.ast.tree - SQL AST Tree:
    SelectStatement {
      FromClause {
        StandardTableGroup (u1 : com.ebac.modulo39.dto.Usuario(21)) {
          primaryTableReference : usuario as u1_0
        }
      }
    }

14-04-2025 11:19:26,976-06:00 [http-nio-8080-exec-5] DEBUG org.hibernate.orm.sql.exec - Skipping reading Query result cache data: cache-enabled = false, cache-mode = NORMAL
14-04-2025 11:19:26,976-06:00 [http-nio-8080-exec-5] DEBUG org.hibernate.SQL - select u1_0.id_usuario,u1_0.edad,u1_0.nombre from usuario u1_0
14-04-2025 11:19:26,976-06:00 [http-nio-8080-exec-5] DEBUG org.hibernate.orm.results - Initializer list:
	  com.ebac.modulo39.dto.Usuario(21).telefonos -> DelayedCollectionInitializer(com.ebac.modulo39.dto.Usuario(21).telefonos)@1607214587 (PluralAttribute(com.ebac.modulo39.dto.Usuario.telefonos))
	  com.ebac.modulo39.dto.Usuario(21) -> EntityJoinedFetchInitializer(com.ebac.modulo39.dto.Usuario(21))@1971198163 (SingleTableEntityPersister(com.ebac.modulo39.dto.Usuario))

14-04-2025 11:19:26,976-06:00 [http-nio-8080-exec-5] DEBUG o.s.orm.jpa.JpaTransactionManager - Initiating transaction commit
14-04-2025 11:19:26,982-06:00 [http-nio-8080-exec-5] DEBUG o.s.orm.jpa.JpaTransactionManager - Committing JPA transaction on EntityManager [SessionImpl(1070744310<open>)]
14-04-2025 11:19:26,984-06:00 [http-nio-8080-exec-5] DEBUG o.h.e.t.internal.TransactionImpl - committing
14-04-2025 11:19:26,987-06:00 [http-nio-8080-exec-5] DEBUG o.s.jdbc.datasource.DataSourceUtils - Resetting read-only flag of JDBC Connection [HikariProxyConnection@1159872001 wrapping com.mysql.cj.jdbc.ConnectionImpl@5d194314]
14-04-2025 11:19:26,988-06:00 [http-nio-8080-exec-5] DEBUG o.s.orm.jpa.JpaTransactionManager - Not closing pre-bound JPA EntityManager after transaction
14-04-2025 11:19:26,988-06:00 [http-nio-8080-exec-5] DEBUG o.s.w.s.m.m.a.RequestResponseBodyMethodProcessor - Using 'application/json', given [*/*] and supported [application/json, application/*+json]
14-04-2025 11:19:26,988-06:00 [http-nio-8080-exec-5] DEBUG o.s.w.s.m.m.a.RequestResponseBodyMethodProcessor - Writing [com.ebac.modulo39.controller.ResponseWrapper@1eb84433]
14-04-2025 11:19:26,988-06:00 [http-nio-8080-exec-5] DEBUG org.hibernate.orm.sql.exec - Skipping reading Query result cache data: cache-enabled = false, cache-mode = IGNORE
14-04-2025 11:19:26,988-06:00 [http-nio-8080-exec-5] DEBUG org.hibernate.SQL - select t1_0.id_usuario,t1_0.id_telefono,t1_0.lada,t1_0.numero,t1_0.tipo_telefono from telefono t1_0 where t1_0.id_usuario=?
14-04-2025 11:19:26,995-06:00 [http-nio-8080-exec-5] DEBUG o.h.s.results.internal.ResultsHelper - Collection fully initialized: [com.ebac.modulo39.dto.Usuario.telefonos#3]
14-04-2025 11:19:26,995-06:00 [http-nio-8080-exec-5] DEBUG org.hibernate.orm.sql.exec - Skipping reading Query result cache data: cache-enabled = false, cache-mode = IGNORE
14-04-2025 11:19:26,996-06:00 [http-nio-8080-exec-5] DEBUG org.hibernate.SQL - select t1_0.id_usuario,t1_0.id_telefono,t1_0.lada,t1_0.numero,t1_0.tipo_telefono from telefono t1_0 where t1_0.id_usuario=?
14-04-2025 11:19:26,997-06:00 [http-nio-8080-exec-5] DEBUG o.h.s.results.internal.ResultsHelper - Collection fully initialized: [com.ebac.modulo39.dto.Usuario.telefonos#4]
14-04-2025 11:19:26,999-06:00 [http-nio-8080-exec-5] DEBUG o.s.o.j.s.OpenEntityManagerInViewInterceptor - Closing JPA EntityManager in OpenEntityManagerInViewInterceptor
14-04-2025 11:19:27,000-06:00 [http-nio-8080-exec-5] DEBUG o.s.web.servlet.DispatcherServlet - Completed 200 OK
14-04-2025 11:19:27,002-06:00 [http-nio-8080-exec-7] DEBUG o.s.web.servlet.DispatcherServlet - GET "/usuarios", parameters={}
14-04-2025 11:19:27,002-06:00 [http-nio-8080-exec-7] DEBUG o.s.w.s.m.m.a.RequestMappingHandlerMapping - Mapped to com.ebac.modulo39.controller.UsuarioController#obtenerUsuarios()
14-04-2025 11:19:27,002-06:00 [http-nio-8080-exec-7] DEBUG o.s.o.j.s.OpenEntityManagerInViewInterceptor - Opening JPA EntityManager in OpenEntityManagerInViewInterceptor
14-04-2025 11:19:27,009-06:00 [http-nio-8080-exec-7] INFO  c.e.m.controller.UsuarioController - Obteniendo usuarios
14-04-2025 11:19:27,009-06:00 [http-nio-8080-exec-7] INFO  c.e.m.controller.UsuarioController - Obteniendo usuarios
14-04-2025 11:19:27,010-06:00 [http-nio-8080-exec-7] DEBUG o.s.orm.jpa.JpaTransactionManager - Found thread-bound EntityManager [SessionImpl(2129388465<open>)] for JPA transaction
14-04-2025 11:19:27,010-06:00 [http-nio-8080-exec-7] DEBUG o.s.orm.jpa.JpaTransactionManager - Creating new transaction with name [org.springframework.data.jpa.repository.support.SimpleJpaRepository.findAll]: PROPAGATION_REQUIRED,ISOLATION_DEFAULT,readOnly
14-04-2025 11:19:27,011-06:00 [http-nio-8080-exec-7] DEBUG o.s.jdbc.datasource.DataSourceUtils - Setting JDBC Connection [HikariProxyConnection@1933886537 wrapping com.mysql.cj.jdbc.ConnectionImpl@5d194314] read-only
14-04-2025 11:19:27,011-06:00 [http-nio-8080-exec-7] DEBUG o.h.e.t.internal.TransactionImpl - On TransactionImpl creation, JpaCompliance#isJpaTransactionComplianceEnabled == false
14-04-2025 11:19:27,011-06:00 [http-nio-8080-exec-7] DEBUG o.h.e.t.internal.TransactionImpl - begin
14-04-2025 11:19:27,011-06:00 [http-nio-8080-exec-7] DEBUG o.s.orm.jpa.JpaTransactionManager - Exposing JPA transaction as JDBC [org.springframework.orm.jpa.vendor.HibernateJpaDialect$HibernateConnectionHandle@1b67dc9d]
14-04-2025 11:19:27,011-06:00 [http-nio-8080-exec-7] DEBUG org.hibernate.orm.sql.ast.create - Created new SQL alias : u1_0
14-04-2025 11:19:27,011-06:00 [http-nio-8080-exec-7] DEBUG org.hibernate.orm.sql.ast.create - Registration of TableGroup [StandardTableGroup(com.ebac.modulo39.dto.Usuario(22))] with identifierForTableGroup [com.ebac.modulo39.dto.Usuario] for NavigablePath [com.ebac.modulo39.dto.Usuario] 
14-04-2025 11:19:27,011-06:00 [http-nio-8080-exec-7] DEBUG org.hibernate.orm.results.graph.AST - DomainResult Graph:
 \-EntityResultImpl [com.ebac.modulo39.dto.Usuario(22)]
 |  +-BasicFetch [com.ebac.modulo39.dto.Usuario(22).edad]
 |  +-BasicFetch [com.ebac.modulo39.dto.Usuario(22).nombre]
 |  \-DelayedCollectionFetch [com.ebac.modulo39.dto.Usuario(22).telefonos]

14-04-2025 11:19:27,011-06:00 [http-nio-8080-exec-7] DEBUG org.hibernate.orm.sql.ast.tree - SQL AST Tree:
    SelectStatement {
      FromClause {
        StandardTableGroup (u1 : com.ebac.modulo39.dto.Usuario(22)) {
          primaryTableReference : usuario as u1_0
        }
      }
    }

14-04-2025 11:19:27,011-06:00 [http-nio-8080-exec-7] DEBUG org.hibernate.orm.sql.exec - Skipping reading Query result cache data: cache-enabled = false, cache-mode = NORMAL
14-04-2025 11:19:27,011-06:00 [http-nio-8080-exec-7] DEBUG org.hibernate.SQL - select u1_0.id_usuario,u1_0.edad,u1_0.nombre from usuario u1_0
14-04-2025 11:19:27,016-06:00 [http-nio-8080-exec-7] DEBUG org.hibernate.orm.results - Initializer list:
	  com.ebac.modulo39.dto.Usuario(22).telefonos -> DelayedCollectionInitializer(com.ebac.modulo39.dto.Usuario(22).telefonos)@201695715 (PluralAttribute(com.ebac.modulo39.dto.Usuario.telefonos))
	  com.ebac.modulo39.dto.Usuario(22) -> EntityJoinedFetchInitializer(com.ebac.modulo39.dto.Usuario(22))@982232535 (SingleTableEntityPersister(com.ebac.modulo39.dto.Usuario))

14-04-2025 11:19:27,017-06:00 [http-nio-8080-exec-7] DEBUG o.s.orm.jpa.JpaTransactionManager - Initiating transaction commit
14-04-2025 11:19:27,017-06:00 [http-nio-8080-exec-7] DEBUG o.s.orm.jpa.JpaTransactionManager - Committing JPA transaction on EntityManager [SessionImpl(2129388465<open>)]
14-04-2025 11:19:27,018-06:00 [http-nio-8080-exec-7] DEBUG o.h.e.t.internal.TransactionImpl - committing
14-04-2025 11:19:27,019-06:00 [http-nio-8080-exec-7] DEBUG o.s.jdbc.datasource.DataSourceUtils - Resetting read-only flag of JDBC Connection [HikariProxyConnection@1933886537 wrapping com.mysql.cj.jdbc.ConnectionImpl@5d194314]
14-04-2025 11:19:27,020-06:00 [http-nio-8080-exec-7] DEBUG o.s.orm.jpa.JpaTransactionManager - Not closing pre-bound JPA EntityManager after transaction
14-04-2025 11:19:27,020-06:00 [http-nio-8080-exec-7] DEBUG o.s.w.s.m.m.a.RequestResponseBodyMethodProcessor - Using 'application/json', given [*/*] and supported [application/json, application/*+json]
14-04-2025 11:19:27,020-06:00 [http-nio-8080-exec-7] DEBUG o.s.w.s.m.m.a.RequestResponseBodyMethodProcessor - Writing [com.ebac.modulo39.controller.ResponseWrapper@6738e992]
14-04-2025 11:19:27,020-06:00 [http-nio-8080-exec-7] DEBUG org.hibernate.orm.sql.exec - Skipping reading Query result cache data: cache-enabled = false, cache-mode = IGNORE
14-04-2025 11:19:27,022-06:00 [http-nio-8080-exec-7] DEBUG org.hibernate.SQL - select t1_0.id_usuario,t1_0.id_telefono,t1_0.lada,t1_0.numero,t1_0.tipo_telefono from telefono t1_0 where t1_0.id_usuario=?
14-04-2025 11:19:27,022-06:00 [http-nio-8080-exec-7] DEBUG o.h.s.results.internal.ResultsHelper - Collection fully initialized: [com.ebac.modulo39.dto.Usuario.telefonos#3]
14-04-2025 11:19:27,022-06:00 [http-nio-8080-exec-7] DEBUG org.hibernate.orm.sql.exec - Skipping reading Query result cache data: cache-enabled = false, cache-mode = IGNORE
14-04-2025 11:19:27,022-06:00 [http-nio-8080-exec-7] DEBUG org.hibernate.SQL - select t1_0.id_usuario,t1_0.id_telefono,t1_0.lada,t1_0.numero,t1_0.tipo_telefono from telefono t1_0 where t1_0.id_usuario=?
14-04-2025 11:19:27,028-06:00 [http-nio-8080-exec-7] DEBUG o.h.s.results.internal.ResultsHelper - Collection fully initialized: [com.ebac.modulo39.dto.Usuario.telefonos#4]
14-04-2025 11:19:27,029-06:00 [http-nio-8080-exec-7] DEBUG o.s.o.j.s.OpenEntityManagerInViewInterceptor - Closing JPA EntityManager in OpenEntityManagerInViewInterceptor
14-04-2025 11:19:27,029-06:00 [http-nio-8080-exec-7] DEBUG o.s.web.servlet.DispatcherServlet - Completed 200 OK
14-04-2025 11:19:47,631-06:00 [HikariPool-1 housekeeper] DEBUG com.zaxxer.hikari.pool.HikariPool - HikariPool-1 - Pool stats (total=10, active=0, idle=10, waiting=0)
14-04-2025 11:19:47,631-06:00 [HikariPool-1 housekeeper] DEBUG com.zaxxer.hikari.pool.HikariPool - HikariPool-1 - Fill pool skipped, pool has sufficient level or currently being filled.
14-04-2025 11:20:00,950-06:00 [http-nio-8080-exec-10] DEBUG o.s.web.servlet.DispatcherServlet - GET "/usuarios", parameters={}
14-04-2025 11:20:00,951-06:00 [http-nio-8080-exec-10] DEBUG o.s.w.s.m.m.a.RequestMappingHandlerMapping - Mapped to com.ebac.modulo39.controller.UsuarioController#obtenerUsuarios()
14-04-2025 11:20:00,952-06:00 [http-nio-8080-exec-10] DEBUG o.s.o.j.s.OpenEntityManagerInViewInterceptor - Opening JPA EntityManager in OpenEntityManagerInViewInterceptor
14-04-2025 11:20:00,952-06:00 [http-nio-8080-exec-10] INFO  c.e.m.controller.UsuarioController - Obteniendo usuarios
14-04-2025 11:20:00,952-06:00 [http-nio-8080-exec-10] INFO  c.e.m.controller.UsuarioController - Obteniendo usuarios
14-04-2025 11:20:00,952-06:00 [http-nio-8080-exec-10] DEBUG o.s.orm.jpa.JpaTransactionManager - Found thread-bound EntityManager [SessionImpl(1109705188<open>)] for JPA transaction
14-04-2025 11:20:00,953-06:00 [http-nio-8080-exec-10] DEBUG o.s.orm.jpa.JpaTransactionManager - Creating new transaction with name [org.springframework.data.jpa.repository.support.SimpleJpaRepository.findAll]: PROPAGATION_REQUIRED,ISOLATION_DEFAULT,readOnly
14-04-2025 11:20:00,953-06:00 [http-nio-8080-exec-10] DEBUG o.s.jdbc.datasource.DataSourceUtils - Setting JDBC Connection [HikariProxyConnection@595178087 wrapping com.mysql.cj.jdbc.ConnectionImpl@5d194314] read-only
14-04-2025 11:20:00,954-06:00 [http-nio-8080-exec-10] DEBUG o.h.e.t.internal.TransactionImpl - On TransactionImpl creation, JpaCompliance#isJpaTransactionComplianceEnabled == false
14-04-2025 11:20:00,954-06:00 [http-nio-8080-exec-10] DEBUG o.h.e.t.internal.TransactionImpl - begin
14-04-2025 11:20:00,955-06:00 [http-nio-8080-exec-10] DEBUG o.s.orm.jpa.JpaTransactionManager - Exposing JPA transaction as JDBC [org.springframework.orm.jpa.vendor.HibernateJpaDialect$HibernateConnectionHandle@28e60abb]
14-04-2025 11:20:00,957-06:00 [http-nio-8080-exec-10] DEBUG org.hibernate.orm.sql.ast.create - Created new SQL alias : u1_0
14-04-2025 11:20:00,958-06:00 [http-nio-8080-exec-10] DEBUG org.hibernate.orm.sql.ast.create - Registration of TableGroup [StandardTableGroup(com.ebac.modulo39.dto.Usuario(23))] with identifierForTableGroup [com.ebac.modulo39.dto.Usuario] for NavigablePath [com.ebac.modulo39.dto.Usuario] 
14-04-2025 11:20:00,958-06:00 [http-nio-8080-exec-10] DEBUG org.hibernate.orm.results.graph.AST - DomainResult Graph:
 \-EntityResultImpl [com.ebac.modulo39.dto.Usuario(23)]
 |  +-BasicFetch [com.ebac.modulo39.dto.Usuario(23).edad]
 |  +-BasicFetch [com.ebac.modulo39.dto.Usuario(23).nombre]
 |  \-DelayedCollectionFetch [com.ebac.modulo39.dto.Usuario(23).telefonos]

14-04-2025 11:20:00,959-06:00 [http-nio-8080-exec-10] DEBUG org.hibernate.orm.sql.ast.tree - SQL AST Tree:
    SelectStatement {
      FromClause {
        StandardTableGroup (u1 : com.ebac.modulo39.dto.Usuario(23)) {
          primaryTableReference : usuario as u1_0
        }
      }
    }

14-04-2025 11:20:00,959-06:00 [http-nio-8080-exec-10] DEBUG org.hibernate.orm.sql.exec - Skipping reading Query result cache data: cache-enabled = false, cache-mode = NORMAL
14-04-2025 11:20:00,959-06:00 [http-nio-8080-exec-10] DEBUG org.hibernate.SQL - select u1_0.id_usuario,u1_0.edad,u1_0.nombre from usuario u1_0
14-04-2025 11:20:00,961-06:00 [http-nio-8080-exec-10] DEBUG org.hibernate.orm.results - Initializer list:
	  com.ebac.modulo39.dto.Usuario(23).telefonos -> DelayedCollectionInitializer(com.ebac.modulo39.dto.Usuario(23).telefonos)@1497076026 (PluralAttribute(com.ebac.modulo39.dto.Usuario.telefonos))
	  com.ebac.modulo39.dto.Usuario(23) -> EntityJoinedFetchInitializer(com.ebac.modulo39.dto.Usuario(23))@833370811 (SingleTableEntityPersister(com.ebac.modulo39.dto.Usuario))

14-04-2025 11:20:00,962-06:00 [http-nio-8080-exec-10] DEBUG o.s.orm.jpa.JpaTransactionManager - Initiating transaction commit
14-04-2025 11:20:00,962-06:00 [http-nio-8080-exec-10] DEBUG o.s.orm.jpa.JpaTransactionManager - Committing JPA transaction on EntityManager [SessionImpl(1109705188<open>)]
14-04-2025 11:20:00,962-06:00 [http-nio-8080-exec-10] DEBUG o.h.e.t.internal.TransactionImpl - committing
14-04-2025 11:20:00,963-06:00 [http-nio-8080-exec-10] DEBUG o.s.jdbc.datasource.DataSourceUtils - Resetting read-only flag of JDBC Connection [HikariProxyConnection@595178087 wrapping com.mysql.cj.jdbc.ConnectionImpl@5d194314]
14-04-2025 11:20:00,964-06:00 [http-nio-8080-exec-10] DEBUG o.s.orm.jpa.JpaTransactionManager - Not closing pre-bound JPA EntityManager after transaction
14-04-2025 11:20:00,964-06:00 [http-nio-8080-exec-10] DEBUG o.s.w.s.m.m.a.RequestResponseBodyMethodProcessor - Using 'application/json', given [*/*] and supported [application/json, application/*+json]
14-04-2025 11:20:00,964-06:00 [http-nio-8080-exec-10] DEBUG o.s.w.s.m.m.a.RequestResponseBodyMethodProcessor - Writing [com.ebac.modulo39.controller.ResponseWrapper@17804cb8]
14-04-2025 11:20:00,965-06:00 [http-nio-8080-exec-10] DEBUG org.hibernate.orm.sql.exec - Skipping reading Query result cache data: cache-enabled = false, cache-mode = IGNORE
14-04-2025 11:20:00,965-06:00 [http-nio-8080-exec-10] DEBUG org.hibernate.SQL - select t1_0.id_usuario,t1_0.id_telefono,t1_0.lada,t1_0.numero,t1_0.tipo_telefono from telefono t1_0 where t1_0.id_usuario=?
14-04-2025 11:20:00,966-06:00 [http-nio-8080-exec-10] DEBUG o.h.s.results.internal.ResultsHelper - Collection fully initialized: [com.ebac.modulo39.dto.Usuario.telefonos#3]
14-04-2025 11:20:00,966-06:00 [http-nio-8080-exec-10] DEBUG org.hibernate.orm.sql.exec - Skipping reading Query result cache data: cache-enabled = false, cache-mode = IGNORE
14-04-2025 11:20:00,967-06:00 [http-nio-8080-exec-10] DEBUG org.hibernate.SQL - select t1_0.id_usuario,t1_0.id_telefono,t1_0.lada,t1_0.numero,t1_0.tipo_telefono from telefono t1_0 where t1_0.id_usuario=?
14-04-2025 11:20:00,968-06:00 [http-nio-8080-exec-10] DEBUG o.h.s.results.internal.ResultsHelper - Collection fully initialized: [com.ebac.modulo39.dto.Usuario.telefonos#4]
14-04-2025 11:20:00,968-06:00 [http-nio-8080-exec-10] DEBUG o.s.o.j.s.OpenEntityManagerInViewInterceptor - Closing JPA EntityManager in OpenEntityManagerInViewInterceptor
14-04-2025 11:20:00,969-06:00 [http-nio-8080-exec-10] DEBUG o.s.web.servlet.DispatcherServlet - Completed 200 OK
14-04-2025 11:20:00,970-06:00 [http-nio-8080-exec-8] DEBUG o.s.web.servlet.DispatcherServlet - GET "/usuarios", parameters={}
14-04-2025 11:20:00,971-06:00 [http-nio-8080-exec-8] DEBUG o.s.w.s.m.m.a.RequestMappingHandlerMapping - Mapped to com.ebac.modulo39.controller.UsuarioController#obtenerUsuarios()
14-04-2025 11:20:00,972-06:00 [http-nio-8080-exec-8] DEBUG o.s.o.j.s.OpenEntityManagerInViewInterceptor - Opening JPA EntityManager in OpenEntityManagerInViewInterceptor
14-04-2025 11:20:00,974-06:00 [http-nio-8080-exec-8] INFO  c.e.m.controller.UsuarioController - Obteniendo usuarios
14-04-2025 11:20:00,974-06:00 [http-nio-8080-exec-8] INFO  c.e.m.controller.UsuarioController - Obteniendo usuarios
14-04-2025 11:20:00,974-06:00 [http-nio-8080-exec-8] DEBUG o.s.orm.jpa.JpaTransactionManager - Found thread-bound EntityManager [SessionImpl(1481151580<open>)] for JPA transaction
14-04-2025 11:20:00,975-06:00 [http-nio-8080-exec-8] DEBUG o.s.orm.jpa.JpaTransactionManager - Creating new transaction with name [org.springframework.data.jpa.repository.support.SimpleJpaRepository.findAll]: PROPAGATION_REQUIRED,ISOLATION_DEFAULT,readOnly
14-04-2025 11:20:00,975-06:00 [http-nio-8080-exec-8] DEBUG o.s.jdbc.datasource.DataSourceUtils - Setting JDBC Connection [HikariProxyConnection@2072472953 wrapping com.mysql.cj.jdbc.ConnectionImpl@5d194314] read-only
14-04-2025 11:20:00,976-06:00 [http-nio-8080-exec-8] DEBUG o.h.e.t.internal.TransactionImpl - On TransactionImpl creation, JpaCompliance#isJpaTransactionComplianceEnabled == false
14-04-2025 11:20:00,976-06:00 [http-nio-8080-exec-8] DEBUG o.h.e.t.internal.TransactionImpl - begin
14-04-2025 11:20:00,976-06:00 [http-nio-8080-exec-8] DEBUG o.s.orm.jpa.JpaTransactionManager - Exposing JPA transaction as JDBC [org.springframework.orm.jpa.vendor.HibernateJpaDialect$HibernateConnectionHandle@523715ae]
14-04-2025 11:20:00,977-06:00 [http-nio-8080-exec-8] DEBUG org.hibernate.orm.sql.ast.create - Created new SQL alias : u1_0
14-04-2025 11:20:00,977-06:00 [http-nio-8080-exec-8] DEBUG org.hibernate.orm.sql.ast.create - Registration of TableGroup [StandardTableGroup(com.ebac.modulo39.dto.Usuario(24))] with identifierForTableGroup [com.ebac.modulo39.dto.Usuario] for NavigablePath [com.ebac.modulo39.dto.Usuario] 
14-04-2025 11:20:00,978-06:00 [http-nio-8080-exec-8] DEBUG org.hibernate.orm.results.graph.AST - DomainResult Graph:
 \-EntityResultImpl [com.ebac.modulo39.dto.Usuario(24)]
 |  +-BasicFetch [com.ebac.modulo39.dto.Usuario(24).edad]
 |  +-BasicFetch [com.ebac.modulo39.dto.Usuario(24).nombre]
 |  \-DelayedCollectionFetch [com.ebac.modulo39.dto.Usuario(24).telefonos]

14-04-2025 11:20:00,978-06:00 [http-nio-8080-exec-8] DEBUG org.hibernate.orm.sql.ast.tree - SQL AST Tree:
    SelectStatement {
      FromClause {
        StandardTableGroup (u1 : com.ebac.modulo39.dto.Usuario(24)) {
          primaryTableReference : usuario as u1_0
        }
      }
    }

14-04-2025 11:20:00,978-06:00 [http-nio-8080-exec-8] DEBUG org.hibernate.orm.sql.exec - Skipping reading Query result cache data: cache-enabled = false, cache-mode = NORMAL
14-04-2025 11:20:00,979-06:00 [http-nio-8080-exec-8] DEBUG org.hibernate.SQL - select u1_0.id_usuario,u1_0.edad,u1_0.nombre from usuario u1_0
14-04-2025 11:20:00,980-06:00 [http-nio-8080-exec-8] DEBUG org.hibernate.orm.results - Initializer list:
	  com.ebac.modulo39.dto.Usuario(24) -> EntityJoinedFetchInitializer(com.ebac.modulo39.dto.Usuario(24))@1302074429 (SingleTableEntityPersister(com.ebac.modulo39.dto.Usuario))
	  com.ebac.modulo39.dto.Usuario(24).telefonos -> DelayedCollectionInitializer(com.ebac.modulo39.dto.Usuario(24).telefonos)@1398897740 (PluralAttribute(com.ebac.modulo39.dto.Usuario.telefonos))

14-04-2025 11:20:00,980-06:00 [http-nio-8080-exec-8] DEBUG o.s.orm.jpa.JpaTransactionManager - Initiating transaction commit
14-04-2025 11:20:00,981-06:00 [http-nio-8080-exec-8] DEBUG o.s.orm.jpa.JpaTransactionManager - Committing JPA transaction on EntityManager [SessionImpl(1481151580<open>)]
14-04-2025 11:20:00,981-06:00 [http-nio-8080-exec-8] DEBUG o.h.e.t.internal.TransactionImpl - committing
14-04-2025 11:20:00,982-06:00 [http-nio-8080-exec-8] DEBUG o.s.jdbc.datasource.DataSourceUtils - Resetting read-only flag of JDBC Connection [HikariProxyConnection@2072472953 wrapping com.mysql.cj.jdbc.ConnectionImpl@5d194314]
14-04-2025 11:20:00,982-06:00 [http-nio-8080-exec-8] DEBUG o.s.orm.jpa.JpaTransactionManager - Not closing pre-bound JPA EntityManager after transaction
14-04-2025 11:20:00,983-06:00 [http-nio-8080-exec-8] DEBUG o.s.w.s.m.m.a.RequestResponseBodyMethodProcessor - Using 'application/json', given [*/*] and supported [application/json, application/*+json]
14-04-2025 11:20:00,983-06:00 [http-nio-8080-exec-8] DEBUG o.s.w.s.m.m.a.RequestResponseBodyMethodProcessor - Writing [com.ebac.modulo39.controller.ResponseWrapper@779b667b]
14-04-2025 11:20:00,984-06:00 [http-nio-8080-exec-8] DEBUG org.hibernate.orm.sql.exec - Skipping reading Query result cache data: cache-enabled = false, cache-mode = IGNORE
14-04-2025 11:20:00,984-06:00 [http-nio-8080-exec-8] DEBUG org.hibernate.SQL - select t1_0.id_usuario,t1_0.id_telefono,t1_0.lada,t1_0.numero,t1_0.tipo_telefono from telefono t1_0 where t1_0.id_usuario=?
14-04-2025 11:20:00,985-06:00 [http-nio-8080-exec-8] DEBUG o.h.s.results.internal.ResultsHelper - Collection fully initialized: [com.ebac.modulo39.dto.Usuario.telefonos#3]
14-04-2025 11:20:00,986-06:00 [http-nio-8080-exec-8] DEBUG org.hibernate.orm.sql.exec - Skipping reading Query result cache data: cache-enabled = false, cache-mode = IGNORE
14-04-2025 11:20:00,986-06:00 [http-nio-8080-exec-8] DEBUG org.hibernate.SQL - select t1_0.id_usuario,t1_0.id_telefono,t1_0.lada,t1_0.numero,t1_0.tipo_telefono from telefono t1_0 where t1_0.id_usuario=?
14-04-2025 11:20:00,988-06:00 [http-nio-8080-exec-8] DEBUG o.h.s.results.internal.ResultsHelper - Collection fully initialized: [com.ebac.modulo39.dto.Usuario.telefonos#4]
14-04-2025 11:20:00,989-06:00 [http-nio-8080-exec-8] DEBUG o.s.o.j.s.OpenEntityManagerInViewInterceptor - Closing JPA EntityManager in OpenEntityManagerInViewInterceptor
14-04-2025 11:20:00,990-06:00 [http-nio-8080-exec-8] DEBUG o.s.web.servlet.DispatcherServlet - Completed 200 OK
14-04-2025 11:20:05,972-06:00 [http-nio-8080-exec-9] DEBUG o.s.web.servlet.DispatcherServlet - GET "/usuarios", parameters={}
14-04-2025 11:20:05,973-06:00 [http-nio-8080-exec-9] DEBUG o.s.w.s.m.m.a.RequestMappingHandlerMapping - Mapped to com.ebac.modulo39.controller.UsuarioController#obtenerUsuarios()
14-04-2025 11:20:05,973-06:00 [http-nio-8080-exec-9] DEBUG o.s.o.j.s.OpenEntityManagerInViewInterceptor - Opening JPA EntityManager in OpenEntityManagerInViewInterceptor
14-04-2025 11:20:05,974-06:00 [http-nio-8080-exec-9] INFO  c.e.m.controller.UsuarioController - Obteniendo usuarios
14-04-2025 11:20:05,974-06:00 [http-nio-8080-exec-9] INFO  c.e.m.controller.UsuarioController - Obteniendo usuarios
14-04-2025 11:20:05,975-06:00 [http-nio-8080-exec-9] DEBUG o.s.orm.jpa.JpaTransactionManager - Found thread-bound EntityManager [SessionImpl(687444951<open>)] for JPA transaction
14-04-2025 11:20:05,975-06:00 [http-nio-8080-exec-9] DEBUG o.s.orm.jpa.JpaTransactionManager - Creating new transaction with name [org.springframework.data.jpa.repository.support.SimpleJpaRepository.findAll]: PROPAGATION_REQUIRED,ISOLATION_DEFAULT,readOnly
14-04-2025 11:20:05,976-06:00 [http-nio-8080-exec-9] DEBUG o.s.jdbc.datasource.DataSourceUtils - Setting JDBC Connection [HikariProxyConnection@1057509353 wrapping com.mysql.cj.jdbc.ConnectionImpl@5d194314] read-only
14-04-2025 11:20:05,976-06:00 [http-nio-8080-exec-9] DEBUG o.h.e.t.internal.TransactionImpl - On TransactionImpl creation, JpaCompliance#isJpaTransactionComplianceEnabled == false
14-04-2025 11:20:05,977-06:00 [http-nio-8080-exec-9] DEBUG o.h.e.t.internal.TransactionImpl - begin
14-04-2025 11:20:05,977-06:00 [http-nio-8080-exec-9] DEBUG o.s.orm.jpa.JpaTransactionManager - Exposing JPA transaction as JDBC [org.springframework.orm.jpa.vendor.HibernateJpaDialect$HibernateConnectionHandle@a56a393]
14-04-2025 11:20:05,982-06:00 [http-nio-8080-exec-9] DEBUG org.hibernate.orm.sql.ast.create - Created new SQL alias : u1_0
14-04-2025 11:20:05,982-06:00 [http-nio-8080-exec-9] DEBUG org.hibernate.orm.sql.ast.create - Registration of TableGroup [StandardTableGroup(com.ebac.modulo39.dto.Usuario(25))] with identifierForTableGroup [com.ebac.modulo39.dto.Usuario] for NavigablePath [com.ebac.modulo39.dto.Usuario] 
14-04-2025 11:20:05,983-06:00 [http-nio-8080-exec-9] DEBUG org.hibernate.orm.results.graph.AST - DomainResult Graph:
 \-EntityResultImpl [com.ebac.modulo39.dto.Usuario(25)]
 |  +-BasicFetch [com.ebac.modulo39.dto.Usuario(25).edad]
 |  +-BasicFetch [com.ebac.modulo39.dto.Usuario(25).nombre]
 |  \-DelayedCollectionFetch [com.ebac.modulo39.dto.Usuario(25).telefonos]

14-04-2025 11:20:05,984-06:00 [http-nio-8080-exec-9] DEBUG org.hibernate.orm.sql.ast.tree - SQL AST Tree:
    SelectStatement {
      FromClause {
        StandardTableGroup (u1 : com.ebac.modulo39.dto.Usuario(25)) {
          primaryTableReference : usuario as u1_0
        }
      }
    }

14-04-2025 11:20:05,984-06:00 [http-nio-8080-exec-9] DEBUG org.hibernate.orm.sql.exec - Skipping reading Query result cache data: cache-enabled = false, cache-mode = NORMAL
14-04-2025 11:20:05,985-06:00 [http-nio-8080-exec-9] DEBUG org.hibernate.SQL - select u1_0.id_usuario,u1_0.edad,u1_0.nombre from usuario u1_0
14-04-2025 11:20:05,986-06:00 [http-nio-8080-exec-9] DEBUG org.hibernate.orm.results - Initializer list:
	  com.ebac.modulo39.dto.Usuario(25) -> EntityJoinedFetchInitializer(com.ebac.modulo39.dto.Usuario(25))@1963242961 (SingleTableEntityPersister(com.ebac.modulo39.dto.Usuario))
	  com.ebac.modulo39.dto.Usuario(25).telefonos -> DelayedCollectionInitializer(com.ebac.modulo39.dto.Usuario(25).telefonos)@389867591 (PluralAttribute(com.ebac.modulo39.dto.Usuario.telefonos))

14-04-2025 11:20:05,987-06:00 [http-nio-8080-exec-9] DEBUG o.s.orm.jpa.JpaTransactionManager - Initiating transaction commit
14-04-2025 11:20:05,987-06:00 [http-nio-8080-exec-9] DEBUG o.s.orm.jpa.JpaTransactionManager - Committing JPA transaction on EntityManager [SessionImpl(687444951<open>)]
14-04-2025 11:20:05,987-06:00 [http-nio-8080-exec-9] DEBUG o.h.e.t.internal.TransactionImpl - committing
14-04-2025 11:20:05,989-06:00 [http-nio-8080-exec-9] DEBUG o.s.jdbc.datasource.DataSourceUtils - Resetting read-only flag of JDBC Connection [HikariProxyConnection@1057509353 wrapping com.mysql.cj.jdbc.ConnectionImpl@5d194314]
14-04-2025 11:20:05,989-06:00 [http-nio-8080-exec-9] DEBUG o.s.orm.jpa.JpaTransactionManager - Not closing pre-bound JPA EntityManager after transaction
14-04-2025 11:20:05,990-06:00 [http-nio-8080-exec-9] DEBUG o.s.w.s.m.m.a.RequestResponseBodyMethodProcessor - Using 'application/json', given [*/*] and supported [application/json, application/*+json]
14-04-2025 11:20:05,990-06:00 [http-nio-8080-exec-9] DEBUG o.s.w.s.m.m.a.RequestResponseBodyMethodProcessor - Writing [com.ebac.modulo39.controller.ResponseWrapper@4e6bb11c]
14-04-2025 11:20:05,990-06:00 [http-nio-8080-exec-9] DEBUG org.hibernate.orm.sql.exec - Skipping reading Query result cache data: cache-enabled = false, cache-mode = IGNORE
14-04-2025 11:20:05,991-06:00 [http-nio-8080-exec-9] DEBUG org.hibernate.SQL - select t1_0.id_usuario,t1_0.id_telefono,t1_0.lada,t1_0.numero,t1_0.tipo_telefono from telefono t1_0 where t1_0.id_usuario=?
14-04-2025 11:20:05,992-06:00 [http-nio-8080-exec-9] DEBUG o.h.s.results.internal.ResultsHelper - Collection fully initialized: [com.ebac.modulo39.dto.Usuario.telefonos#3]
14-04-2025 11:20:05,992-06:00 [http-nio-8080-exec-9] DEBUG org.hibernate.orm.sql.exec - Skipping reading Query result cache data: cache-enabled = false, cache-mode = IGNORE
14-04-2025 11:20:05,993-06:00 [http-nio-8080-exec-9] DEBUG org.hibernate.SQL - select t1_0.id_usuario,t1_0.id_telefono,t1_0.lada,t1_0.numero,t1_0.tipo_telefono from telefono t1_0 where t1_0.id_usuario=?
14-04-2025 11:20:05,995-06:00 [http-nio-8080-exec-9] DEBUG o.h.s.results.internal.ResultsHelper - Collection fully initialized: [com.ebac.modulo39.dto.Usuario.telefonos#4]
14-04-2025 11:20:05,995-06:00 [http-nio-8080-exec-9] DEBUG o.s.o.j.s.OpenEntityManagerInViewInterceptor - Closing JPA EntityManager in OpenEntityManagerInViewInterceptor
14-04-2025 11:20:05,996-06:00 [http-nio-8080-exec-9] DEBUG o.s.web.servlet.DispatcherServlet - Completed 200 OK
14-04-2025 11:20:05,997-06:00 [http-nio-8080-exec-9] DEBUG o.s.web.servlet.DispatcherServlet - GET "/usuarios", parameters={}
14-04-2025 11:20:05,997-06:00 [http-nio-8080-exec-9] DEBUG o.s.w.s.m.m.a.RequestMappingHandlerMapping - Mapped to com.ebac.modulo39.controller.UsuarioController#obtenerUsuarios()
14-04-2025 11:20:05,998-06:00 [http-nio-8080-exec-9] DEBUG o.s.o.j.s.OpenEntityManagerInViewInterceptor - Opening JPA EntityManager in OpenEntityManagerInViewInterceptor
14-04-2025 11:20:05,999-06:00 [http-nio-8080-exec-9] INFO  c.e.m.controller.UsuarioController - Obteniendo usuarios
14-04-2025 11:20:05,999-06:00 [http-nio-8080-exec-9] INFO  c.e.m.controller.UsuarioController - Obteniendo usuarios
14-04-2025 11:20:05,999-06:00 [http-nio-8080-exec-9] DEBUG o.s.orm.jpa.JpaTransactionManager - Found thread-bound EntityManager [SessionImpl(2027664396<open>)] for JPA transaction
14-04-2025 11:20:05,999-06:00 [http-nio-8080-exec-9] DEBUG o.s.orm.jpa.JpaTransactionManager - Creating new transaction with name [org.springframework.data.jpa.repository.support.SimpleJpaRepository.findAll]: PROPAGATION_REQUIRED,ISOLATION_DEFAULT,readOnly
14-04-2025 11:20:06,000-06:00 [http-nio-8080-exec-9] DEBUG o.s.jdbc.datasource.DataSourceUtils - Setting JDBC Connection [HikariProxyConnection@734254085 wrapping com.mysql.cj.jdbc.ConnectionImpl@5d194314] read-only
14-04-2025 11:20:06,001-06:00 [http-nio-8080-exec-9] DEBUG o.h.e.t.internal.TransactionImpl - On TransactionImpl creation, JpaCompliance#isJpaTransactionComplianceEnabled == false
14-04-2025 11:20:06,001-06:00 [http-nio-8080-exec-9] DEBUG o.h.e.t.internal.TransactionImpl - begin
14-04-2025 11:20:06,001-06:00 [http-nio-8080-exec-9] DEBUG o.s.orm.jpa.JpaTransactionManager - Exposing JPA transaction as JDBC [org.springframework.orm.jpa.vendor.HibernateJpaDialect$HibernateConnectionHandle@3a793bc7]
14-04-2025 11:20:06,002-06:00 [http-nio-8080-exec-9] DEBUG org.hibernate.orm.sql.ast.create - Created new SQL alias : u1_0
14-04-2025 11:20:06,002-06:00 [http-nio-8080-exec-9] DEBUG org.hibernate.orm.sql.ast.create - Registration of TableGroup [StandardTableGroup(com.ebac.modulo39.dto.Usuario(26))] with identifierForTableGroup [com.ebac.modulo39.dto.Usuario] for NavigablePath [com.ebac.modulo39.dto.Usuario] 
14-04-2025 11:20:06,003-06:00 [http-nio-8080-exec-9] DEBUG org.hibernate.orm.results.graph.AST - DomainResult Graph:
 \-EntityResultImpl [com.ebac.modulo39.dto.Usuario(26)]
 |  +-BasicFetch [com.ebac.modulo39.dto.Usuario(26).edad]
 |  +-BasicFetch [com.ebac.modulo39.dto.Usuario(26).nombre]
 |  \-DelayedCollectionFetch [com.ebac.modulo39.dto.Usuario(26).telefonos]

14-04-2025 11:20:06,003-06:00 [http-nio-8080-exec-9] DEBUG org.hibernate.orm.sql.ast.tree - SQL AST Tree:
    SelectStatement {
      FromClause {
        StandardTableGroup (u1 : com.ebac.modulo39.dto.Usuario(26)) {
          primaryTableReference : usuario as u1_0
        }
      }
    }

14-04-2025 11:20:06,004-06:00 [http-nio-8080-exec-9] DEBUG org.hibernate.orm.sql.exec - Skipping reading Query result cache data: cache-enabled = false, cache-mode = NORMAL
14-04-2025 11:20:06,004-06:00 [http-nio-8080-exec-9] DEBUG org.hibernate.SQL - select u1_0.id_usuario,u1_0.edad,u1_0.nombre from usuario u1_0
14-04-2025 11:20:06,005-06:00 [http-nio-8080-exec-9] DEBUG org.hibernate.orm.results - Initializer list:
	  com.ebac.modulo39.dto.Usuario(26) -> EntityJoinedFetchInitializer(com.ebac.modulo39.dto.Usuario(26))@784207969 (SingleTableEntityPersister(com.ebac.modulo39.dto.Usuario))
	  com.ebac.modulo39.dto.Usuario(26).telefonos -> DelayedCollectionInitializer(com.ebac.modulo39.dto.Usuario(26).telefonos)@2100407407 (PluralAttribute(com.ebac.modulo39.dto.Usuario.telefonos))

14-04-2025 11:20:06,006-06:00 [http-nio-8080-exec-9] DEBUG o.s.orm.jpa.JpaTransactionManager - Initiating transaction commit
14-04-2025 11:20:06,006-06:00 [http-nio-8080-exec-9] DEBUG o.s.orm.jpa.JpaTransactionManager - Committing JPA transaction on EntityManager [SessionImpl(2027664396<open>)]
14-04-2025 11:20:06,007-06:00 [http-nio-8080-exec-9] DEBUG o.h.e.t.internal.TransactionImpl - committing
14-04-2025 11:20:06,008-06:00 [http-nio-8080-exec-9] DEBUG o.s.jdbc.datasource.DataSourceUtils - Resetting read-only flag of JDBC Connection [HikariProxyConnection@734254085 wrapping com.mysql.cj.jdbc.ConnectionImpl@5d194314]
14-04-2025 11:20:06,011-06:00 [http-nio-8080-exec-9] DEBUG o.s.orm.jpa.JpaTransactionManager - Not closing pre-bound JPA EntityManager after transaction
14-04-2025 11:20:06,012-06:00 [http-nio-8080-exec-9] DEBUG o.s.w.s.m.m.a.RequestResponseBodyMethodProcessor - Using 'application/json', given [*/*] and supported [application/json, application/*+json]
14-04-2025 11:20:06,012-06:00 [http-nio-8080-exec-9] DEBUG o.s.w.s.m.m.a.RequestResponseBodyMethodProcessor - Writing [com.ebac.modulo39.controller.ResponseWrapper@1db6f2d]
14-04-2025 11:20:06,013-06:00 [http-nio-8080-exec-9] DEBUG org.hibernate.orm.sql.exec - Skipping reading Query result cache data: cache-enabled = false, cache-mode = IGNORE
14-04-2025 11:20:06,013-06:00 [http-nio-8080-exec-9] DEBUG org.hibernate.SQL - select t1_0.id_usuario,t1_0.id_telefono,t1_0.lada,t1_0.numero,t1_0.tipo_telefono from telefono t1_0 where t1_0.id_usuario=?
14-04-2025 11:20:06,015-06:00 [http-nio-8080-exec-9] DEBUG o.h.s.results.internal.ResultsHelper - Collection fully initialized: [com.ebac.modulo39.dto.Usuario.telefonos#3]
14-04-2025 11:20:06,015-06:00 [http-nio-8080-exec-9] DEBUG org.hibernate.orm.sql.exec - Skipping reading Query result cache data: cache-enabled = false, cache-mode = IGNORE
14-04-2025 11:20:06,015-06:00 [http-nio-8080-exec-9] DEBUG org.hibernate.SQL - select t1_0.id_usuario,t1_0.id_telefono,t1_0.lada,t1_0.numero,t1_0.tipo_telefono from telefono t1_0 where t1_0.id_usuario=?
14-04-2025 11:20:06,018-06:00 [http-nio-8080-exec-9] DEBUG o.h.s.results.internal.ResultsHelper - Collection fully initialized: [com.ebac.modulo39.dto.Usuario.telefonos#4]
14-04-2025 11:20:06,018-06:00 [http-nio-8080-exec-9] DEBUG o.s.o.j.s.OpenEntityManagerInViewInterceptor - Closing JPA EntityManager in OpenEntityManagerInViewInterceptor
14-04-2025 11:20:06,019-06:00 [http-nio-8080-exec-9] DEBUG o.s.web.servlet.DispatcherServlet - Completed 200 OK
14-04-2025 11:20:17,635-06:00 [HikariPool-1 housekeeper] DEBUG com.zaxxer.hikari.pool.HikariPool - HikariPool-1 - Pool stats (total=10, active=0, idle=10, waiting=0)
14-04-2025 11:20:17,635-06:00 [HikariPool-1 housekeeper] DEBUG com.zaxxer.hikari.pool.HikariPool - HikariPool-1 - Fill pool skipped, pool has sufficient level or currently being filled.
14-04-2025 11:20:47,646-06:00 [HikariPool-1 housekeeper] DEBUG com.zaxxer.hikari.pool.HikariPool - HikariPool-1 - Pool stats (total=10, active=0, idle=10, waiting=0)
14-04-2025 11:20:47,646-06:00 [HikariPool-1 housekeeper] DEBUG com.zaxxer.hikari.pool.HikariPool - HikariPool-1 - Fill pool skipped, pool has sufficient level or currently being filled.
14-04-2025 11:21:17,657-06:00 [HikariPool-1 housekeeper] DEBUG com.zaxxer.hikari.pool.HikariPool - HikariPool-1 - Pool stats (total=10, active=0, idle=10, waiting=0)
14-04-2025 11:21:17,657-06:00 [HikariPool-1 housekeeper] DEBUG com.zaxxer.hikari.pool.HikariPool - HikariPool-1 - Fill pool skipped, pool has sufficient level or currently being filled.
14-04-2025 11:21:47,663-06:00 [HikariPool-1 housekeeper] DEBUG com.zaxxer.hikari.pool.HikariPool - HikariPool-1 - Pool stats (total=10, active=0, idle=10, waiting=0)
14-04-2025 11:21:47,663-06:00 [HikariPool-1 housekeeper] DEBUG com.zaxxer.hikari.pool.HikariPool - HikariPool-1 - Fill pool skipped, pool has sufficient level or currently being filled.
14-04-2025 11:22:17,674-06:00 [HikariPool-1 housekeeper] DEBUG com.zaxxer.hikari.pool.HikariPool - HikariPool-1 - Pool stats (total=10, active=0, idle=10, waiting=0)
14-04-2025 11:22:17,674-06:00 [HikariPool-1 housekeeper] DEBUG com.zaxxer.hikari.pool.HikariPool - HikariPool-1 - Fill pool skipped, pool has sufficient level or currently being filled.
14-04-2025 11:22:47,677-06:00 [HikariPool-1 housekeeper] DEBUG com.zaxxer.hikari.pool.HikariPool - HikariPool-1 - Pool stats (total=10, active=0, idle=10, waiting=0)
14-04-2025 11:22:47,677-06:00 [HikariPool-1 housekeeper] DEBUG com.zaxxer.hikari.pool.HikariPool - HikariPool-1 - Fill pool skipped, pool has sufficient level or currently being filled.
14-04-2025 11:23:17,680-06:00 [HikariPool-1 housekeeper] DEBUG com.zaxxer.hikari.pool.HikariPool - HikariPool-1 - Pool stats (total=10, active=0, idle=10, waiting=0)
14-04-2025 11:23:17,680-06:00 [HikariPool-1 housekeeper] DEBUG com.zaxxer.hikari.pool.HikariPool - HikariPool-1 - Fill pool skipped, pool has sufficient level or currently being filled.
14-04-2025 11:23:32,935-06:00 [http-nio-8080-exec-4] DEBUG o.s.web.servlet.DispatcherServlet - GET "/usuarios", parameters={}
14-04-2025 11:23:32,936-06:00 [http-nio-8080-exec-4] DEBUG o.s.w.s.m.m.a.RequestMappingHandlerMapping - Mapped to com.ebac.modulo39.controller.UsuarioController#obtenerUsuarios()
14-04-2025 11:23:32,937-06:00 [http-nio-8080-exec-4] DEBUG o.s.o.j.s.OpenEntityManagerInViewInterceptor - Opening JPA EntityManager in OpenEntityManagerInViewInterceptor
14-04-2025 11:23:32,938-06:00 [http-nio-8080-exec-4] INFO  c.e.m.controller.UsuarioController - Obteniendo usuarios
14-04-2025 11:23:32,938-06:00 [http-nio-8080-exec-4] INFO  c.e.m.controller.UsuarioController - Obteniendo usuarios
14-04-2025 11:23:32,938-06:00 [http-nio-8080-exec-4] DEBUG o.s.orm.jpa.JpaTransactionManager - Found thread-bound EntityManager [SessionImpl(949093975<open>)] for JPA transaction
14-04-2025 11:23:32,938-06:00 [http-nio-8080-exec-4] DEBUG o.s.orm.jpa.JpaTransactionManager - Creating new transaction with name [org.springframework.data.jpa.repository.support.SimpleJpaRepository.findAll]: PROPAGATION_REQUIRED,ISOLATION_DEFAULT,readOnly
14-04-2025 11:23:32,939-06:00 [http-nio-8080-exec-4] DEBUG o.s.jdbc.datasource.DataSourceUtils - Setting JDBC Connection [HikariProxyConnection@1923118111 wrapping com.mysql.cj.jdbc.ConnectionImpl@5d194314] read-only
14-04-2025 11:23:32,940-06:00 [http-nio-8080-exec-4] DEBUG o.h.e.t.internal.TransactionImpl - On TransactionImpl creation, JpaCompliance#isJpaTransactionComplianceEnabled == false
14-04-2025 11:23:32,940-06:00 [http-nio-8080-exec-4] DEBUG o.h.e.t.internal.TransactionImpl - begin
14-04-2025 11:23:32,941-06:00 [http-nio-8080-exec-4] DEBUG o.s.orm.jpa.JpaTransactionManager - Exposing JPA transaction as JDBC [org.springframework.orm.jpa.vendor.HibernateJpaDialect$HibernateConnectionHandle@63e1711e]
14-04-2025 11:23:32,943-06:00 [http-nio-8080-exec-4] DEBUG org.hibernate.orm.sql.ast.create - Created new SQL alias : u1_0
14-04-2025 11:23:32,943-06:00 [http-nio-8080-exec-4] DEBUG org.hibernate.orm.sql.ast.create - Registration of TableGroup [StandardTableGroup(com.ebac.modulo39.dto.Usuario(27))] with identifierForTableGroup [com.ebac.modulo39.dto.Usuario] for NavigablePath [com.ebac.modulo39.dto.Usuario] 
14-04-2025 11:23:32,944-06:00 [http-nio-8080-exec-4] DEBUG org.hibernate.orm.results.graph.AST - DomainResult Graph:
 \-EntityResultImpl [com.ebac.modulo39.dto.Usuario(27)]
 |  +-BasicFetch [com.ebac.modulo39.dto.Usuario(27).edad]
 |  +-BasicFetch [com.ebac.modulo39.dto.Usuario(27).nombre]
 |  \-DelayedCollectionFetch [com.ebac.modulo39.dto.Usuario(27).telefonos]

14-04-2025 11:23:32,945-06:00 [http-nio-8080-exec-4] DEBUG org.hibernate.orm.sql.ast.tree - SQL AST Tree:
    SelectStatement {
      FromClause {
        StandardTableGroup (u1 : com.ebac.modulo39.dto.Usuario(27)) {
          primaryTableReference : usuario as u1_0
        }
      }
    }

14-04-2025 11:23:32,945-06:00 [http-nio-8080-exec-4] DEBUG org.hibernate.orm.sql.exec - Skipping reading Query result cache data: cache-enabled = false, cache-mode = NORMAL
14-04-2025 11:23:32,945-06:00 [http-nio-8080-exec-4] DEBUG org.hibernate.SQL - select u1_0.id_usuario,u1_0.edad,u1_0.nombre from usuario u1_0
14-04-2025 11:23:32,947-06:00 [http-nio-8080-exec-4] DEBUG org.hibernate.orm.results - Initializer list:
	  com.ebac.modulo39.dto.Usuario(27) -> EntityJoinedFetchInitializer(com.ebac.modulo39.dto.Usuario(27))@1319011151 (SingleTableEntityPersister(com.ebac.modulo39.dto.Usuario))
	  com.ebac.modulo39.dto.Usuario(27).telefonos -> DelayedCollectionInitializer(com.ebac.modulo39.dto.Usuario(27).telefonos)@1779723914 (PluralAttribute(com.ebac.modulo39.dto.Usuario.telefonos))

14-04-2025 11:23:32,949-06:00 [http-nio-8080-exec-4] DEBUG o.s.orm.jpa.JpaTransactionManager - Initiating transaction commit
14-04-2025 11:23:32,949-06:00 [http-nio-8080-exec-4] DEBUG o.s.orm.jpa.JpaTransactionManager - Committing JPA transaction on EntityManager [SessionImpl(949093975<open>)]
14-04-2025 11:23:32,949-06:00 [http-nio-8080-exec-4] DEBUG o.h.e.t.internal.TransactionImpl - committing
14-04-2025 11:23:32,951-06:00 [http-nio-8080-exec-4] DEBUG o.s.jdbc.datasource.DataSourceUtils - Resetting read-only flag of JDBC Connection [HikariProxyConnection@1923118111 wrapping com.mysql.cj.jdbc.ConnectionImpl@5d194314]
14-04-2025 11:23:32,953-06:00 [http-nio-8080-exec-4] DEBUG o.s.orm.jpa.JpaTransactionManager - Not closing pre-bound JPA EntityManager after transaction
14-04-2025 11:23:32,956-06:00 [http-nio-8080-exec-4] DEBUG o.s.w.s.m.m.a.RequestResponseBodyMethodProcessor - Using 'application/json', given [*/*] and supported [application/json, application/*+json]
14-04-2025 11:23:32,956-06:00 [http-nio-8080-exec-4] DEBUG o.s.w.s.m.m.a.RequestResponseBodyMethodProcessor - Writing [com.ebac.modulo39.controller.ResponseWrapper@7605c370]
14-04-2025 11:23:32,957-06:00 [http-nio-8080-exec-4] DEBUG org.hibernate.orm.sql.exec - Skipping reading Query result cache data: cache-enabled = false, cache-mode = IGNORE
14-04-2025 11:23:32,957-06:00 [http-nio-8080-exec-4] DEBUG org.hibernate.SQL - select t1_0.id_usuario,t1_0.id_telefono,t1_0.lada,t1_0.numero,t1_0.tipo_telefono from telefono t1_0 where t1_0.id_usuario=?
14-04-2025 11:23:32,959-06:00 [http-nio-8080-exec-4] DEBUG o.h.s.results.internal.ResultsHelper - Collection fully initialized: [com.ebac.modulo39.dto.Usuario.telefonos#3]
14-04-2025 11:23:32,959-06:00 [http-nio-8080-exec-4] DEBUG org.hibernate.orm.sql.exec - Skipping reading Query result cache data: cache-enabled = false, cache-mode = IGNORE
14-04-2025 11:23:32,960-06:00 [http-nio-8080-exec-4] DEBUG org.hibernate.SQL - select t1_0.id_usuario,t1_0.id_telefono,t1_0.lada,t1_0.numero,t1_0.tipo_telefono from telefono t1_0 where t1_0.id_usuario=?
14-04-2025 11:23:32,961-06:00 [http-nio-8080-exec-4] DEBUG o.h.s.results.internal.ResultsHelper - Collection fully initialized: [com.ebac.modulo39.dto.Usuario.telefonos#4]
14-04-2025 11:23:32,962-06:00 [http-nio-8080-exec-4] DEBUG o.s.o.j.s.OpenEntityManagerInViewInterceptor - Closing JPA EntityManager in OpenEntityManagerInViewInterceptor
14-04-2025 11:23:32,962-06:00 [http-nio-8080-exec-4] DEBUG o.s.web.servlet.DispatcherServlet - Completed 200 OK
14-04-2025 11:23:32,964-06:00 [http-nio-8080-exec-6] DEBUG o.s.web.servlet.DispatcherServlet - GET "/usuarios", parameters={}
14-04-2025 11:23:32,965-06:00 [http-nio-8080-exec-6] DEBUG o.s.w.s.m.m.a.RequestMappingHandlerMapping - Mapped to com.ebac.modulo39.controller.UsuarioController#obtenerUsuarios()
14-04-2025 11:23:32,965-06:00 [http-nio-8080-exec-6] DEBUG o.s.o.j.s.OpenEntityManagerInViewInterceptor - Opening JPA EntityManager in OpenEntityManagerInViewInterceptor
14-04-2025 11:23:32,966-06:00 [http-nio-8080-exec-6] INFO  c.e.m.controller.UsuarioController - Obteniendo usuarios
14-04-2025 11:23:32,966-06:00 [http-nio-8080-exec-6] INFO  c.e.m.controller.UsuarioController - Obteniendo usuarios
14-04-2025 11:23:32,966-06:00 [http-nio-8080-exec-6] DEBUG o.s.orm.jpa.JpaTransactionManager - Found thread-bound EntityManager [SessionImpl(1191773014<open>)] for JPA transaction
14-04-2025 11:23:32,966-06:00 [http-nio-8080-exec-6] DEBUG o.s.orm.jpa.JpaTransactionManager - Creating new transaction with name [org.springframework.data.jpa.repository.support.SimpleJpaRepository.findAll]: PROPAGATION_REQUIRED,ISOLATION_DEFAULT,readOnly
14-04-2025 11:23:32,966-06:00 [http-nio-8080-exec-6] DEBUG o.s.jdbc.datasource.DataSourceUtils - Setting JDBC Connection [HikariProxyConnection@901401195 wrapping com.mysql.cj.jdbc.ConnectionImpl@5d194314] read-only
14-04-2025 11:23:32,967-06:00 [http-nio-8080-exec-6] DEBUG o.h.e.t.internal.TransactionImpl - On TransactionImpl creation, JpaCompliance#isJpaTransactionComplianceEnabled == false
14-04-2025 11:23:32,968-06:00 [http-nio-8080-exec-6] DEBUG o.h.e.t.internal.TransactionImpl - begin
14-04-2025 11:23:32,970-06:00 [http-nio-8080-exec-6] DEBUG o.s.orm.jpa.JpaTransactionManager - Exposing JPA transaction as JDBC [org.springframework.orm.jpa.vendor.HibernateJpaDialect$HibernateConnectionHandle@94a0fbc]
14-04-2025 11:23:32,971-06:00 [http-nio-8080-exec-6] DEBUG org.hibernate.orm.sql.ast.create - Created new SQL alias : u1_0
14-04-2025 11:23:32,971-06:00 [http-nio-8080-exec-6] DEBUG org.hibernate.orm.sql.ast.create - Registration of TableGroup [StandardTableGroup(com.ebac.modulo39.dto.Usuario(28))] with identifierForTableGroup [com.ebac.modulo39.dto.Usuario] for NavigablePath [com.ebac.modulo39.dto.Usuario] 
14-04-2025 11:23:32,971-06:00 [http-nio-8080-exec-6] DEBUG org.hibernate.orm.results.graph.AST - DomainResult Graph:
 \-EntityResultImpl [com.ebac.modulo39.dto.Usuario(28)]
 |  +-BasicFetch [com.ebac.modulo39.dto.Usuario(28).edad]
 |  +-BasicFetch [com.ebac.modulo39.dto.Usuario(28).nombre]
 |  \-DelayedCollectionFetch [com.ebac.modulo39.dto.Usuario(28).telefonos]

14-04-2025 11:23:32,972-06:00 [http-nio-8080-exec-6] DEBUG org.hibernate.orm.sql.ast.tree - SQL AST Tree:
    SelectStatement {
      FromClause {
        StandardTableGroup (u1 : com.ebac.modulo39.dto.Usuario(28)) {
          primaryTableReference : usuario as u1_0
        }
      }
    }

14-04-2025 11:23:32,972-06:00 [http-nio-8080-exec-6] DEBUG org.hibernate.orm.sql.exec - Skipping reading Query result cache data: cache-enabled = false, cache-mode = NORMAL
14-04-2025 11:23:32,972-06:00 [http-nio-8080-exec-6] DEBUG org.hibernate.SQL - select u1_0.id_usuario,u1_0.edad,u1_0.nombre from usuario u1_0
14-04-2025 11:23:32,973-06:00 [http-nio-8080-exec-6] DEBUG org.hibernate.orm.results - Initializer list:
	  com.ebac.modulo39.dto.Usuario(28) -> EntityJoinedFetchInitializer(com.ebac.modulo39.dto.Usuario(28))@671514053 (SingleTableEntityPersister(com.ebac.modulo39.dto.Usuario))
	  com.ebac.modulo39.dto.Usuario(28).telefonos -> DelayedCollectionInitializer(com.ebac.modulo39.dto.Usuario(28).telefonos)@1828138559 (PluralAttribute(com.ebac.modulo39.dto.Usuario.telefonos))

14-04-2025 11:23:32,974-06:00 [http-nio-8080-exec-6] DEBUG o.s.orm.jpa.JpaTransactionManager - Initiating transaction commit
14-04-2025 11:23:32,974-06:00 [http-nio-8080-exec-6] DEBUG o.s.orm.jpa.JpaTransactionManager - Committing JPA transaction on EntityManager [SessionImpl(1191773014<open>)]
14-04-2025 11:23:32,974-06:00 [http-nio-8080-exec-6] DEBUG o.h.e.t.internal.TransactionImpl - committing
14-04-2025 11:23:32,975-06:00 [http-nio-8080-exec-6] DEBUG o.s.jdbc.datasource.DataSourceUtils - Resetting read-only flag of JDBC Connection [HikariProxyConnection@901401195 wrapping com.mysql.cj.jdbc.ConnectionImpl@5d194314]
14-04-2025 11:23:32,975-06:00 [http-nio-8080-exec-6] DEBUG o.s.orm.jpa.JpaTransactionManager - Not closing pre-bound JPA EntityManager after transaction
14-04-2025 11:23:32,975-06:00 [http-nio-8080-exec-6] DEBUG o.s.w.s.m.m.a.RequestResponseBodyMethodProcessor - Using 'application/json', given [*/*] and supported [application/json, application/*+json]
14-04-2025 11:23:32,976-06:00 [http-nio-8080-exec-6] DEBUG o.s.w.s.m.m.a.RequestResponseBodyMethodProcessor - Writing [com.ebac.modulo39.controller.ResponseWrapper@7b5b0a5d]
14-04-2025 11:23:32,976-06:00 [http-nio-8080-exec-6] DEBUG org.hibernate.orm.sql.exec - Skipping reading Query result cache data: cache-enabled = false, cache-mode = IGNORE
14-04-2025 11:23:32,976-06:00 [http-nio-8080-exec-6] DEBUG org.hibernate.SQL - select t1_0.id_usuario,t1_0.id_telefono,t1_0.lada,t1_0.numero,t1_0.tipo_telefono from telefono t1_0 where t1_0.id_usuario=?
14-04-2025 11:23:32,976-06:00 [http-nio-8080-exec-6] DEBUG o.h.s.results.internal.ResultsHelper - Collection fully initialized: [com.ebac.modulo39.dto.Usuario.telefonos#3]
14-04-2025 11:23:32,976-06:00 [http-nio-8080-exec-6] DEBUG org.hibernate.orm.sql.exec - Skipping reading Query result cache data: cache-enabled = false, cache-mode = IGNORE
14-04-2025 11:23:32,976-06:00 [http-nio-8080-exec-6] DEBUG org.hibernate.SQL - select t1_0.id_usuario,t1_0.id_telefono,t1_0.lada,t1_0.numero,t1_0.tipo_telefono from telefono t1_0 where t1_0.id_usuario=?
14-04-2025 11:23:32,980-06:00 [http-nio-8080-exec-6] DEBUG o.h.s.results.internal.ResultsHelper - Collection fully initialized: [com.ebac.modulo39.dto.Usuario.telefonos#4]
14-04-2025 11:23:32,980-06:00 [http-nio-8080-exec-6] DEBUG o.s.o.j.s.OpenEntityManagerInViewInterceptor - Closing JPA EntityManager in OpenEntityManagerInViewInterceptor
14-04-2025 11:23:32,980-06:00 [http-nio-8080-exec-6] DEBUG o.s.web.servlet.DispatcherServlet - Completed 200 OK
14-04-2025 11:23:40,165-06:00 [http-nio-8080-exec-5] DEBUG o.s.web.servlet.DispatcherServlet - GET "/usuarios", parameters={}
14-04-2025 11:23:40,167-06:00 [http-nio-8080-exec-5] DEBUG o.s.w.s.m.m.a.RequestMappingHandlerMapping - Mapped to com.ebac.modulo39.controller.UsuarioController#obtenerUsuarios()
14-04-2025 11:23:40,167-06:00 [http-nio-8080-exec-5] DEBUG o.s.o.j.s.OpenEntityManagerInViewInterceptor - Opening JPA EntityManager in OpenEntityManagerInViewInterceptor
14-04-2025 11:23:40,168-06:00 [http-nio-8080-exec-5] INFO  c.e.m.controller.UsuarioController - Obteniendo usuarios
14-04-2025 11:23:40,168-06:00 [http-nio-8080-exec-5] INFO  c.e.m.controller.UsuarioController - Obteniendo usuarios
14-04-2025 11:23:40,168-06:00 [http-nio-8080-exec-5] DEBUG o.s.orm.jpa.JpaTransactionManager - Found thread-bound EntityManager [SessionImpl(1236680437<open>)] for JPA transaction
14-04-2025 11:23:40,168-06:00 [http-nio-8080-exec-5] DEBUG o.s.orm.jpa.JpaTransactionManager - Creating new transaction with name [org.springframework.data.jpa.repository.support.SimpleJpaRepository.findAll]: PROPAGATION_REQUIRED,ISOLATION_DEFAULT,readOnly
14-04-2025 11:23:40,169-06:00 [http-nio-8080-exec-5] DEBUG o.s.jdbc.datasource.DataSourceUtils - Setting JDBC Connection [HikariProxyConnection@259499316 wrapping com.mysql.cj.jdbc.ConnectionImpl@5d194314] read-only
14-04-2025 11:23:40,169-06:00 [http-nio-8080-exec-5] DEBUG o.h.e.t.internal.TransactionImpl - On TransactionImpl creation, JpaCompliance#isJpaTransactionComplianceEnabled == false
14-04-2025 11:23:40,169-06:00 [http-nio-8080-exec-5] DEBUG o.h.e.t.internal.TransactionImpl - begin
14-04-2025 11:23:40,170-06:00 [http-nio-8080-exec-5] DEBUG o.s.orm.jpa.JpaTransactionManager - Exposing JPA transaction as JDBC [org.springframework.orm.jpa.vendor.HibernateJpaDialect$HibernateConnectionHandle@3d617ac1]
14-04-2025 11:23:40,170-06:00 [http-nio-8080-exec-5] DEBUG org.hibernate.orm.sql.ast.create - Created new SQL alias : u1_0
14-04-2025 11:23:40,170-06:00 [http-nio-8080-exec-5] DEBUG org.hibernate.orm.sql.ast.create - Registration of TableGroup [StandardTableGroup(com.ebac.modulo39.dto.Usuario(29))] with identifierForTableGroup [com.ebac.modulo39.dto.Usuario] for NavigablePath [com.ebac.modulo39.dto.Usuario] 
14-04-2025 11:23:40,171-06:00 [http-nio-8080-exec-5] DEBUG org.hibernate.orm.results.graph.AST - DomainResult Graph:
 \-EntityResultImpl [com.ebac.modulo39.dto.Usuario(29)]
 |  +-BasicFetch [com.ebac.modulo39.dto.Usuario(29).edad]
 |  +-BasicFetch [com.ebac.modulo39.dto.Usuario(29).nombre]
 |  \-DelayedCollectionFetch [com.ebac.modulo39.dto.Usuario(29).telefonos]

14-04-2025 11:23:40,172-06:00 [http-nio-8080-exec-5] DEBUG org.hibernate.orm.sql.ast.tree - SQL AST Tree:
    SelectStatement {
      FromClause {
        StandardTableGroup (u1 : com.ebac.modulo39.dto.Usuario(29)) {
          primaryTableReference : usuario as u1_0
        }
      }
    }

14-04-2025 11:23:40,173-06:00 [http-nio-8080-exec-5] DEBUG org.hibernate.orm.sql.exec - Skipping reading Query result cache data: cache-enabled = false, cache-mode = NORMAL
14-04-2025 11:23:40,173-06:00 [http-nio-8080-exec-5] DEBUG org.hibernate.SQL - select u1_0.id_usuario,u1_0.edad,u1_0.nombre from usuario u1_0
14-04-2025 11:23:40,176-06:00 [http-nio-8080-exec-5] DEBUG org.hibernate.orm.results - Initializer list:
	  com.ebac.modulo39.dto.Usuario(29) -> EntityJoinedFetchInitializer(com.ebac.modulo39.dto.Usuario(29))@1148756122 (SingleTableEntityPersister(com.ebac.modulo39.dto.Usuario))
	  com.ebac.modulo39.dto.Usuario(29).telefonos -> DelayedCollectionInitializer(com.ebac.modulo39.dto.Usuario(29).telefonos)@485747421 (PluralAttribute(com.ebac.modulo39.dto.Usuario.telefonos))

14-04-2025 11:23:40,177-06:00 [http-nio-8080-exec-5] DEBUG o.s.orm.jpa.JpaTransactionManager - Initiating transaction commit
14-04-2025 11:23:40,177-06:00 [http-nio-8080-exec-5] DEBUG o.s.orm.jpa.JpaTransactionManager - Committing JPA transaction on EntityManager [SessionImpl(1236680437<open>)]
14-04-2025 11:23:40,177-06:00 [http-nio-8080-exec-5] DEBUG o.h.e.t.internal.TransactionImpl - committing
14-04-2025 11:23:40,178-06:00 [http-nio-8080-exec-5] DEBUG o.s.jdbc.datasource.DataSourceUtils - Resetting read-only flag of JDBC Connection [HikariProxyConnection@259499316 wrapping com.mysql.cj.jdbc.ConnectionImpl@5d194314]
14-04-2025 11:23:40,179-06:00 [http-nio-8080-exec-5] DEBUG o.s.orm.jpa.JpaTransactionManager - Not closing pre-bound JPA EntityManager after transaction
14-04-2025 11:23:40,179-06:00 [http-nio-8080-exec-5] DEBUG o.s.w.s.m.m.a.RequestResponseBodyMethodProcessor - Using 'application/json', given [*/*] and supported [application/json, application/*+json]
14-04-2025 11:23:40,180-06:00 [http-nio-8080-exec-5] DEBUG o.s.w.s.m.m.a.RequestResponseBodyMethodProcessor - Writing [com.ebac.modulo39.controller.ResponseWrapper@6970f2c8]
14-04-2025 11:23:40,180-06:00 [http-nio-8080-exec-5] DEBUG org.hibernate.orm.sql.exec - Skipping reading Query result cache data: cache-enabled = false, cache-mode = IGNORE
14-04-2025 11:23:40,180-06:00 [http-nio-8080-exec-5] DEBUG org.hibernate.SQL - select t1_0.id_usuario,t1_0.id_telefono,t1_0.lada,t1_0.numero,t1_0.tipo_telefono from telefono t1_0 where t1_0.id_usuario=?
14-04-2025 11:23:40,181-06:00 [http-nio-8080-exec-5] DEBUG o.h.s.results.internal.ResultsHelper - Collection fully initialized: [com.ebac.modulo39.dto.Usuario.telefonos#3]
14-04-2025 11:23:40,182-06:00 [http-nio-8080-exec-5] DEBUG org.hibernate.orm.sql.exec - Skipping reading Query result cache data: cache-enabled = false, cache-mode = IGNORE
14-04-2025 11:23:40,182-06:00 [http-nio-8080-exec-5] DEBUG org.hibernate.SQL - select t1_0.id_usuario,t1_0.id_telefono,t1_0.lada,t1_0.numero,t1_0.tipo_telefono from telefono t1_0 where t1_0.id_usuario=?
14-04-2025 11:23:40,183-06:00 [http-nio-8080-exec-5] DEBUG o.h.s.results.internal.ResultsHelper - Collection fully initialized: [com.ebac.modulo39.dto.Usuario.telefonos#4]
14-04-2025 11:23:40,184-06:00 [http-nio-8080-exec-5] DEBUG o.s.o.j.s.OpenEntityManagerInViewInterceptor - Closing JPA EntityManager in OpenEntityManagerInViewInterceptor
14-04-2025 11:23:40,184-06:00 [http-nio-8080-exec-5] DEBUG o.s.web.servlet.DispatcherServlet - Completed 200 OK
14-04-2025 11:23:40,186-06:00 [http-nio-8080-exec-7] DEBUG o.s.web.servlet.DispatcherServlet - GET "/usuarios", parameters={}
14-04-2025 11:23:40,187-06:00 [http-nio-8080-exec-7] DEBUG o.s.w.s.m.m.a.RequestMappingHandlerMapping - Mapped to com.ebac.modulo39.controller.UsuarioController#obtenerUsuarios()
14-04-2025 11:23:40,187-06:00 [http-nio-8080-exec-7] DEBUG o.s.o.j.s.OpenEntityManagerInViewInterceptor - Opening JPA EntityManager in OpenEntityManagerInViewInterceptor
14-04-2025 11:23:40,188-06:00 [http-nio-8080-exec-7] INFO  c.e.m.controller.UsuarioController - Obteniendo usuarios
14-04-2025 11:23:40,188-06:00 [http-nio-8080-exec-7] INFO  c.e.m.controller.UsuarioController - Obteniendo usuarios
14-04-2025 11:23:40,189-06:00 [http-nio-8080-exec-7] DEBUG o.s.orm.jpa.JpaTransactionManager - Found thread-bound EntityManager [SessionImpl(261797915<open>)] for JPA transaction
14-04-2025 11:23:40,189-06:00 [http-nio-8080-exec-7] DEBUG o.s.orm.jpa.JpaTransactionManager - Creating new transaction with name [org.springframework.data.jpa.repository.support.SimpleJpaRepository.findAll]: PROPAGATION_REQUIRED,ISOLATION_DEFAULT,readOnly
14-04-2025 11:23:40,190-06:00 [http-nio-8080-exec-7] DEBUG o.s.jdbc.datasource.DataSourceUtils - Setting JDBC Connection [HikariProxyConnection@1520492767 wrapping com.mysql.cj.jdbc.ConnectionImpl@5d194314] read-only
14-04-2025 11:23:40,191-06:00 [http-nio-8080-exec-7] DEBUG o.h.e.t.internal.TransactionImpl - On TransactionImpl creation, JpaCompliance#isJpaTransactionComplianceEnabled == false
14-04-2025 11:23:40,191-06:00 [http-nio-8080-exec-7] DEBUG o.h.e.t.internal.TransactionImpl - begin
14-04-2025 11:23:40,191-06:00 [http-nio-8080-exec-7] DEBUG o.s.orm.jpa.JpaTransactionManager - Exposing JPA transaction as JDBC [org.springframework.orm.jpa.vendor.HibernateJpaDialect$HibernateConnectionHandle@13fe14cf]
14-04-2025 11:23:40,192-06:00 [http-nio-8080-exec-7] DEBUG org.hibernate.orm.sql.ast.create - Created new SQL alias : u1_0
14-04-2025 11:23:40,192-06:00 [http-nio-8080-exec-7] DEBUG org.hibernate.orm.sql.ast.create - Registration of TableGroup [StandardTableGroup(com.ebac.modulo39.dto.Usuario(30))] with identifierForTableGroup [com.ebac.modulo39.dto.Usuario] for NavigablePath [com.ebac.modulo39.dto.Usuario] 
14-04-2025 11:23:40,193-06:00 [http-nio-8080-exec-7] DEBUG org.hibernate.orm.results.graph.AST - DomainResult Graph:
 \-EntityResultImpl [com.ebac.modulo39.dto.Usuario(30)]
 |  +-BasicFetch [com.ebac.modulo39.dto.Usuario(30).edad]
 |  +-BasicFetch [com.ebac.modulo39.dto.Usuario(30).nombre]
 |  \-DelayedCollectionFetch [com.ebac.modulo39.dto.Usuario(30).telefonos]

14-04-2025 11:23:40,193-06:00 [http-nio-8080-exec-7] DEBUG org.hibernate.orm.sql.ast.tree - SQL AST Tree:
    SelectStatement {
      FromClause {
        StandardTableGroup (u1 : com.ebac.modulo39.dto.Usuario(30)) {
          primaryTableReference : usuario as u1_0
        }
      }
    }

14-04-2025 11:23:40,193-06:00 [http-nio-8080-exec-7] DEBUG org.hibernate.orm.sql.exec - Skipping reading Query result cache data: cache-enabled = false, cache-mode = NORMAL
14-04-2025 11:23:40,193-06:00 [http-nio-8080-exec-7] DEBUG org.hibernate.SQL - select u1_0.id_usuario,u1_0.edad,u1_0.nombre from usuario u1_0
14-04-2025 11:23:40,194-06:00 [http-nio-8080-exec-7] DEBUG org.hibernate.orm.results - Initializer list:
	  com.ebac.modulo39.dto.Usuario(30).telefonos -> DelayedCollectionInitializer(com.ebac.modulo39.dto.Usuario(30).telefonos)@1207365233 (PluralAttribute(com.ebac.modulo39.dto.Usuario.telefonos))
	  com.ebac.modulo39.dto.Usuario(30) -> EntityJoinedFetchInitializer(com.ebac.modulo39.dto.Usuario(30))@2003778271 (SingleTableEntityPersister(com.ebac.modulo39.dto.Usuario))

14-04-2025 11:23:40,195-06:00 [http-nio-8080-exec-7] DEBUG o.s.orm.jpa.JpaTransactionManager - Initiating transaction commit
14-04-2025 11:23:40,196-06:00 [http-nio-8080-exec-7] DEBUG o.s.orm.jpa.JpaTransactionManager - Committing JPA transaction on EntityManager [SessionImpl(261797915<open>)]
14-04-2025 11:23:40,196-06:00 [http-nio-8080-exec-7] DEBUG o.h.e.t.internal.TransactionImpl - committing
14-04-2025 11:23:40,196-06:00 [http-nio-8080-exec-7] DEBUG o.s.jdbc.datasource.DataSourceUtils - Resetting read-only flag of JDBC Connection [HikariProxyConnection@1520492767 wrapping com.mysql.cj.jdbc.ConnectionImpl@5d194314]
14-04-2025 11:23:40,196-06:00 [http-nio-8080-exec-7] DEBUG o.s.orm.jpa.JpaTransactionManager - Not closing pre-bound JPA EntityManager after transaction
14-04-2025 11:23:40,197-06:00 [http-nio-8080-exec-7] DEBUG o.s.w.s.m.m.a.RequestResponseBodyMethodProcessor - Using 'application/json', given [*/*] and supported [application/json, application/*+json]
14-04-2025 11:23:40,197-06:00 [http-nio-8080-exec-7] DEBUG o.s.w.s.m.m.a.RequestResponseBodyMethodProcessor - Writing [com.ebac.modulo39.controller.ResponseWrapper@7bc2b923]
14-04-2025 11:23:40,197-06:00 [http-nio-8080-exec-7] DEBUG org.hibernate.orm.sql.exec - Skipping reading Query result cache data: cache-enabled = false, cache-mode = IGNORE
14-04-2025 11:23:40,197-06:00 [http-nio-8080-exec-7] DEBUG org.hibernate.SQL - select t1_0.id_usuario,t1_0.id_telefono,t1_0.lada,t1_0.numero,t1_0.tipo_telefono from telefono t1_0 where t1_0.id_usuario=?
14-04-2025 11:23:40,198-06:00 [http-nio-8080-exec-7] DEBUG o.h.s.results.internal.ResultsHelper - Collection fully initialized: [com.ebac.modulo39.dto.Usuario.telefonos#3]
14-04-2025 11:23:40,199-06:00 [http-nio-8080-exec-7] DEBUG org.hibernate.orm.sql.exec - Skipping reading Query result cache data: cache-enabled = false, cache-mode = IGNORE
14-04-2025 11:23:40,199-06:00 [http-nio-8080-exec-7] DEBUG org.hibernate.SQL - select t1_0.id_usuario,t1_0.id_telefono,t1_0.lada,t1_0.numero,t1_0.tipo_telefono from telefono t1_0 where t1_0.id_usuario=?
14-04-2025 11:23:40,200-06:00 [http-nio-8080-exec-7] DEBUG o.h.s.results.internal.ResultsHelper - Collection fully initialized: [com.ebac.modulo39.dto.Usuario.telefonos#4]
14-04-2025 11:23:40,200-06:00 [http-nio-8080-exec-7] DEBUG o.s.o.j.s.OpenEntityManagerInViewInterceptor - Closing JPA EntityManager in OpenEntityManagerInViewInterceptor
14-04-2025 11:23:40,200-06:00 [http-nio-8080-exec-7] DEBUG o.s.web.servlet.DispatcherServlet - Completed 200 OK
14-04-2025 11:23:47,681-06:00 [HikariPool-1 housekeeper] DEBUG com.zaxxer.hikari.pool.HikariPool - HikariPool-1 - Pool stats (total=10, active=0, idle=10, waiting=0)
14-04-2025 11:23:47,682-06:00 [HikariPool-1 housekeeper] DEBUG com.zaxxer.hikari.pool.HikariPool - HikariPool-1 - Fill pool skipped, pool has sufficient level or currently being filled.
14-04-2025 11:24:17,690-06:00 [HikariPool-1 housekeeper] DEBUG com.zaxxer.hikari.pool.HikariPool - HikariPool-1 - Pool stats (total=10, active=0, idle=10, waiting=0)
14-04-2025 11:24:17,690-06:00 [HikariPool-1 housekeeper] DEBUG com.zaxxer.hikari.pool.HikariPool - HikariPool-1 - Fill pool skipped, pool has sufficient level or currently being filled.
14-04-2025 11:24:47,696-06:00 [HikariPool-1 housekeeper] DEBUG com.zaxxer.hikari.pool.HikariPool - HikariPool-1 - Pool stats (total=10, active=0, idle=10, waiting=0)
14-04-2025 11:24:47,696-06:00 [HikariPool-1 housekeeper] DEBUG com.zaxxer.hikari.pool.HikariPool - HikariPool-1 - Fill pool skipped, pool has sufficient level or currently being filled.
14-04-2025 11:24:49,823-06:00 [http-nio-8080-exec-2] DEBUG o.s.web.servlet.DispatcherServlet - GET "/usuarios", parameters={}
14-04-2025 11:24:49,823-06:00 [http-nio-8080-exec-2] DEBUG o.s.w.s.m.m.a.RequestMappingHandlerMapping - Mapped to com.ebac.modulo39.controller.UsuarioController#obtenerUsuarios()
14-04-2025 11:24:49,824-06:00 [http-nio-8080-exec-2] DEBUG o.s.o.j.s.OpenEntityManagerInViewInterceptor - Opening JPA EntityManager in OpenEntityManagerInViewInterceptor
14-04-2025 11:24:49,824-06:00 [http-nio-8080-exec-2] INFO  c.e.m.controller.UsuarioController - Obteniendo usuarios
14-04-2025 11:24:49,824-06:00 [http-nio-8080-exec-2] INFO  c.e.m.controller.UsuarioController - Obteniendo usuarios
14-04-2025 11:24:49,824-06:00 [http-nio-8080-exec-2] DEBUG o.s.orm.jpa.JpaTransactionManager - Found thread-bound EntityManager [SessionImpl(1506434334<open>)] for JPA transaction
14-04-2025 11:24:49,825-06:00 [http-nio-8080-exec-2] DEBUG o.s.orm.jpa.JpaTransactionManager - Creating new transaction with name [org.springframework.data.jpa.repository.support.SimpleJpaRepository.findAll]: PROPAGATION_REQUIRED,ISOLATION_DEFAULT,readOnly
14-04-2025 11:24:49,826-06:00 [http-nio-8080-exec-2] DEBUG o.s.jdbc.datasource.DataSourceUtils - Setting JDBC Connection [HikariProxyConnection@260413031 wrapping com.mysql.cj.jdbc.ConnectionImpl@5d194314] read-only
14-04-2025 11:24:49,826-06:00 [http-nio-8080-exec-2] DEBUG o.h.e.t.internal.TransactionImpl - On TransactionImpl creation, JpaCompliance#isJpaTransactionComplianceEnabled == false
14-04-2025 11:24:49,826-06:00 [http-nio-8080-exec-2] DEBUG o.h.e.t.internal.TransactionImpl - begin
14-04-2025 11:24:49,827-06:00 [http-nio-8080-exec-2] DEBUG o.s.orm.jpa.JpaTransactionManager - Exposing JPA transaction as JDBC [org.springframework.orm.jpa.vendor.HibernateJpaDialect$HibernateConnectionHandle@2bfc1757]
14-04-2025 11:24:49,829-06:00 [http-nio-8080-exec-2] DEBUG org.hibernate.orm.sql.ast.create - Created new SQL alias : u1_0
14-04-2025 11:24:49,829-06:00 [http-nio-8080-exec-2] DEBUG org.hibernate.orm.sql.ast.create - Registration of TableGroup [StandardTableGroup(com.ebac.modulo39.dto.Usuario(31))] with identifierForTableGroup [com.ebac.modulo39.dto.Usuario] for NavigablePath [com.ebac.modulo39.dto.Usuario] 
14-04-2025 11:24:49,830-06:00 [http-nio-8080-exec-2] DEBUG org.hibernate.orm.results.graph.AST - DomainResult Graph:
 \-EntityResultImpl [com.ebac.modulo39.dto.Usuario(31)]
 |  +-BasicFetch [com.ebac.modulo39.dto.Usuario(31).edad]
 |  +-BasicFetch [com.ebac.modulo39.dto.Usuario(31).nombre]
 |  \-DelayedCollectionFetch [com.ebac.modulo39.dto.Usuario(31).telefonos]

14-04-2025 11:24:49,831-06:00 [http-nio-8080-exec-2] DEBUG org.hibernate.orm.sql.ast.tree - SQL AST Tree:
    SelectStatement {
      FromClause {
        StandardTableGroup (u1 : com.ebac.modulo39.dto.Usuario(31)) {
          primaryTableReference : usuario as u1_0
        }
      }
    }

14-04-2025 11:24:49,831-06:00 [http-nio-8080-exec-2] DEBUG org.hibernate.orm.sql.exec - Skipping reading Query result cache data: cache-enabled = false, cache-mode = NORMAL
14-04-2025 11:24:49,831-06:00 [http-nio-8080-exec-2] DEBUG org.hibernate.SQL - select u1_0.id_usuario,u1_0.edad,u1_0.nombre from usuario u1_0
14-04-2025 11:24:49,834-06:00 [http-nio-8080-exec-2] DEBUG org.hibernate.orm.results - Initializer list:
	  com.ebac.modulo39.dto.Usuario(31).telefonos -> DelayedCollectionInitializer(com.ebac.modulo39.dto.Usuario(31).telefonos)@1333591648 (PluralAttribute(com.ebac.modulo39.dto.Usuario.telefonos))
	  com.ebac.modulo39.dto.Usuario(31) -> EntityJoinedFetchInitializer(com.ebac.modulo39.dto.Usuario(31))@672709661 (SingleTableEntityPersister(com.ebac.modulo39.dto.Usuario))

14-04-2025 11:24:49,835-06:00 [http-nio-8080-exec-2] DEBUG o.s.orm.jpa.JpaTransactionManager - Initiating transaction commit
14-04-2025 11:24:49,835-06:00 [http-nio-8080-exec-2] DEBUG o.s.orm.jpa.JpaTransactionManager - Committing JPA transaction on EntityManager [SessionImpl(1506434334<open>)]
14-04-2025 11:24:49,835-06:00 [http-nio-8080-exec-2] DEBUG o.h.e.t.internal.TransactionImpl - committing
14-04-2025 11:24:49,836-06:00 [http-nio-8080-exec-2] DEBUG o.s.jdbc.datasource.DataSourceUtils - Resetting read-only flag of JDBC Connection [HikariProxyConnection@260413031 wrapping com.mysql.cj.jdbc.ConnectionImpl@5d194314]
14-04-2025 11:24:49,836-06:00 [http-nio-8080-exec-2] DEBUG o.s.orm.jpa.JpaTransactionManager - Not closing pre-bound JPA EntityManager after transaction
14-04-2025 11:24:49,836-06:00 [http-nio-8080-exec-2] DEBUG o.s.w.s.m.m.a.RequestResponseBodyMethodProcessor - Using 'application/json', given [*/*] and supported [application/json, application/*+json]
14-04-2025 11:24:49,836-06:00 [http-nio-8080-exec-2] DEBUG o.s.w.s.m.m.a.RequestResponseBodyMethodProcessor - Writing [com.ebac.modulo39.controller.ResponseWrapper@78be3940]
14-04-2025 11:24:49,837-06:00 [http-nio-8080-exec-2] DEBUG org.hibernate.orm.sql.exec - Skipping reading Query result cache data: cache-enabled = false, cache-mode = IGNORE
14-04-2025 11:24:49,837-06:00 [http-nio-8080-exec-2] DEBUG org.hibernate.SQL - select t1_0.id_usuario,t1_0.id_telefono,t1_0.lada,t1_0.numero,t1_0.tipo_telefono from telefono t1_0 where t1_0.id_usuario=?
14-04-2025 11:24:49,838-06:00 [http-nio-8080-exec-2] DEBUG o.h.s.results.internal.ResultsHelper - Collection fully initialized: [com.ebac.modulo39.dto.Usuario.telefonos#3]
14-04-2025 11:24:49,839-06:00 [http-nio-8080-exec-2] DEBUG org.hibernate.orm.sql.exec - Skipping reading Query result cache data: cache-enabled = false, cache-mode = IGNORE
14-04-2025 11:24:49,839-06:00 [http-nio-8080-exec-2] DEBUG org.hibernate.SQL - select t1_0.id_usuario,t1_0.id_telefono,t1_0.lada,t1_0.numero,t1_0.tipo_telefono from telefono t1_0 where t1_0.id_usuario=?
14-04-2025 11:24:49,840-06:00 [http-nio-8080-exec-2] DEBUG o.h.s.results.internal.ResultsHelper - Collection fully initialized: [com.ebac.modulo39.dto.Usuario.telefonos#4]
14-04-2025 11:24:49,840-06:00 [http-nio-8080-exec-2] DEBUG o.s.o.j.s.OpenEntityManagerInViewInterceptor - Closing JPA EntityManager in OpenEntityManagerInViewInterceptor
14-04-2025 11:24:49,841-06:00 [http-nio-8080-exec-2] DEBUG o.s.web.servlet.DispatcherServlet - Completed 200 OK
14-04-2025 11:24:49,842-06:00 [http-nio-8080-exec-9] DEBUG o.s.web.servlet.DispatcherServlet - GET "/usuarios", parameters={}
14-04-2025 11:24:49,843-06:00 [http-nio-8080-exec-9] DEBUG o.s.w.s.m.m.a.RequestMappingHandlerMapping - Mapped to com.ebac.modulo39.controller.UsuarioController#obtenerUsuarios()
14-04-2025 11:24:49,844-06:00 [http-nio-8080-exec-9] DEBUG o.s.o.j.s.OpenEntityManagerInViewInterceptor - Opening JPA EntityManager in OpenEntityManagerInViewInterceptor
14-04-2025 11:24:49,844-06:00 [http-nio-8080-exec-9] INFO  c.e.m.controller.UsuarioController - Obteniendo usuarios
14-04-2025 11:24:49,844-06:00 [http-nio-8080-exec-9] INFO  c.e.m.controller.UsuarioController - Obteniendo usuarios
14-04-2025 11:24:49,845-06:00 [http-nio-8080-exec-9] DEBUG o.s.orm.jpa.JpaTransactionManager - Found thread-bound EntityManager [SessionImpl(1034949340<open>)] for JPA transaction
14-04-2025 11:24:49,845-06:00 [http-nio-8080-exec-9] DEBUG o.s.orm.jpa.JpaTransactionManager - Creating new transaction with name [org.springframework.data.jpa.repository.support.SimpleJpaRepository.findAll]: PROPAGATION_REQUIRED,ISOLATION_DEFAULT,readOnly
14-04-2025 11:24:49,845-06:00 [http-nio-8080-exec-9] DEBUG o.s.jdbc.datasource.DataSourceUtils - Setting JDBC Connection [HikariProxyConnection@1273563010 wrapping com.mysql.cj.jdbc.ConnectionImpl@5d194314] read-only
14-04-2025 11:24:49,846-06:00 [http-nio-8080-exec-9] DEBUG o.h.e.t.internal.TransactionImpl - On TransactionImpl creation, JpaCompliance#isJpaTransactionComplianceEnabled == false
14-04-2025 11:24:49,846-06:00 [http-nio-8080-exec-9] DEBUG o.h.e.t.internal.TransactionImpl - begin
14-04-2025 11:24:49,846-06:00 [http-nio-8080-exec-9] DEBUG o.s.orm.jpa.JpaTransactionManager - Exposing JPA transaction as JDBC [org.springframework.orm.jpa.vendor.HibernateJpaDialect$HibernateConnectionHandle@1e4b5d14]
14-04-2025 11:24:49,847-06:00 [http-nio-8080-exec-9] DEBUG org.hibernate.orm.sql.ast.create - Created new SQL alias : u1_0
14-04-2025 11:24:49,847-06:00 [http-nio-8080-exec-9] DEBUG org.hibernate.orm.sql.ast.create - Registration of TableGroup [StandardTableGroup(com.ebac.modulo39.dto.Usuario(32))] with identifierForTableGroup [com.ebac.modulo39.dto.Usuario] for NavigablePath [com.ebac.modulo39.dto.Usuario] 
14-04-2025 11:24:49,848-06:00 [http-nio-8080-exec-9] DEBUG org.hibernate.orm.results.graph.AST - DomainResult Graph:
 \-EntityResultImpl [com.ebac.modulo39.dto.Usuario(32)]
 |  +-BasicFetch [com.ebac.modulo39.dto.Usuario(32).edad]
 |  +-BasicFetch [com.ebac.modulo39.dto.Usuario(32).nombre]
 |  \-DelayedCollectionFetch [com.ebac.modulo39.dto.Usuario(32).telefonos]

14-04-2025 11:24:49,848-06:00 [http-nio-8080-exec-9] DEBUG org.hibernate.orm.sql.ast.tree - SQL AST Tree:
    SelectStatement {
      FromClause {
        StandardTableGroup (u1 : com.ebac.modulo39.dto.Usuario(32)) {
          primaryTableReference : usuario as u1_0
        }
      }
    }

14-04-2025 11:24:49,848-06:00 [http-nio-8080-exec-9] DEBUG org.hibernate.orm.sql.exec - Skipping reading Query result cache data: cache-enabled = false, cache-mode = NORMAL
14-04-2025 11:24:49,849-06:00 [http-nio-8080-exec-9] DEBUG org.hibernate.SQL - select u1_0.id_usuario,u1_0.edad,u1_0.nombre from usuario u1_0
14-04-2025 11:24:49,850-06:00 [http-nio-8080-exec-9] DEBUG org.hibernate.orm.results - Initializer list:
	  com.ebac.modulo39.dto.Usuario(32).telefonos -> DelayedCollectionInitializer(com.ebac.modulo39.dto.Usuario(32).telefonos)@2016232385 (PluralAttribute(com.ebac.modulo39.dto.Usuario.telefonos))
	  com.ebac.modulo39.dto.Usuario(32) -> EntityJoinedFetchInitializer(com.ebac.modulo39.dto.Usuario(32))@924180168 (SingleTableEntityPersister(com.ebac.modulo39.dto.Usuario))

14-04-2025 11:24:49,852-06:00 [http-nio-8080-exec-9] DEBUG o.s.orm.jpa.JpaTransactionManager - Initiating transaction commit
14-04-2025 11:24:49,853-06:00 [http-nio-8080-exec-9] DEBUG o.s.orm.jpa.JpaTransactionManager - Committing JPA transaction on EntityManager [SessionImpl(1034949340<open>)]
14-04-2025 11:24:49,853-06:00 [http-nio-8080-exec-9] DEBUG o.h.e.t.internal.TransactionImpl - committing
14-04-2025 11:24:49,854-06:00 [http-nio-8080-exec-9] DEBUG o.s.jdbc.datasource.DataSourceUtils - Resetting read-only flag of JDBC Connection [HikariProxyConnection@1273563010 wrapping com.mysql.cj.jdbc.ConnectionImpl@5d194314]
14-04-2025 11:24:49,854-06:00 [http-nio-8080-exec-9] DEBUG o.s.orm.jpa.JpaTransactionManager - Not closing pre-bound JPA EntityManager after transaction
14-04-2025 11:24:49,855-06:00 [http-nio-8080-exec-9] DEBUG o.s.w.s.m.m.a.RequestResponseBodyMethodProcessor - Using 'application/json', given [*/*] and supported [application/json, application/*+json]
14-04-2025 11:24:49,855-06:00 [http-nio-8080-exec-9] DEBUG o.s.w.s.m.m.a.RequestResponseBodyMethodProcessor - Writing [com.ebac.modulo39.controller.ResponseWrapper@3184f401]
14-04-2025 11:24:49,856-06:00 [http-nio-8080-exec-9] DEBUG org.hibernate.orm.sql.exec - Skipping reading Query result cache data: cache-enabled = false, cache-mode = IGNORE
14-04-2025 11:24:49,856-06:00 [http-nio-8080-exec-9] DEBUG org.hibernate.SQL - select t1_0.id_usuario,t1_0.id_telefono,t1_0.lada,t1_0.numero,t1_0.tipo_telefono from telefono t1_0 where t1_0.id_usuario=?
14-04-2025 11:24:49,857-06:00 [http-nio-8080-exec-9] DEBUG o.h.s.results.internal.ResultsHelper - Collection fully initialized: [com.ebac.modulo39.dto.Usuario.telefonos#3]
14-04-2025 11:24:49,858-06:00 [http-nio-8080-exec-9] DEBUG org.hibernate.orm.sql.exec - Skipping reading Query result cache data: cache-enabled = false, cache-mode = IGNORE
14-04-2025 11:24:49,858-06:00 [http-nio-8080-exec-9] DEBUG org.hibernate.SQL - select t1_0.id_usuario,t1_0.id_telefono,t1_0.lada,t1_0.numero,t1_0.tipo_telefono from telefono t1_0 where t1_0.id_usuario=?
14-04-2025 11:24:49,859-06:00 [http-nio-8080-exec-9] DEBUG o.h.s.results.internal.ResultsHelper - Collection fully initialized: [com.ebac.modulo39.dto.Usuario.telefonos#4]
14-04-2025 11:24:49,860-06:00 [http-nio-8080-exec-9] DEBUG o.s.o.j.s.OpenEntityManagerInViewInterceptor - Closing JPA EntityManager in OpenEntityManagerInViewInterceptor
14-04-2025 11:24:49,860-06:00 [http-nio-8080-exec-9] DEBUG o.s.web.servlet.DispatcherServlet - Completed 200 OK
14-04-2025 11:25:17,708-06:00 [HikariPool-1 housekeeper] DEBUG com.zaxxer.hikari.pool.HikariPool - HikariPool-1 - Pool stats (total=10, active=0, idle=10, waiting=0)
14-04-2025 11:25:17,708-06:00 [HikariPool-1 housekeeper] DEBUG com.zaxxer.hikari.pool.HikariPool - HikariPool-1 - Fill pool skipped, pool has sufficient level or currently being filled.
14-04-2025 11:25:35,769-06:00 [http-nio-8080-exec-1] DEBUG o.s.web.servlet.DispatcherServlet - GET "/usuarios", parameters={}
14-04-2025 11:25:35,770-06:00 [http-nio-8080-exec-1] DEBUG o.s.w.s.m.m.a.RequestMappingHandlerMapping - Mapped to com.ebac.modulo39.controller.UsuarioController#obtenerUsuarios()
14-04-2025 11:25:35,770-06:00 [http-nio-8080-exec-1] DEBUG o.s.o.j.s.OpenEntityManagerInViewInterceptor - Opening JPA EntityManager in OpenEntityManagerInViewInterceptor
14-04-2025 11:25:35,771-06:00 [http-nio-8080-exec-1] INFO  c.e.m.controller.UsuarioController - Obteniendo usuarios
14-04-2025 11:25:35,771-06:00 [http-nio-8080-exec-1] INFO  c.e.m.controller.UsuarioController - Obteniendo usuarios
14-04-2025 11:25:35,771-06:00 [http-nio-8080-exec-1] DEBUG o.s.orm.jpa.JpaTransactionManager - Found thread-bound EntityManager [SessionImpl(1525247500<open>)] for JPA transaction
14-04-2025 11:25:35,771-06:00 [http-nio-8080-exec-1] DEBUG o.s.orm.jpa.JpaTransactionManager - Creating new transaction with name [org.springframework.data.jpa.repository.support.SimpleJpaRepository.findAll]: PROPAGATION_REQUIRED,ISOLATION_DEFAULT,readOnly
14-04-2025 11:25:35,772-06:00 [http-nio-8080-exec-1] DEBUG o.s.jdbc.datasource.DataSourceUtils - Setting JDBC Connection [HikariProxyConnection@393072273 wrapping com.mysql.cj.jdbc.ConnectionImpl@5d194314] read-only
14-04-2025 11:25:35,773-06:00 [http-nio-8080-exec-1] DEBUG o.h.e.t.internal.TransactionImpl - On TransactionImpl creation, JpaCompliance#isJpaTransactionComplianceEnabled == false
14-04-2025 11:25:35,773-06:00 [http-nio-8080-exec-1] DEBUG o.h.e.t.internal.TransactionImpl - begin
14-04-2025 11:25:35,773-06:00 [http-nio-8080-exec-1] DEBUG o.s.orm.jpa.JpaTransactionManager - Exposing JPA transaction as JDBC [org.springframework.orm.jpa.vendor.HibernateJpaDialect$HibernateConnectionHandle@4356d3a0]
14-04-2025 11:25:35,776-06:00 [http-nio-8080-exec-1] DEBUG org.hibernate.orm.sql.ast.create - Created new SQL alias : u1_0
14-04-2025 11:25:35,776-06:00 [http-nio-8080-exec-1] DEBUG org.hibernate.orm.sql.ast.create - Registration of TableGroup [StandardTableGroup(com.ebac.modulo39.dto.Usuario(33))] with identifierForTableGroup [com.ebac.modulo39.dto.Usuario] for NavigablePath [com.ebac.modulo39.dto.Usuario] 
14-04-2025 11:25:35,777-06:00 [http-nio-8080-exec-1] DEBUG org.hibernate.orm.results.graph.AST - DomainResult Graph:
 \-EntityResultImpl [com.ebac.modulo39.dto.Usuario(33)]
 |  +-BasicFetch [com.ebac.modulo39.dto.Usuario(33).edad]
 |  +-BasicFetch [com.ebac.modulo39.dto.Usuario(33).nombre]
 |  \-DelayedCollectionFetch [com.ebac.modulo39.dto.Usuario(33).telefonos]

14-04-2025 11:25:35,777-06:00 [http-nio-8080-exec-1] DEBUG org.hibernate.orm.sql.ast.tree - SQL AST Tree:
    SelectStatement {
      FromClause {
        StandardTableGroup (u1 : com.ebac.modulo39.dto.Usuario(33)) {
          primaryTableReference : usuario as u1_0
        }
      }
    }

14-04-2025 11:25:35,779-06:00 [http-nio-8080-exec-1] DEBUG org.hibernate.orm.sql.exec - Skipping reading Query result cache data: cache-enabled = false, cache-mode = NORMAL
14-04-2025 11:25:35,779-06:00 [http-nio-8080-exec-1] DEBUG org.hibernate.SQL - select u1_0.id_usuario,u1_0.edad,u1_0.nombre from usuario u1_0
14-04-2025 11:25:35,781-06:00 [http-nio-8080-exec-1] DEBUG org.hibernate.orm.results - Initializer list:
	  com.ebac.modulo39.dto.Usuario(33).telefonos -> DelayedCollectionInitializer(com.ebac.modulo39.dto.Usuario(33).telefonos)@282081822 (PluralAttribute(com.ebac.modulo39.dto.Usuario.telefonos))
	  com.ebac.modulo39.dto.Usuario(33) -> EntityJoinedFetchInitializer(com.ebac.modulo39.dto.Usuario(33))@1998412438 (SingleTableEntityPersister(com.ebac.modulo39.dto.Usuario))

14-04-2025 11:25:35,782-06:00 [http-nio-8080-exec-1] DEBUG o.s.orm.jpa.JpaTransactionManager - Initiating transaction commit
14-04-2025 11:25:35,782-06:00 [http-nio-8080-exec-1] DEBUG o.s.orm.jpa.JpaTransactionManager - Committing JPA transaction on EntityManager [SessionImpl(1525247500<open>)]
14-04-2025 11:25:35,782-06:00 [http-nio-8080-exec-1] DEBUG o.h.e.t.internal.TransactionImpl - committing
14-04-2025 11:25:35,783-06:00 [http-nio-8080-exec-1] DEBUG o.s.jdbc.datasource.DataSourceUtils - Resetting read-only flag of JDBC Connection [HikariProxyConnection@393072273 wrapping com.mysql.cj.jdbc.ConnectionImpl@5d194314]
14-04-2025 11:25:35,783-06:00 [http-nio-8080-exec-1] DEBUG o.s.orm.jpa.JpaTransactionManager - Not closing pre-bound JPA EntityManager after transaction
14-04-2025 11:25:35,784-06:00 [http-nio-8080-exec-1] DEBUG o.s.w.s.m.m.a.RequestResponseBodyMethodProcessor - Using 'application/json', given [*/*] and supported [application/json, application/*+json]
14-04-2025 11:25:35,784-06:00 [http-nio-8080-exec-1] DEBUG o.s.w.s.m.m.a.RequestResponseBodyMethodProcessor - Writing [com.ebac.modulo39.controller.ResponseWrapper@6c08a177]
14-04-2025 11:25:35,785-06:00 [http-nio-8080-exec-1] DEBUG org.hibernate.orm.sql.exec - Skipping reading Query result cache data: cache-enabled = false, cache-mode = IGNORE
14-04-2025 11:25:35,785-06:00 [http-nio-8080-exec-1] DEBUG org.hibernate.SQL - select t1_0.id_usuario,t1_0.id_telefono,t1_0.lada,t1_0.numero,t1_0.tipo_telefono from telefono t1_0 where t1_0.id_usuario=?
14-04-2025 11:25:35,786-06:00 [http-nio-8080-exec-1] DEBUG o.h.s.results.internal.ResultsHelper - Collection fully initialized: [com.ebac.modulo39.dto.Usuario.telefonos#3]
14-04-2025 11:25:35,786-06:00 [http-nio-8080-exec-1] DEBUG org.hibernate.orm.sql.exec - Skipping reading Query result cache data: cache-enabled = false, cache-mode = IGNORE
14-04-2025 11:25:35,786-06:00 [http-nio-8080-exec-1] DEBUG org.hibernate.SQL - select t1_0.id_usuario,t1_0.id_telefono,t1_0.lada,t1_0.numero,t1_0.tipo_telefono from telefono t1_0 where t1_0.id_usuario=?
14-04-2025 11:25:35,787-06:00 [http-nio-8080-exec-1] DEBUG o.h.s.results.internal.ResultsHelper - Collection fully initialized: [com.ebac.modulo39.dto.Usuario.telefonos#4]
14-04-2025 11:25:35,788-06:00 [http-nio-8080-exec-1] DEBUG o.s.o.j.s.OpenEntityManagerInViewInterceptor - Closing JPA EntityManager in OpenEntityManagerInViewInterceptor
14-04-2025 11:25:35,788-06:00 [http-nio-8080-exec-1] DEBUG o.s.web.servlet.DispatcherServlet - Completed 200 OK
14-04-2025 11:25:35,789-06:00 [http-nio-8080-exec-3] DEBUG o.s.web.servlet.DispatcherServlet - GET "/usuarios", parameters={}
14-04-2025 11:25:35,790-06:00 [http-nio-8080-exec-3] DEBUG o.s.w.s.m.m.a.RequestMappingHandlerMapping - Mapped to com.ebac.modulo39.controller.UsuarioController#obtenerUsuarios()
14-04-2025 11:25:35,790-06:00 [http-nio-8080-exec-3] DEBUG o.s.o.j.s.OpenEntityManagerInViewInterceptor - Opening JPA EntityManager in OpenEntityManagerInViewInterceptor
14-04-2025 11:25:35,791-06:00 [http-nio-8080-exec-3] INFO  c.e.m.controller.UsuarioController - Obteniendo usuarios
14-04-2025 11:25:35,791-06:00 [http-nio-8080-exec-3] INFO  c.e.m.controller.UsuarioController - Obteniendo usuarios
14-04-2025 11:25:35,791-06:00 [http-nio-8080-exec-3] DEBUG o.s.orm.jpa.JpaTransactionManager - Found thread-bound EntityManager [SessionImpl(2060547537<open>)] for JPA transaction
14-04-2025 11:25:35,791-06:00 [http-nio-8080-exec-3] DEBUG o.s.orm.jpa.JpaTransactionManager - Creating new transaction with name [org.springframework.data.jpa.repository.support.SimpleJpaRepository.findAll]: PROPAGATION_REQUIRED,ISOLATION_DEFAULT,readOnly
14-04-2025 11:25:35,791-06:00 [http-nio-8080-exec-3] DEBUG o.s.jdbc.datasource.DataSourceUtils - Setting JDBC Connection [HikariProxyConnection@641072837 wrapping com.mysql.cj.jdbc.ConnectionImpl@5d194314] read-only
14-04-2025 11:25:35,792-06:00 [http-nio-8080-exec-3] DEBUG o.h.e.t.internal.TransactionImpl - On TransactionImpl creation, JpaCompliance#isJpaTransactionComplianceEnabled == false
14-04-2025 11:25:35,792-06:00 [http-nio-8080-exec-3] DEBUG o.h.e.t.internal.TransactionImpl - begin
14-04-2025 11:25:35,793-06:00 [http-nio-8080-exec-3] DEBUG o.s.orm.jpa.JpaTransactionManager - Exposing JPA transaction as JDBC [org.springframework.orm.jpa.vendor.HibernateJpaDialect$HibernateConnectionHandle@772d1c7]
14-04-2025 11:25:35,793-06:00 [http-nio-8080-exec-3] DEBUG org.hibernate.orm.sql.ast.create - Created new SQL alias : u1_0
14-04-2025 11:25:35,793-06:00 [http-nio-8080-exec-3] DEBUG org.hibernate.orm.sql.ast.create - Registration of TableGroup [StandardTableGroup(com.ebac.modulo39.dto.Usuario(34))] with identifierForTableGroup [com.ebac.modulo39.dto.Usuario] for NavigablePath [com.ebac.modulo39.dto.Usuario] 
14-04-2025 11:25:35,794-06:00 [http-nio-8080-exec-3] DEBUG org.hibernate.orm.results.graph.AST - DomainResult Graph:
 \-EntityResultImpl [com.ebac.modulo39.dto.Usuario(34)]
 |  +-BasicFetch [com.ebac.modulo39.dto.Usuario(34).edad]
 |  +-BasicFetch [com.ebac.modulo39.dto.Usuario(34).nombre]
 |  \-DelayedCollectionFetch [com.ebac.modulo39.dto.Usuario(34).telefonos]

14-04-2025 11:25:35,794-06:00 [http-nio-8080-exec-3] DEBUG org.hibernate.orm.sql.ast.tree - SQL AST Tree:
    SelectStatement {
      FromClause {
        StandardTableGroup (u1 : com.ebac.modulo39.dto.Usuario(34)) {
          primaryTableReference : usuario as u1_0
        }
      }
    }

14-04-2025 11:25:35,794-06:00 [http-nio-8080-exec-3] DEBUG org.hibernate.orm.sql.exec - Skipping reading Query result cache data: cache-enabled = false, cache-mode = NORMAL
14-04-2025 11:25:35,794-06:00 [http-nio-8080-exec-3] DEBUG org.hibernate.SQL - select u1_0.id_usuario,u1_0.edad,u1_0.nombre from usuario u1_0
14-04-2025 11:25:35,795-06:00 [http-nio-8080-exec-3] DEBUG org.hibernate.orm.results - Initializer list:
	  com.ebac.modulo39.dto.Usuario(34).telefonos -> DelayedCollectionInitializer(com.ebac.modulo39.dto.Usuario(34).telefonos)@1369626934 (PluralAttribute(com.ebac.modulo39.dto.Usuario.telefonos))
	  com.ebac.modulo39.dto.Usuario(34) -> EntityJoinedFetchInitializer(com.ebac.modulo39.dto.Usuario(34))@2061130246 (SingleTableEntityPersister(com.ebac.modulo39.dto.Usuario))

14-04-2025 11:25:35,796-06:00 [http-nio-8080-exec-3] DEBUG o.s.orm.jpa.JpaTransactionManager - Initiating transaction commit
14-04-2025 11:25:35,796-06:00 [http-nio-8080-exec-3] DEBUG o.s.orm.jpa.JpaTransactionManager - Committing JPA transaction on EntityManager [SessionImpl(2060547537<open>)]
14-04-2025 11:25:35,796-06:00 [http-nio-8080-exec-3] DEBUG o.h.e.t.internal.TransactionImpl - committing
14-04-2025 11:25:35,797-06:00 [http-nio-8080-exec-3] DEBUG o.s.jdbc.datasource.DataSourceUtils - Resetting read-only flag of JDBC Connection [HikariProxyConnection@641072837 wrapping com.mysql.cj.jdbc.ConnectionImpl@5d194314]
14-04-2025 11:25:35,797-06:00 [http-nio-8080-exec-3] DEBUG o.s.orm.jpa.JpaTransactionManager - Not closing pre-bound JPA EntityManager after transaction
14-04-2025 11:25:35,798-06:00 [http-nio-8080-exec-3] DEBUG o.s.w.s.m.m.a.RequestResponseBodyMethodProcessor - Using 'application/json', given [*/*] and supported [application/json, application/*+json]
14-04-2025 11:25:35,798-06:00 [http-nio-8080-exec-3] DEBUG o.s.w.s.m.m.a.RequestResponseBodyMethodProcessor - Writing [com.ebac.modulo39.controller.ResponseWrapper@19832fa2]
14-04-2025 11:25:35,798-06:00 [http-nio-8080-exec-3] DEBUG org.hibernate.orm.sql.exec - Skipping reading Query result cache data: cache-enabled = false, cache-mode = IGNORE
14-04-2025 11:25:35,798-06:00 [http-nio-8080-exec-3] DEBUG org.hibernate.SQL - select t1_0.id_usuario,t1_0.id_telefono,t1_0.lada,t1_0.numero,t1_0.tipo_telefono from telefono t1_0 where t1_0.id_usuario=?
14-04-2025 11:25:35,801-06:00 [http-nio-8080-exec-3] DEBUG o.h.s.results.internal.ResultsHelper - Collection fully initialized: [com.ebac.modulo39.dto.Usuario.telefonos#3]
14-04-2025 11:25:35,801-06:00 [http-nio-8080-exec-3] DEBUG org.hibernate.orm.sql.exec - Skipping reading Query result cache data: cache-enabled = false, cache-mode = IGNORE
14-04-2025 11:25:35,801-06:00 [http-nio-8080-exec-3] DEBUG org.hibernate.SQL - select t1_0.id_usuario,t1_0.id_telefono,t1_0.lada,t1_0.numero,t1_0.tipo_telefono from telefono t1_0 where t1_0.id_usuario=?
14-04-2025 11:25:35,802-06:00 [http-nio-8080-exec-3] DEBUG o.h.s.results.internal.ResultsHelper - Collection fully initialized: [com.ebac.modulo39.dto.Usuario.telefonos#4]
14-04-2025 11:25:35,803-06:00 [http-nio-8080-exec-3] DEBUG o.s.o.j.s.OpenEntityManagerInViewInterceptor - Closing JPA EntityManager in OpenEntityManagerInViewInterceptor
14-04-2025 11:25:35,803-06:00 [http-nio-8080-exec-3] DEBUG o.s.web.servlet.DispatcherServlet - Completed 200 OK
14-04-2025 11:25:41,044-06:00 [http-nio-8080-exec-4] DEBUG o.s.web.servlet.DispatcherServlet - GET "/usuarios", parameters={}
14-04-2025 11:25:41,045-06:00 [http-nio-8080-exec-4] DEBUG o.s.w.s.m.m.a.RequestMappingHandlerMapping - Mapped to com.ebac.modulo39.controller.UsuarioController#obtenerUsuarios()
14-04-2025 11:25:41,045-06:00 [http-nio-8080-exec-4] DEBUG o.s.o.j.s.OpenEntityManagerInViewInterceptor - Opening JPA EntityManager in OpenEntityManagerInViewInterceptor
14-04-2025 11:25:41,046-06:00 [http-nio-8080-exec-4] INFO  c.e.m.controller.UsuarioController - Obteniendo usuarios
14-04-2025 11:25:41,046-06:00 [http-nio-8080-exec-4] INFO  c.e.m.controller.UsuarioController - Obteniendo usuarios
14-04-2025 11:25:41,046-06:00 [http-nio-8080-exec-4] DEBUG o.s.orm.jpa.JpaTransactionManager - Found thread-bound EntityManager [SessionImpl(915569799<open>)] for JPA transaction
14-04-2025 11:25:41,046-06:00 [http-nio-8080-exec-4] DEBUG o.s.orm.jpa.JpaTransactionManager - Creating new transaction with name [org.springframework.data.jpa.repository.support.SimpleJpaRepository.findAll]: PROPAGATION_REQUIRED,ISOLATION_DEFAULT,readOnly
14-04-2025 11:25:41,047-06:00 [http-nio-8080-exec-4] DEBUG o.s.jdbc.datasource.DataSourceUtils - Setting JDBC Connection [HikariProxyConnection@679960942 wrapping com.mysql.cj.jdbc.ConnectionImpl@5d194314] read-only
14-04-2025 11:25:41,048-06:00 [http-nio-8080-exec-4] DEBUG o.h.e.t.internal.TransactionImpl - On TransactionImpl creation, JpaCompliance#isJpaTransactionComplianceEnabled == false
14-04-2025 11:25:41,048-06:00 [http-nio-8080-exec-4] DEBUG o.h.e.t.internal.TransactionImpl - begin
14-04-2025 11:25:41,048-06:00 [http-nio-8080-exec-4] DEBUG o.s.orm.jpa.JpaTransactionManager - Exposing JPA transaction as JDBC [org.springframework.orm.jpa.vendor.HibernateJpaDialect$HibernateConnectionHandle@26ef4b26]
14-04-2025 11:25:41,049-06:00 [http-nio-8080-exec-4] DEBUG org.hibernate.orm.sql.ast.create - Created new SQL alias : u1_0
14-04-2025 11:25:41,049-06:00 [http-nio-8080-exec-4] DEBUG org.hibernate.orm.sql.ast.create - Registration of TableGroup [StandardTableGroup(com.ebac.modulo39.dto.Usuario(35))] with identifierForTableGroup [com.ebac.modulo39.dto.Usuario] for NavigablePath [com.ebac.modulo39.dto.Usuario] 
14-04-2025 11:25:41,049-06:00 [http-nio-8080-exec-4] DEBUG org.hibernate.orm.results.graph.AST - DomainResult Graph:
 \-EntityResultImpl [com.ebac.modulo39.dto.Usuario(35)]
 |  +-BasicFetch [com.ebac.modulo39.dto.Usuario(35).edad]
 |  +-BasicFetch [com.ebac.modulo39.dto.Usuario(35).nombre]
 |  \-DelayedCollectionFetch [com.ebac.modulo39.dto.Usuario(35).telefonos]

14-04-2025 11:25:41,049-06:00 [http-nio-8080-exec-4] DEBUG org.hibernate.orm.sql.ast.tree - SQL AST Tree:
    SelectStatement {
      FromClause {
        StandardTableGroup (u1 : com.ebac.modulo39.dto.Usuario(35)) {
          primaryTableReference : usuario as u1_0
        }
      }
    }

14-04-2025 11:25:41,050-06:00 [http-nio-8080-exec-4] DEBUG org.hibernate.orm.sql.exec - Skipping reading Query result cache data: cache-enabled = false, cache-mode = NORMAL
14-04-2025 11:25:41,050-06:00 [http-nio-8080-exec-4] DEBUG org.hibernate.SQL - select u1_0.id_usuario,u1_0.edad,u1_0.nombre from usuario u1_0
14-04-2025 11:25:41,051-06:00 [http-nio-8080-exec-4] DEBUG org.hibernate.orm.results - Initializer list:
	  com.ebac.modulo39.dto.Usuario(35) -> EntityJoinedFetchInitializer(com.ebac.modulo39.dto.Usuario(35))@339298189 (SingleTableEntityPersister(com.ebac.modulo39.dto.Usuario))
	  com.ebac.modulo39.dto.Usuario(35).telefonos -> DelayedCollectionInitializer(com.ebac.modulo39.dto.Usuario(35).telefonos)@158430409 (PluralAttribute(com.ebac.modulo39.dto.Usuario.telefonos))

14-04-2025 11:25:41,052-06:00 [http-nio-8080-exec-4] DEBUG o.s.orm.jpa.JpaTransactionManager - Initiating transaction commit
14-04-2025 11:25:41,052-06:00 [http-nio-8080-exec-4] DEBUG o.s.orm.jpa.JpaTransactionManager - Committing JPA transaction on EntityManager [SessionImpl(915569799<open>)]
14-04-2025 11:25:41,052-06:00 [http-nio-8080-exec-4] DEBUG o.h.e.t.internal.TransactionImpl - committing
14-04-2025 11:25:41,053-06:00 [http-nio-8080-exec-4] DEBUG o.s.jdbc.datasource.DataSourceUtils - Resetting read-only flag of JDBC Connection [HikariProxyConnection@679960942 wrapping com.mysql.cj.jdbc.ConnectionImpl@5d194314]
14-04-2025 11:25:41,054-06:00 [http-nio-8080-exec-4] DEBUG o.s.orm.jpa.JpaTransactionManager - Not closing pre-bound JPA EntityManager after transaction
14-04-2025 11:25:41,054-06:00 [http-nio-8080-exec-4] DEBUG o.s.w.s.m.m.a.RequestResponseBodyMethodProcessor - Using 'application/json', given [*/*] and supported [application/json, application/*+json]
14-04-2025 11:25:41,054-06:00 [http-nio-8080-exec-4] DEBUG o.s.w.s.m.m.a.RequestResponseBodyMethodProcessor - Writing [com.ebac.modulo39.controller.ResponseWrapper@45783d1e]
14-04-2025 11:25:41,055-06:00 [http-nio-8080-exec-4] DEBUG org.hibernate.orm.sql.exec - Skipping reading Query result cache data: cache-enabled = false, cache-mode = IGNORE
14-04-2025 11:25:41,055-06:00 [http-nio-8080-exec-4] DEBUG org.hibernate.SQL - select t1_0.id_usuario,t1_0.id_telefono,t1_0.lada,t1_0.numero,t1_0.tipo_telefono from telefono t1_0 where t1_0.id_usuario=?
14-04-2025 11:25:41,059-06:00 [http-nio-8080-exec-4] DEBUG o.h.s.results.internal.ResultsHelper - Collection fully initialized: [com.ebac.modulo39.dto.Usuario.telefonos#3]
14-04-2025 11:25:41,059-06:00 [http-nio-8080-exec-4] DEBUG org.hibernate.orm.sql.exec - Skipping reading Query result cache data: cache-enabled = false, cache-mode = IGNORE
14-04-2025 11:25:41,060-06:00 [http-nio-8080-exec-4] DEBUG org.hibernate.SQL - select t1_0.id_usuario,t1_0.id_telefono,t1_0.lada,t1_0.numero,t1_0.tipo_telefono from telefono t1_0 where t1_0.id_usuario=?
14-04-2025 11:25:41,061-06:00 [http-nio-8080-exec-4] DEBUG o.h.s.results.internal.ResultsHelper - Collection fully initialized: [com.ebac.modulo39.dto.Usuario.telefonos#4]
14-04-2025 11:25:41,062-06:00 [http-nio-8080-exec-4] DEBUG o.s.o.j.s.OpenEntityManagerInViewInterceptor - Closing JPA EntityManager in OpenEntityManagerInViewInterceptor
14-04-2025 11:25:41,062-06:00 [http-nio-8080-exec-4] DEBUG o.s.web.servlet.DispatcherServlet - Completed 200 OK
14-04-2025 11:25:41,063-06:00 [http-nio-8080-exec-6] DEBUG o.s.web.servlet.DispatcherServlet - GET "/usuarios", parameters={}
14-04-2025 11:25:41,064-06:00 [http-nio-8080-exec-6] DEBUG o.s.w.s.m.m.a.RequestMappingHandlerMapping - Mapped to com.ebac.modulo39.controller.UsuarioController#obtenerUsuarios()
14-04-2025 11:25:41,064-06:00 [http-nio-8080-exec-6] DEBUG o.s.o.j.s.OpenEntityManagerInViewInterceptor - Opening JPA EntityManager in OpenEntityManagerInViewInterceptor
14-04-2025 11:25:41,065-06:00 [http-nio-8080-exec-6] INFO  c.e.m.controller.UsuarioController - Obteniendo usuarios
14-04-2025 11:25:41,065-06:00 [http-nio-8080-exec-6] INFO  c.e.m.controller.UsuarioController - Obteniendo usuarios
14-04-2025 11:25:41,065-06:00 [http-nio-8080-exec-6] DEBUG o.s.orm.jpa.JpaTransactionManager - Found thread-bound EntityManager [SessionImpl(561027128<open>)] for JPA transaction
14-04-2025 11:25:41,065-06:00 [http-nio-8080-exec-6] DEBUG o.s.orm.jpa.JpaTransactionManager - Creating new transaction with name [org.springframework.data.jpa.repository.support.SimpleJpaRepository.findAll]: PROPAGATION_REQUIRED,ISOLATION_DEFAULT,readOnly
14-04-2025 11:25:41,066-06:00 [http-nio-8080-exec-6] DEBUG o.s.jdbc.datasource.DataSourceUtils - Setting JDBC Connection [HikariProxyConnection@1103477337 wrapping com.mysql.cj.jdbc.ConnectionImpl@5d194314] read-only
14-04-2025 11:25:41,066-06:00 [http-nio-8080-exec-6] DEBUG o.h.e.t.internal.TransactionImpl - On TransactionImpl creation, JpaCompliance#isJpaTransactionComplianceEnabled == false
14-04-2025 11:25:41,066-06:00 [http-nio-8080-exec-6] DEBUG o.h.e.t.internal.TransactionImpl - begin
14-04-2025 11:25:41,067-06:00 [http-nio-8080-exec-6] DEBUG o.s.orm.jpa.JpaTransactionManager - Exposing JPA transaction as JDBC [org.springframework.orm.jpa.vendor.HibernateJpaDialect$HibernateConnectionHandle@410b7c80]
14-04-2025 11:25:41,068-06:00 [http-nio-8080-exec-6] DEBUG org.hibernate.orm.sql.ast.create - Created new SQL alias : u1_0
14-04-2025 11:25:41,068-06:00 [http-nio-8080-exec-6] DEBUG org.hibernate.orm.sql.ast.create - Registration of TableGroup [StandardTableGroup(com.ebac.modulo39.dto.Usuario(36))] with identifierForTableGroup [com.ebac.modulo39.dto.Usuario] for NavigablePath [com.ebac.modulo39.dto.Usuario] 
14-04-2025 11:25:41,069-06:00 [http-nio-8080-exec-6] DEBUG org.hibernate.orm.results.graph.AST - DomainResult Graph:
 \-EntityResultImpl [com.ebac.modulo39.dto.Usuario(36)]
 |  +-BasicFetch [com.ebac.modulo39.dto.Usuario(36).edad]
 |  +-BasicFetch [com.ebac.modulo39.dto.Usuario(36).nombre]
 |  \-DelayedCollectionFetch [com.ebac.modulo39.dto.Usuario(36).telefonos]

14-04-2025 11:25:41,070-06:00 [http-nio-8080-exec-6] DEBUG org.hibernate.orm.sql.ast.tree - SQL AST Tree:
    SelectStatement {
      FromClause {
        StandardTableGroup (u1 : com.ebac.modulo39.dto.Usuario(36)) {
          primaryTableReference : usuario as u1_0
        }
      }
    }

14-04-2025 11:25:41,070-06:00 [http-nio-8080-exec-6] DEBUG org.hibernate.orm.sql.exec - Skipping reading Query result cache data: cache-enabled = false, cache-mode = NORMAL
14-04-2025 11:25:41,071-06:00 [http-nio-8080-exec-6] DEBUG org.hibernate.SQL - select u1_0.id_usuario,u1_0.edad,u1_0.nombre from usuario u1_0
14-04-2025 11:25:41,073-06:00 [http-nio-8080-exec-6] DEBUG org.hibernate.orm.results - Initializer list:
	  com.ebac.modulo39.dto.Usuario(36) -> EntityJoinedFetchInitializer(com.ebac.modulo39.dto.Usuario(36))@636651379 (SingleTableEntityPersister(com.ebac.modulo39.dto.Usuario))
	  com.ebac.modulo39.dto.Usuario(36).telefonos -> DelayedCollectionInitializer(com.ebac.modulo39.dto.Usuario(36).telefonos)@1065002361 (PluralAttribute(com.ebac.modulo39.dto.Usuario.telefonos))

14-04-2025 11:25:41,074-06:00 [http-nio-8080-exec-6] DEBUG o.s.orm.jpa.JpaTransactionManager - Initiating transaction commit
14-04-2025 11:25:41,075-06:00 [http-nio-8080-exec-6] DEBUG o.s.orm.jpa.JpaTransactionManager - Committing JPA transaction on EntityManager [SessionImpl(561027128<open>)]
14-04-2025 11:25:41,075-06:00 [http-nio-8080-exec-6] DEBUG o.h.e.t.internal.TransactionImpl - committing
14-04-2025 11:25:41,076-06:00 [http-nio-8080-exec-6] DEBUG o.s.jdbc.datasource.DataSourceUtils - Resetting read-only flag of JDBC Connection [HikariProxyConnection@1103477337 wrapping com.mysql.cj.jdbc.ConnectionImpl@5d194314]
14-04-2025 11:25:41,076-06:00 [http-nio-8080-exec-6] DEBUG o.s.orm.jpa.JpaTransactionManager - Not closing pre-bound JPA EntityManager after transaction
14-04-2025 11:25:41,077-06:00 [http-nio-8080-exec-6] DEBUG o.s.w.s.m.m.a.RequestResponseBodyMethodProcessor - Using 'application/json', given [*/*] and supported [application/json, application/*+json]
14-04-2025 11:25:41,077-06:00 [http-nio-8080-exec-6] DEBUG o.s.w.s.m.m.a.RequestResponseBodyMethodProcessor - Writing [com.ebac.modulo39.controller.ResponseWrapper@a11160a]
14-04-2025 11:25:41,078-06:00 [http-nio-8080-exec-6] DEBUG org.hibernate.orm.sql.exec - Skipping reading Query result cache data: cache-enabled = false, cache-mode = IGNORE
14-04-2025 11:25:41,078-06:00 [http-nio-8080-exec-6] DEBUG org.hibernate.SQL - select t1_0.id_usuario,t1_0.id_telefono,t1_0.lada,t1_0.numero,t1_0.tipo_telefono from telefono t1_0 where t1_0.id_usuario=?
14-04-2025 11:25:41,079-06:00 [http-nio-8080-exec-6] DEBUG o.h.s.results.internal.ResultsHelper - Collection fully initialized: [com.ebac.modulo39.dto.Usuario.telefonos#3]
14-04-2025 11:25:41,080-06:00 [http-nio-8080-exec-6] DEBUG org.hibernate.orm.sql.exec - Skipping reading Query result cache data: cache-enabled = false, cache-mode = IGNORE
14-04-2025 11:25:41,080-06:00 [http-nio-8080-exec-6] DEBUG org.hibernate.SQL - select t1_0.id_usuario,t1_0.id_telefono,t1_0.lada,t1_0.numero,t1_0.tipo_telefono from telefono t1_0 where t1_0.id_usuario=?
14-04-2025 11:25:41,081-06:00 [http-nio-8080-exec-6] DEBUG o.h.s.results.internal.ResultsHelper - Collection fully initialized: [com.ebac.modulo39.dto.Usuario.telefonos#4]
14-04-2025 11:25:41,082-06:00 [http-nio-8080-exec-6] DEBUG o.s.o.j.s.OpenEntityManagerInViewInterceptor - Closing JPA EntityManager in OpenEntityManagerInViewInterceptor
14-04-2025 11:25:41,082-06:00 [http-nio-8080-exec-6] DEBUG o.s.web.servlet.DispatcherServlet - Completed 200 OK
14-04-2025 11:25:47,720-06:00 [HikariPool-1 housekeeper] DEBUG com.zaxxer.hikari.pool.HikariPool - HikariPool-1 - Pool stats (total=10, active=0, idle=10, waiting=0)
14-04-2025 11:25:47,720-06:00 [HikariPool-1 housekeeper] DEBUG com.zaxxer.hikari.pool.HikariPool - HikariPool-1 - Fill pool skipped, pool has sufficient level or currently being filled.
14-04-2025 11:26:17,727-06:00 [HikariPool-1 housekeeper] DEBUG com.zaxxer.hikari.pool.HikariPool - HikariPool-1 - Pool stats (total=10, active=0, idle=10, waiting=0)
14-04-2025 11:26:17,727-06:00 [HikariPool-1 housekeeper] DEBUG com.zaxxer.hikari.pool.HikariPool - HikariPool-1 - Fill pool skipped, pool has sufficient level or currently being filled.
14-04-2025 11:26:47,731-06:00 [HikariPool-1 housekeeper] DEBUG com.zaxxer.hikari.pool.HikariPool - HikariPool-1 - Pool stats (total=10, active=0, idle=10, waiting=0)
14-04-2025 11:26:47,731-06:00 [HikariPool-1 housekeeper] DEBUG com.zaxxer.hikari.pool.HikariPool - HikariPool-1 - Fill pool skipped, pool has sufficient level or currently being filled.
14-04-2025 11:27:01,038-06:00 [http-nio-8080-exec-10] DEBUG o.s.web.servlet.DispatcherServlet - GET "/usuarios", parameters={}
14-04-2025 11:27:01,038-06:00 [http-nio-8080-exec-10] DEBUG o.s.w.s.m.m.a.RequestMappingHandlerMapping - Mapped to com.ebac.modulo39.controller.UsuarioController#obtenerUsuarios()
14-04-2025 11:27:01,038-06:00 [http-nio-8080-exec-10] DEBUG o.s.o.j.s.OpenEntityManagerInViewInterceptor - Opening JPA EntityManager in OpenEntityManagerInViewInterceptor
14-04-2025 11:27:01,038-06:00 [http-nio-8080-exec-10] INFO  c.e.m.controller.UsuarioController - Obteniendo usuarios
14-04-2025 11:27:01,038-06:00 [http-nio-8080-exec-10] INFO  c.e.m.controller.UsuarioController - Obteniendo usuarios
14-04-2025 11:27:01,038-06:00 [http-nio-8080-exec-10] DEBUG o.s.orm.jpa.JpaTransactionManager - Found thread-bound EntityManager [SessionImpl(1861740671<open>)] for JPA transaction
14-04-2025 11:27:01,038-06:00 [http-nio-8080-exec-10] DEBUG o.s.orm.jpa.JpaTransactionManager - Creating new transaction with name [org.springframework.data.jpa.repository.support.SimpleJpaRepository.findAll]: PROPAGATION_REQUIRED,ISOLATION_DEFAULT,readOnly
14-04-2025 11:27:01,038-06:00 [http-nio-8080-exec-10] DEBUG o.s.jdbc.datasource.DataSourceUtils - Setting JDBC Connection [HikariProxyConnection@1608381607 wrapping com.mysql.cj.jdbc.ConnectionImpl@5d194314] read-only
14-04-2025 11:27:01,038-06:00 [http-nio-8080-exec-10] DEBUG o.h.e.t.internal.TransactionImpl - On TransactionImpl creation, JpaCompliance#isJpaTransactionComplianceEnabled == false
14-04-2025 11:27:01,038-06:00 [http-nio-8080-exec-10] DEBUG o.h.e.t.internal.TransactionImpl - begin
14-04-2025 11:27:01,038-06:00 [http-nio-8080-exec-10] DEBUG o.s.orm.jpa.JpaTransactionManager - Exposing JPA transaction as JDBC [org.springframework.orm.jpa.vendor.HibernateJpaDialect$HibernateConnectionHandle@330f8b07]
14-04-2025 11:27:01,038-06:00 [http-nio-8080-exec-10] DEBUG org.hibernate.orm.sql.ast.create - Created new SQL alias : u1_0
14-04-2025 11:27:01,038-06:00 [http-nio-8080-exec-10] DEBUG org.hibernate.orm.sql.ast.create - Registration of TableGroup [StandardTableGroup(com.ebac.modulo39.dto.Usuario(37))] with identifierForTableGroup [com.ebac.modulo39.dto.Usuario] for NavigablePath [com.ebac.modulo39.dto.Usuario] 
14-04-2025 11:27:01,038-06:00 [http-nio-8080-exec-10] DEBUG org.hibernate.orm.results.graph.AST - DomainResult Graph:
 \-EntityResultImpl [com.ebac.modulo39.dto.Usuario(37)]
 |  +-BasicFetch [com.ebac.modulo39.dto.Usuario(37).edad]
 |  +-BasicFetch [com.ebac.modulo39.dto.Usuario(37).nombre]
 |  \-DelayedCollectionFetch [com.ebac.modulo39.dto.Usuario(37).telefonos]

14-04-2025 11:27:01,038-06:00 [http-nio-8080-exec-10] DEBUG org.hibernate.orm.sql.ast.tree - SQL AST Tree:
    SelectStatement {
      FromClause {
        StandardTableGroup (u1 : com.ebac.modulo39.dto.Usuario(37)) {
          primaryTableReference : usuario as u1_0
        }
      }
    }

14-04-2025 11:27:01,038-06:00 [http-nio-8080-exec-10] DEBUG org.hibernate.orm.sql.exec - Skipping reading Query result cache data: cache-enabled = false, cache-mode = NORMAL
14-04-2025 11:27:01,038-06:00 [http-nio-8080-exec-10] DEBUG org.hibernate.SQL - select u1_0.id_usuario,u1_0.edad,u1_0.nombre from usuario u1_0
14-04-2025 11:27:01,048-06:00 [http-nio-8080-exec-10] DEBUG org.hibernate.orm.results - Initializer list:
	  com.ebac.modulo39.dto.Usuario(37) -> EntityJoinedFetchInitializer(com.ebac.modulo39.dto.Usuario(37))@1810981745 (SingleTableEntityPersister(com.ebac.modulo39.dto.Usuario))
	  com.ebac.modulo39.dto.Usuario(37).telefonos -> DelayedCollectionInitializer(com.ebac.modulo39.dto.Usuario(37).telefonos)@1849541822 (PluralAttribute(com.ebac.modulo39.dto.Usuario.telefonos))

14-04-2025 11:27:01,048-06:00 [http-nio-8080-exec-10] DEBUG o.s.orm.jpa.JpaTransactionManager - Initiating transaction commit
14-04-2025 11:27:01,049-06:00 [http-nio-8080-exec-10] DEBUG o.s.orm.jpa.JpaTransactionManager - Committing JPA transaction on EntityManager [SessionImpl(1861740671<open>)]
14-04-2025 11:27:01,049-06:00 [http-nio-8080-exec-10] DEBUG o.h.e.t.internal.TransactionImpl - committing
14-04-2025 11:27:01,049-06:00 [http-nio-8080-exec-10] DEBUG o.s.jdbc.datasource.DataSourceUtils - Resetting read-only flag of JDBC Connection [HikariProxyConnection@1608381607 wrapping com.mysql.cj.jdbc.ConnectionImpl@5d194314]
14-04-2025 11:27:01,050-06:00 [http-nio-8080-exec-10] DEBUG o.s.orm.jpa.JpaTransactionManager - Not closing pre-bound JPA EntityManager after transaction
14-04-2025 11:27:01,050-06:00 [http-nio-8080-exec-10] DEBUG o.s.w.s.m.m.a.RequestResponseBodyMethodProcessor - Using 'application/json', given [*/*] and supported [application/json, application/*+json]
14-04-2025 11:27:01,050-06:00 [http-nio-8080-exec-10] DEBUG o.s.w.s.m.m.a.RequestResponseBodyMethodProcessor - Writing [com.ebac.modulo39.controller.ResponseWrapper@74840e8d]
14-04-2025 11:27:01,051-06:00 [http-nio-8080-exec-10] DEBUG org.hibernate.orm.sql.exec - Skipping reading Query result cache data: cache-enabled = false, cache-mode = IGNORE
14-04-2025 11:27:01,051-06:00 [http-nio-8080-exec-10] DEBUG org.hibernate.SQL - select t1_0.id_usuario,t1_0.id_telefono,t1_0.lada,t1_0.numero,t1_0.tipo_telefono from telefono t1_0 where t1_0.id_usuario=?
14-04-2025 11:27:01,054-06:00 [http-nio-8080-exec-10] DEBUG o.h.s.results.internal.ResultsHelper - Collection fully initialized: [com.ebac.modulo39.dto.Usuario.telefonos#3]
14-04-2025 11:27:01,054-06:00 [http-nio-8080-exec-10] DEBUG org.hibernate.orm.sql.exec - Skipping reading Query result cache data: cache-enabled = false, cache-mode = IGNORE
14-04-2025 11:27:01,055-06:00 [http-nio-8080-exec-10] DEBUG org.hibernate.SQL - select t1_0.id_usuario,t1_0.id_telefono,t1_0.lada,t1_0.numero,t1_0.tipo_telefono from telefono t1_0 where t1_0.id_usuario=?
14-04-2025 11:27:01,056-06:00 [http-nio-8080-exec-10] DEBUG o.h.s.results.internal.ResultsHelper - Collection fully initialized: [com.ebac.modulo39.dto.Usuario.telefonos#4]
14-04-2025 11:27:01,056-06:00 [http-nio-8080-exec-10] DEBUG org.hibernate.orm.sql.exec - Skipping reading Query result cache data: cache-enabled = false, cache-mode = IGNORE
14-04-2025 11:27:01,056-06:00 [http-nio-8080-exec-10] DEBUG org.hibernate.SQL - select t1_0.id_usuario,t1_0.id_telefono,t1_0.lada,t1_0.numero,t1_0.tipo_telefono from telefono t1_0 where t1_0.id_usuario=?
14-04-2025 11:27:01,057-06:00 [http-nio-8080-exec-10] DEBUG o.h.s.results.internal.ResultsHelper - Collection fully initialized: [com.ebac.modulo39.dto.Usuario.telefonos#5]
14-04-2025 11:27:01,057-06:00 [http-nio-8080-exec-10] DEBUG o.s.o.j.s.OpenEntityManagerInViewInterceptor - Closing JPA EntityManager in OpenEntityManagerInViewInterceptor
14-04-2025 11:27:01,057-06:00 [http-nio-8080-exec-10] DEBUG o.s.web.servlet.DispatcherServlet - Completed 200 OK
14-04-2025 11:27:01,059-06:00 [http-nio-8080-exec-8] DEBUG o.s.web.servlet.DispatcherServlet - GET "/usuarios", parameters={}
14-04-2025 11:27:01,059-06:00 [http-nio-8080-exec-8] DEBUG o.s.w.s.m.m.a.RequestMappingHandlerMapping - Mapped to com.ebac.modulo39.controller.UsuarioController#obtenerUsuarios()
14-04-2025 11:27:01,060-06:00 [http-nio-8080-exec-8] DEBUG o.s.o.j.s.OpenEntityManagerInViewInterceptor - Opening JPA EntityManager in OpenEntityManagerInViewInterceptor
14-04-2025 11:27:01,061-06:00 [http-nio-8080-exec-8] INFO  c.e.m.controller.UsuarioController - Obteniendo usuarios
14-04-2025 11:27:01,061-06:00 [http-nio-8080-exec-8] INFO  c.e.m.controller.UsuarioController - Obteniendo usuarios
14-04-2025 11:27:01,061-06:00 [http-nio-8080-exec-8] DEBUG o.s.orm.jpa.JpaTransactionManager - Found thread-bound EntityManager [SessionImpl(896056979<open>)] for JPA transaction
14-04-2025 11:27:01,061-06:00 [http-nio-8080-exec-8] DEBUG o.s.orm.jpa.JpaTransactionManager - Creating new transaction with name [org.springframework.data.jpa.repository.support.SimpleJpaRepository.findAll]: PROPAGATION_REQUIRED,ISOLATION_DEFAULT,readOnly
14-04-2025 11:27:01,061-06:00 [http-nio-8080-exec-8] DEBUG o.s.jdbc.datasource.DataSourceUtils - Setting JDBC Connection [HikariProxyConnection@974796937 wrapping com.mysql.cj.jdbc.ConnectionImpl@5d194314] read-only
14-04-2025 11:27:01,062-06:00 [http-nio-8080-exec-8] DEBUG o.h.e.t.internal.TransactionImpl - On TransactionImpl creation, JpaCompliance#isJpaTransactionComplianceEnabled == false
14-04-2025 11:27:01,062-06:00 [http-nio-8080-exec-8] DEBUG o.h.e.t.internal.TransactionImpl - begin
14-04-2025 11:27:01,062-06:00 [http-nio-8080-exec-8] DEBUG o.s.orm.jpa.JpaTransactionManager - Exposing JPA transaction as JDBC [org.springframework.orm.jpa.vendor.HibernateJpaDialect$HibernateConnectionHandle@56ec683e]
14-04-2025 11:27:01,063-06:00 [http-nio-8080-exec-8] DEBUG org.hibernate.orm.sql.ast.create - Created new SQL alias : u1_0
14-04-2025 11:27:01,063-06:00 [http-nio-8080-exec-8] DEBUG org.hibernate.orm.sql.ast.create - Registration of TableGroup [StandardTableGroup(com.ebac.modulo39.dto.Usuario(38))] with identifierForTableGroup [com.ebac.modulo39.dto.Usuario] for NavigablePath [com.ebac.modulo39.dto.Usuario] 
14-04-2025 11:27:01,063-06:00 [http-nio-8080-exec-8] DEBUG org.hibernate.orm.results.graph.AST - DomainResult Graph:
 \-EntityResultImpl [com.ebac.modulo39.dto.Usuario(38)]
 |  +-BasicFetch [com.ebac.modulo39.dto.Usuario(38).edad]
 |  +-BasicFetch [com.ebac.modulo39.dto.Usuario(38).nombre]
 |  \-DelayedCollectionFetch [com.ebac.modulo39.dto.Usuario(38).telefonos]

14-04-2025 11:27:01,064-06:00 [http-nio-8080-exec-8] DEBUG org.hibernate.orm.sql.ast.tree - SQL AST Tree:
    SelectStatement {
      FromClause {
        StandardTableGroup (u1 : com.ebac.modulo39.dto.Usuario(38)) {
          primaryTableReference : usuario as u1_0
        }
      }
    }

14-04-2025 11:27:01,064-06:00 [http-nio-8080-exec-8] DEBUG org.hibernate.orm.sql.exec - Skipping reading Query result cache data: cache-enabled = false, cache-mode = NORMAL
14-04-2025 11:27:01,064-06:00 [http-nio-8080-exec-8] DEBUG org.hibernate.SQL - select u1_0.id_usuario,u1_0.edad,u1_0.nombre from usuario u1_0
14-04-2025 11:27:01,065-06:00 [http-nio-8080-exec-8] DEBUG org.hibernate.orm.results - Initializer list:
	  com.ebac.modulo39.dto.Usuario(38) -> EntityJoinedFetchInitializer(com.ebac.modulo39.dto.Usuario(38))@854976012 (SingleTableEntityPersister(com.ebac.modulo39.dto.Usuario))
	  com.ebac.modulo39.dto.Usuario(38).telefonos -> DelayedCollectionInitializer(com.ebac.modulo39.dto.Usuario(38).telefonos)@1514978483 (PluralAttribute(com.ebac.modulo39.dto.Usuario.telefonos))

14-04-2025 11:27:01,065-06:00 [http-nio-8080-exec-8] DEBUG o.s.orm.jpa.JpaTransactionManager - Initiating transaction commit
14-04-2025 11:27:01,066-06:00 [http-nio-8080-exec-8] DEBUG o.s.orm.jpa.JpaTransactionManager - Committing JPA transaction on EntityManager [SessionImpl(896056979<open>)]
14-04-2025 11:27:01,066-06:00 [http-nio-8080-exec-8] DEBUG o.h.e.t.internal.TransactionImpl - committing
14-04-2025 11:27:01,066-06:00 [http-nio-8080-exec-8] DEBUG o.s.jdbc.datasource.DataSourceUtils - Resetting read-only flag of JDBC Connection [HikariProxyConnection@974796937 wrapping com.mysql.cj.jdbc.ConnectionImpl@5d194314]
14-04-2025 11:27:01,066-06:00 [http-nio-8080-exec-8] DEBUG o.s.orm.jpa.JpaTransactionManager - Not closing pre-bound JPA EntityManager after transaction
14-04-2025 11:27:01,067-06:00 [http-nio-8080-exec-8] DEBUG o.s.w.s.m.m.a.RequestResponseBodyMethodProcessor - Using 'application/json', given [*/*] and supported [application/json, application/*+json]
14-04-2025 11:27:01,067-06:00 [http-nio-8080-exec-8] DEBUG o.s.w.s.m.m.a.RequestResponseBodyMethodProcessor - Writing [com.ebac.modulo39.controller.ResponseWrapper@1d77ed92]
14-04-2025 11:27:01,068-06:00 [http-nio-8080-exec-8] DEBUG org.hibernate.orm.sql.exec - Skipping reading Query result cache data: cache-enabled = false, cache-mode = IGNORE
14-04-2025 11:27:01,068-06:00 [http-nio-8080-exec-8] DEBUG org.hibernate.SQL - select t1_0.id_usuario,t1_0.id_telefono,t1_0.lada,t1_0.numero,t1_0.tipo_telefono from telefono t1_0 where t1_0.id_usuario=?
14-04-2025 11:27:01,070-06:00 [http-nio-8080-exec-8] DEBUG o.h.s.results.internal.ResultsHelper - Collection fully initialized: [com.ebac.modulo39.dto.Usuario.telefonos#3]
14-04-2025 11:27:01,070-06:00 [http-nio-8080-exec-8] DEBUG org.hibernate.orm.sql.exec - Skipping reading Query result cache data: cache-enabled = false, cache-mode = IGNORE
14-04-2025 11:27:01,071-06:00 [http-nio-8080-exec-8] DEBUG org.hibernate.SQL - select t1_0.id_usuario,t1_0.id_telefono,t1_0.lada,t1_0.numero,t1_0.tipo_telefono from telefono t1_0 where t1_0.id_usuario=?
14-04-2025 11:27:01,073-06:00 [http-nio-8080-exec-8] DEBUG o.h.s.results.internal.ResultsHelper - Collection fully initialized: [com.ebac.modulo39.dto.Usuario.telefonos#4]
14-04-2025 11:27:01,073-06:00 [http-nio-8080-exec-8] DEBUG org.hibernate.orm.sql.exec - Skipping reading Query result cache data: cache-enabled = false, cache-mode = IGNORE
14-04-2025 11:27:01,073-06:00 [http-nio-8080-exec-8] DEBUG org.hibernate.SQL - select t1_0.id_usuario,t1_0.id_telefono,t1_0.lada,t1_0.numero,t1_0.tipo_telefono from telefono t1_0 where t1_0.id_usuario=?
14-04-2025 11:27:01,074-06:00 [http-nio-8080-exec-8] DEBUG o.h.s.results.internal.ResultsHelper - Collection fully initialized: [com.ebac.modulo39.dto.Usuario.telefonos#5]
14-04-2025 11:27:01,074-06:00 [http-nio-8080-exec-8] DEBUG o.s.o.j.s.OpenEntityManagerInViewInterceptor - Closing JPA EntityManager in OpenEntityManagerInViewInterceptor
14-04-2025 11:27:01,075-06:00 [http-nio-8080-exec-8] DEBUG o.s.web.servlet.DispatcherServlet - Completed 200 OK
14-04-2025 11:27:17,733-06:00 [HikariPool-1 housekeeper] DEBUG com.zaxxer.hikari.pool.HikariPool - HikariPool-1 - Pool stats (total=10, active=0, idle=10, waiting=0)
14-04-2025 11:27:17,733-06:00 [HikariPool-1 housekeeper] DEBUG com.zaxxer.hikari.pool.HikariPool - HikariPool-1 - Fill pool skipped, pool has sufficient level or currently being filled.
14-04-2025 11:27:24,410-06:00 [http-nio-8080-exec-2] DEBUG o.s.web.servlet.DispatcherServlet - GET "/usuarios", parameters={}
14-04-2025 11:27:24,410-06:00 [http-nio-8080-exec-2] DEBUG o.s.w.s.m.m.a.RequestMappingHandlerMapping - Mapped to com.ebac.modulo39.controller.UsuarioController#obtenerUsuarios()
14-04-2025 11:27:24,410-06:00 [http-nio-8080-exec-2] DEBUG o.s.o.j.s.OpenEntityManagerInViewInterceptor - Opening JPA EntityManager in OpenEntityManagerInViewInterceptor
14-04-2025 11:27:24,410-06:00 [http-nio-8080-exec-2] INFO  c.e.m.controller.UsuarioController - Obteniendo usuarios
14-04-2025 11:27:24,410-06:00 [http-nio-8080-exec-2] INFO  c.e.m.controller.UsuarioController - Obteniendo usuarios
14-04-2025 11:27:24,415-06:00 [http-nio-8080-exec-2] DEBUG o.s.orm.jpa.JpaTransactionManager - Found thread-bound EntityManager [SessionImpl(1410318378<open>)] for JPA transaction
14-04-2025 11:27:24,415-06:00 [http-nio-8080-exec-2] DEBUG o.s.orm.jpa.JpaTransactionManager - Creating new transaction with name [org.springframework.data.jpa.repository.support.SimpleJpaRepository.findAll]: PROPAGATION_REQUIRED,ISOLATION_DEFAULT,readOnly
14-04-2025 11:27:24,416-06:00 [http-nio-8080-exec-2] DEBUG o.s.jdbc.datasource.DataSourceUtils - Setting JDBC Connection [HikariProxyConnection@824028822 wrapping com.mysql.cj.jdbc.ConnectionImpl@5d194314] read-only
14-04-2025 11:27:24,417-06:00 [http-nio-8080-exec-2] DEBUG o.h.e.t.internal.TransactionImpl - On TransactionImpl creation, JpaCompliance#isJpaTransactionComplianceEnabled == false
14-04-2025 11:27:24,417-06:00 [http-nio-8080-exec-2] DEBUG o.h.e.t.internal.TransactionImpl - begin
14-04-2025 11:27:24,418-06:00 [http-nio-8080-exec-2] DEBUG o.s.orm.jpa.JpaTransactionManager - Exposing JPA transaction as JDBC [org.springframework.orm.jpa.vendor.HibernateJpaDialect$HibernateConnectionHandle@1767d396]
14-04-2025 11:27:24,419-06:00 [http-nio-8080-exec-2] DEBUG org.hibernate.orm.sql.ast.create - Created new SQL alias : u1_0
14-04-2025 11:27:24,419-06:00 [http-nio-8080-exec-2] DEBUG org.hibernate.orm.sql.ast.create - Registration of TableGroup [StandardTableGroup(com.ebac.modulo39.dto.Usuario(39))] with identifierForTableGroup [com.ebac.modulo39.dto.Usuario] for NavigablePath [com.ebac.modulo39.dto.Usuario] 
14-04-2025 11:27:24,419-06:00 [http-nio-8080-exec-2] DEBUG org.hibernate.orm.results.graph.AST - DomainResult Graph:
 \-EntityResultImpl [com.ebac.modulo39.dto.Usuario(39)]
 |  +-BasicFetch [com.ebac.modulo39.dto.Usuario(39).edad]
 |  +-BasicFetch [com.ebac.modulo39.dto.Usuario(39).nombre]
 |  \-DelayedCollectionFetch [com.ebac.modulo39.dto.Usuario(39).telefonos]

14-04-2025 11:27:24,420-06:00 [http-nio-8080-exec-2] DEBUG org.hibernate.orm.sql.ast.tree - SQL AST Tree:
    SelectStatement {
      FromClause {
        StandardTableGroup (u1 : com.ebac.modulo39.dto.Usuario(39)) {
          primaryTableReference : usuario as u1_0
        }
      }
    }

14-04-2025 11:27:24,420-06:00 [http-nio-8080-exec-2] DEBUG org.hibernate.orm.sql.exec - Skipping reading Query result cache data: cache-enabled = false, cache-mode = NORMAL
14-04-2025 11:27:24,420-06:00 [http-nio-8080-exec-2] DEBUG org.hibernate.SQL - select u1_0.id_usuario,u1_0.edad,u1_0.nombre from usuario u1_0
14-04-2025 11:27:24,422-06:00 [http-nio-8080-exec-2] DEBUG org.hibernate.orm.results - Initializer list:
	  com.ebac.modulo39.dto.Usuario(39) -> EntityJoinedFetchInitializer(com.ebac.modulo39.dto.Usuario(39))@159004731 (SingleTableEntityPersister(com.ebac.modulo39.dto.Usuario))
	  com.ebac.modulo39.dto.Usuario(39).telefonos -> DelayedCollectionInitializer(com.ebac.modulo39.dto.Usuario(39).telefonos)@825656748 (PluralAttribute(com.ebac.modulo39.dto.Usuario.telefonos))

14-04-2025 11:27:24,423-06:00 [http-nio-8080-exec-2] DEBUG o.s.orm.jpa.JpaTransactionManager - Initiating transaction commit
14-04-2025 11:27:24,423-06:00 [http-nio-8080-exec-2] DEBUG o.s.orm.jpa.JpaTransactionManager - Committing JPA transaction on EntityManager [SessionImpl(1410318378<open>)]
14-04-2025 11:27:24,423-06:00 [http-nio-8080-exec-2] DEBUG o.h.e.t.internal.TransactionImpl - committing
14-04-2025 11:27:24,425-06:00 [http-nio-8080-exec-2] DEBUG o.s.jdbc.datasource.DataSourceUtils - Resetting read-only flag of JDBC Connection [HikariProxyConnection@824028822 wrapping com.mysql.cj.jdbc.ConnectionImpl@5d194314]
14-04-2025 11:27:24,425-06:00 [http-nio-8080-exec-2] DEBUG o.s.orm.jpa.JpaTransactionManager - Not closing pre-bound JPA EntityManager after transaction
14-04-2025 11:27:24,426-06:00 [http-nio-8080-exec-2] DEBUG o.s.w.s.m.m.a.RequestResponseBodyMethodProcessor - Using 'application/json', given [*/*] and supported [application/json, application/*+json]
14-04-2025 11:27:24,426-06:00 [http-nio-8080-exec-2] DEBUG o.s.w.s.m.m.a.RequestResponseBodyMethodProcessor - Writing [com.ebac.modulo39.controller.ResponseWrapper@5a3a8f97]
14-04-2025 11:27:24,427-06:00 [http-nio-8080-exec-2] DEBUG org.hibernate.orm.sql.exec - Skipping reading Query result cache data: cache-enabled = false, cache-mode = IGNORE
14-04-2025 11:27:24,428-06:00 [http-nio-8080-exec-2] DEBUG org.hibernate.SQL - select t1_0.id_usuario,t1_0.id_telefono,t1_0.lada,t1_0.numero,t1_0.tipo_telefono from telefono t1_0 where t1_0.id_usuario=?
14-04-2025 11:27:24,432-06:00 [http-nio-8080-exec-2] DEBUG o.h.s.results.internal.ResultsHelper - Collection fully initialized: [com.ebac.modulo39.dto.Usuario.telefonos#3]
14-04-2025 11:27:24,433-06:00 [http-nio-8080-exec-2] DEBUG org.hibernate.orm.sql.exec - Skipping reading Query result cache data: cache-enabled = false, cache-mode = IGNORE
14-04-2025 11:27:24,433-06:00 [http-nio-8080-exec-2] DEBUG org.hibernate.SQL - select t1_0.id_usuario,t1_0.id_telefono,t1_0.lada,t1_0.numero,t1_0.tipo_telefono from telefono t1_0 where t1_0.id_usuario=?
14-04-2025 11:27:24,436-06:00 [http-nio-8080-exec-2] DEBUG o.h.s.results.internal.ResultsHelper - Collection fully initialized: [com.ebac.modulo39.dto.Usuario.telefonos#4]
14-04-2025 11:27:24,438-06:00 [http-nio-8080-exec-2] DEBUG org.hibernate.orm.sql.exec - Skipping reading Query result cache data: cache-enabled = false, cache-mode = IGNORE
14-04-2025 11:27:24,438-06:00 [http-nio-8080-exec-2] DEBUG org.hibernate.SQL - select t1_0.id_usuario,t1_0.id_telefono,t1_0.lada,t1_0.numero,t1_0.tipo_telefono from telefono t1_0 where t1_0.id_usuario=?
14-04-2025 11:27:24,441-06:00 [http-nio-8080-exec-2] DEBUG o.h.s.results.internal.ResultsHelper - Collection fully initialized: [com.ebac.modulo39.dto.Usuario.telefonos#5]
14-04-2025 11:27:24,442-06:00 [http-nio-8080-exec-2] DEBUG o.s.o.j.s.OpenEntityManagerInViewInterceptor - Closing JPA EntityManager in OpenEntityManagerInViewInterceptor
14-04-2025 11:27:24,442-06:00 [http-nio-8080-exec-2] DEBUG o.s.web.servlet.DispatcherServlet - Completed 200 OK
14-04-2025 11:27:24,443-06:00 [http-nio-8080-exec-9] DEBUG o.s.web.servlet.DispatcherServlet - GET "/usuarios", parameters={}
14-04-2025 11:27:24,444-06:00 [http-nio-8080-exec-9] DEBUG o.s.w.s.m.m.a.RequestMappingHandlerMapping - Mapped to com.ebac.modulo39.controller.UsuarioController#obtenerUsuarios()
14-04-2025 11:27:24,444-06:00 [http-nio-8080-exec-9] DEBUG o.s.o.j.s.OpenEntityManagerInViewInterceptor - Opening JPA EntityManager in OpenEntityManagerInViewInterceptor
14-04-2025 11:27:24,446-06:00 [http-nio-8080-exec-9] INFO  c.e.m.controller.UsuarioController - Obteniendo usuarios
14-04-2025 11:27:24,446-06:00 [http-nio-8080-exec-9] INFO  c.e.m.controller.UsuarioController - Obteniendo usuarios
14-04-2025 11:27:24,446-06:00 [http-nio-8080-exec-9] DEBUG o.s.orm.jpa.JpaTransactionManager - Found thread-bound EntityManager [SessionImpl(1472466155<open>)] for JPA transaction
14-04-2025 11:27:24,446-06:00 [http-nio-8080-exec-9] DEBUG o.s.orm.jpa.JpaTransactionManager - Creating new transaction with name [org.springframework.data.jpa.repository.support.SimpleJpaRepository.findAll]: PROPAGATION_REQUIRED,ISOLATION_DEFAULT,readOnly
14-04-2025 11:27:24,446-06:00 [http-nio-8080-exec-9] DEBUG o.s.jdbc.datasource.DataSourceUtils - Setting JDBC Connection [HikariProxyConnection@151565925 wrapping com.mysql.cj.jdbc.ConnectionImpl@5d194314] read-only
14-04-2025 11:27:24,447-06:00 [http-nio-8080-exec-9] DEBUG o.h.e.t.internal.TransactionImpl - On TransactionImpl creation, JpaCompliance#isJpaTransactionComplianceEnabled == false
14-04-2025 11:27:24,448-06:00 [http-nio-8080-exec-9] DEBUG o.h.e.t.internal.TransactionImpl - begin
14-04-2025 11:27:24,448-06:00 [http-nio-8080-exec-9] DEBUG o.s.orm.jpa.JpaTransactionManager - Exposing JPA transaction as JDBC [org.springframework.orm.jpa.vendor.HibernateJpaDialect$HibernateConnectionHandle@1b19d2d8]
14-04-2025 11:27:24,449-06:00 [http-nio-8080-exec-9] DEBUG org.hibernate.orm.sql.ast.create - Created new SQL alias : u1_0
14-04-2025 11:27:24,450-06:00 [http-nio-8080-exec-9] DEBUG org.hibernate.orm.sql.ast.create - Registration of TableGroup [StandardTableGroup(com.ebac.modulo39.dto.Usuario(40))] with identifierForTableGroup [com.ebac.modulo39.dto.Usuario] for NavigablePath [com.ebac.modulo39.dto.Usuario] 
14-04-2025 11:27:24,451-06:00 [http-nio-8080-exec-9] DEBUG org.hibernate.orm.results.graph.AST - DomainResult Graph:
 \-EntityResultImpl [com.ebac.modulo39.dto.Usuario(40)]
 |  +-BasicFetch [com.ebac.modulo39.dto.Usuario(40).edad]
 |  +-BasicFetch [com.ebac.modulo39.dto.Usuario(40).nombre]
 |  \-DelayedCollectionFetch [com.ebac.modulo39.dto.Usuario(40).telefonos]

14-04-2025 11:27:24,451-06:00 [http-nio-8080-exec-9] DEBUG org.hibernate.orm.sql.ast.tree - SQL AST Tree:
    SelectStatement {
      FromClause {
        StandardTableGroup (u1 : com.ebac.modulo39.dto.Usuario(40)) {
          primaryTableReference : usuario as u1_0
        }
      }
    }

14-04-2025 11:27:24,452-06:00 [http-nio-8080-exec-9] DEBUG org.hibernate.orm.sql.exec - Skipping reading Query result cache data: cache-enabled = false, cache-mode = NORMAL
14-04-2025 11:27:24,452-06:00 [http-nio-8080-exec-9] DEBUG org.hibernate.SQL - select u1_0.id_usuario,u1_0.edad,u1_0.nombre from usuario u1_0
14-04-2025 11:27:24,453-06:00 [http-nio-8080-exec-9] DEBUG org.hibernate.orm.results - Initializer list:
	  com.ebac.modulo39.dto.Usuario(40).telefonos -> DelayedCollectionInitializer(com.ebac.modulo39.dto.Usuario(40).telefonos)@608510626 (PluralAttribute(com.ebac.modulo39.dto.Usuario.telefonos))
	  com.ebac.modulo39.dto.Usuario(40) -> EntityJoinedFetchInitializer(com.ebac.modulo39.dto.Usuario(40))@17378723 (SingleTableEntityPersister(com.ebac.modulo39.dto.Usuario))

14-04-2025 11:27:24,454-06:00 [http-nio-8080-exec-9] DEBUG o.s.orm.jpa.JpaTransactionManager - Initiating transaction commit
14-04-2025 11:27:24,454-06:00 [http-nio-8080-exec-9] DEBUG o.s.orm.jpa.JpaTransactionManager - Committing JPA transaction on EntityManager [SessionImpl(1472466155<open>)]
14-04-2025 11:27:24,454-06:00 [http-nio-8080-exec-9] DEBUG o.h.e.t.internal.TransactionImpl - committing
14-04-2025 11:27:24,455-06:00 [http-nio-8080-exec-9] DEBUG o.s.jdbc.datasource.DataSourceUtils - Resetting read-only flag of JDBC Connection [HikariProxyConnection@151565925 wrapping com.mysql.cj.jdbc.ConnectionImpl@5d194314]
14-04-2025 11:27:24,456-06:00 [http-nio-8080-exec-9] DEBUG o.s.orm.jpa.JpaTransactionManager - Not closing pre-bound JPA EntityManager after transaction
14-04-2025 11:27:24,456-06:00 [http-nio-8080-exec-9] DEBUG o.s.w.s.m.m.a.RequestResponseBodyMethodProcessor - Using 'application/json', given [*/*] and supported [application/json, application/*+json]
14-04-2025 11:27:24,457-06:00 [http-nio-8080-exec-9] DEBUG o.s.w.s.m.m.a.RequestResponseBodyMethodProcessor - Writing [com.ebac.modulo39.controller.ResponseWrapper@494f26b3]
14-04-2025 11:27:24,457-06:00 [http-nio-8080-exec-9] DEBUG org.hibernate.orm.sql.exec - Skipping reading Query result cache data: cache-enabled = false, cache-mode = IGNORE
14-04-2025 11:27:24,457-06:00 [http-nio-8080-exec-9] DEBUG org.hibernate.SQL - select t1_0.id_usuario,t1_0.id_telefono,t1_0.lada,t1_0.numero,t1_0.tipo_telefono from telefono t1_0 where t1_0.id_usuario=?
14-04-2025 11:27:24,459-06:00 [http-nio-8080-exec-9] DEBUG o.h.s.results.internal.ResultsHelper - Collection fully initialized: [com.ebac.modulo39.dto.Usuario.telefonos#3]
14-04-2025 11:27:24,459-06:00 [http-nio-8080-exec-9] DEBUG org.hibernate.orm.sql.exec - Skipping reading Query result cache data: cache-enabled = false, cache-mode = IGNORE
14-04-2025 11:27:24,459-06:00 [http-nio-8080-exec-9] DEBUG org.hibernate.SQL - select t1_0.id_usuario,t1_0.id_telefono,t1_0.lada,t1_0.numero,t1_0.tipo_telefono from telefono t1_0 where t1_0.id_usuario=?
14-04-2025 11:27:24,460-06:00 [http-nio-8080-exec-9] DEBUG o.h.s.results.internal.ResultsHelper - Collection fully initialized: [com.ebac.modulo39.dto.Usuario.telefonos#4]
14-04-2025 11:27:24,462-06:00 [http-nio-8080-exec-9] DEBUG org.hibernate.orm.sql.exec - Skipping reading Query result cache data: cache-enabled = false, cache-mode = IGNORE
14-04-2025 11:27:24,462-06:00 [http-nio-8080-exec-9] DEBUG org.hibernate.SQL - select t1_0.id_usuario,t1_0.id_telefono,t1_0.lada,t1_0.numero,t1_0.tipo_telefono from telefono t1_0 where t1_0.id_usuario=?
14-04-2025 11:27:24,463-06:00 [http-nio-8080-exec-9] DEBUG o.h.s.results.internal.ResultsHelper - Collection fully initialized: [com.ebac.modulo39.dto.Usuario.telefonos#5]
14-04-2025 11:27:24,464-06:00 [http-nio-8080-exec-9] DEBUG o.s.o.j.s.OpenEntityManagerInViewInterceptor - Closing JPA EntityManager in OpenEntityManagerInViewInterceptor
14-04-2025 11:27:24,466-06:00 [http-nio-8080-exec-9] DEBUG o.s.web.servlet.DispatcherServlet - Completed 200 OK
14-04-2025 11:27:47,746-06:00 [HikariPool-1 housekeeper] DEBUG com.zaxxer.hikari.pool.HikariPool - HikariPool-1 - Pool stats (total=10, active=0, idle=10, waiting=0)
14-04-2025 11:27:47,746-06:00 [HikariPool-1 housekeeper] DEBUG com.zaxxer.hikari.pool.HikariPool - HikariPool-1 - Fill pool skipped, pool has sufficient level or currently being filled.
14-04-2025 11:28:17,754-06:00 [HikariPool-1 housekeeper] DEBUG com.zaxxer.hikari.pool.HikariPool - HikariPool-1 - Pool stats (total=10, active=0, idle=10, waiting=0)
14-04-2025 11:28:17,754-06:00 [HikariPool-1 housekeeper] DEBUG com.zaxxer.hikari.pool.HikariPool - HikariPool-1 - Fill pool skipped, pool has sufficient level or currently being filled.
14-04-2025 11:28:47,761-06:00 [HikariPool-1 housekeeper] DEBUG com.zaxxer.hikari.pool.HikariPool - HikariPool-1 - Pool stats (total=10, active=0, idle=10, waiting=0)
14-04-2025 11:28:47,761-06:00 [HikariPool-1 housekeeper] DEBUG com.zaxxer.hikari.pool.HikariPool - HikariPool-1 - Fill pool skipped, pool has sufficient level or currently being filled.
14-04-2025 11:29:17,769-06:00 [HikariPool-1 housekeeper] DEBUG com.zaxxer.hikari.pool.HikariPool - HikariPool-1 - Pool stats (total=10, active=0, idle=10, waiting=0)
14-04-2025 11:29:17,769-06:00 [HikariPool-1 housekeeper] DEBUG com.zaxxer.hikari.pool.HikariPool - HikariPool-1 - Fill pool skipped, pool has sufficient level or currently being filled.
14-04-2025 11:29:47,772-06:00 [HikariPool-1 housekeeper] DEBUG com.zaxxer.hikari.pool.HikariPool - HikariPool-1 - Pool stats (total=10, active=0, idle=10, waiting=0)
14-04-2025 11:29:47,772-06:00 [HikariPool-1 housekeeper] DEBUG com.zaxxer.hikari.pool.HikariPool - HikariPool-1 - Fill pool skipped, pool has sufficient level or currently being filled.
14-04-2025 11:30:17,786-06:00 [HikariPool-1 housekeeper] DEBUG com.zaxxer.hikari.pool.HikariPool - HikariPool-1 - Pool stats (total=10, active=0, idle=10, waiting=0)
14-04-2025 11:30:17,786-06:00 [HikariPool-1 housekeeper] DEBUG com.zaxxer.hikari.pool.HikariPool - HikariPool-1 - Fill pool skipped, pool has sufficient level or currently being filled.
14-04-2025 11:30:47,787-06:00 [HikariPool-1 housekeeper] DEBUG com.zaxxer.hikari.pool.HikariPool - HikariPool-1 - Pool stats (total=10, active=0, idle=10, waiting=0)
14-04-2025 11:30:47,787-06:00 [HikariPool-1 housekeeper] DEBUG com.zaxxer.hikari.pool.HikariPool - HikariPool-1 - Fill pool skipped, pool has sufficient level or currently being filled.
14-04-2025 11:31:17,802-06:00 [HikariPool-1 housekeeper] DEBUG com.zaxxer.hikari.pool.HikariPool - HikariPool-1 - Pool stats (total=10, active=0, idle=10, waiting=0)
14-04-2025 11:31:17,802-06:00 [HikariPool-1 housekeeper] DEBUG com.zaxxer.hikari.pool.HikariPool - HikariPool-1 - Fill pool skipped, pool has sufficient level or currently being filled.
14-04-2025 11:31:47,805-06:00 [HikariPool-1 housekeeper] DEBUG com.zaxxer.hikari.pool.HikariPool - HikariPool-1 - Pool stats (total=10, active=0, idle=10, waiting=0)
14-04-2025 11:31:47,805-06:00 [HikariPool-1 housekeeper] DEBUG com.zaxxer.hikari.pool.HikariPool - HikariPool-1 - Fill pool skipped, pool has sufficient level or currently being filled.
14-04-2025 11:32:17,804-06:00 [HikariPool-1 housekeeper] DEBUG com.zaxxer.hikari.pool.HikariPool - HikariPool-1 - Pool stats (total=10, active=0, idle=10, waiting=0)
14-04-2025 11:32:17,804-06:00 [HikariPool-1 housekeeper] DEBUG com.zaxxer.hikari.pool.HikariPool - HikariPool-1 - Fill pool skipped, pool has sufficient level or currently being filled.
14-04-2025 11:32:47,812-06:00 [HikariPool-1 housekeeper] DEBUG com.zaxxer.hikari.pool.HikariPool - HikariPool-1 - Pool stats (total=10, active=0, idle=10, waiting=0)
14-04-2025 11:32:47,812-06:00 [HikariPool-1 housekeeper] DEBUG com.zaxxer.hikari.pool.HikariPool - HikariPool-1 - Fill pool skipped, pool has sufficient level or currently being filled.
14-04-2025 11:33:17,818-06:00 [HikariPool-1 housekeeper] DEBUG com.zaxxer.hikari.pool.HikariPool - HikariPool-1 - Pool stats (total=10, active=0, idle=10, waiting=0)
14-04-2025 11:33:17,818-06:00 [HikariPool-1 housekeeper] DEBUG com.zaxxer.hikari.pool.HikariPool - HikariPool-1 - Fill pool skipped, pool has sufficient level or currently being filled.
14-04-2025 11:33:22,047-06:00 [http-nio-8080-exec-4] DEBUG o.s.web.servlet.DispatcherServlet - OPTIONS "/usuarios", parameters={}
14-04-2025 11:33:22,047-06:00 [http-nio-8080-exec-4] DEBUG o.s.w.s.m.m.a.RequestMappingHandlerMapping - Mapped to com.ebac.modulo39.controller.UsuarioController#crearUsuario(Usuario)
14-04-2025 11:33:22,049-06:00 [http-nio-8080-exec-4] DEBUG o.s.o.j.s.OpenEntityManagerInViewInterceptor - Opening JPA EntityManager in OpenEntityManagerInViewInterceptor
14-04-2025 11:33:22,049-06:00 [http-nio-8080-exec-4] DEBUG o.s.o.j.s.OpenEntityManagerInViewInterceptor - Closing JPA EntityManager in OpenEntityManagerInViewInterceptor
14-04-2025 11:33:22,050-06:00 [http-nio-8080-exec-4] DEBUG o.s.web.servlet.DispatcherServlet - Completed 200 OK
14-04-2025 11:33:22,054-06:00 [http-nio-8080-exec-6] DEBUG o.s.web.servlet.DispatcherServlet - POST "/usuarios", parameters={}
14-04-2025 11:33:22,056-06:00 [http-nio-8080-exec-6] DEBUG o.s.w.s.m.m.a.RequestMappingHandlerMapping - Mapped to com.ebac.modulo39.controller.UsuarioController#crearUsuario(Usuario)
14-04-2025 11:33:22,056-06:00 [http-nio-8080-exec-6] DEBUG o.s.o.j.s.OpenEntityManagerInViewInterceptor - Opening JPA EntityManager in OpenEntityManagerInViewInterceptor
14-04-2025 11:33:22,093-06:00 [http-nio-8080-exec-6] DEBUG o.s.w.s.m.m.a.RequestResponseBodyMethodProcessor - Read "application/json;charset=UTF-8" to [Usuario(idUsuario=null, nombre=Carolina, edad=27, telefonos=[])]
14-04-2025 11:33:22,103-06:00 [http-nio-8080-exec-6] DEBUG o.s.orm.jpa.JpaTransactionManager - Found thread-bound EntityManager [SessionImpl(233097053<open>)] for JPA transaction
14-04-2025 11:33:22,103-06:00 [http-nio-8080-exec-6] DEBUG o.s.orm.jpa.JpaTransactionManager - Creating new transaction with name [org.springframework.data.jpa.repository.support.SimpleJpaRepository.save]: PROPAGATION_REQUIRED,ISOLATION_DEFAULT
14-04-2025 11:33:22,103-06:00 [http-nio-8080-exec-6] DEBUG o.h.e.t.internal.TransactionImpl - On TransactionImpl creation, JpaCompliance#isJpaTransactionComplianceEnabled == false
14-04-2025 11:33:22,103-06:00 [http-nio-8080-exec-6] DEBUG o.h.e.t.internal.TransactionImpl - begin
14-04-2025 11:33:22,105-06:00 [http-nio-8080-exec-6] DEBUG o.s.orm.jpa.JpaTransactionManager - Exposing JPA transaction as JDBC [org.springframework.orm.jpa.vendor.HibernateJpaDialect$HibernateConnectionHandle@1a147107]
14-04-2025 11:33:22,105-06:00 [http-nio-8080-exec-6] DEBUG o.h.j.i.PersistenceUnitUtilImpl - jakarta.persistence.PersistenceUnitUtil.getIdentifier is only intended to work with enhanced entities (although Hibernate also adapts this support to its proxies); however the passed entity was not enhanced (nor a proxy).. may not be able to read identifier
14-04-2025 11:33:22,115-06:00 [http-nio-8080-exec-6] DEBUG o.hibernate.engine.spi.ActionQueue - Executing identity-insert immediately
14-04-2025 11:33:22,123-06:00 [http-nio-8080-exec-6] DEBUG org.hibernate.SQL - insert into usuario (edad,nombre) values (?,?)
14-04-2025 11:33:22,136-06:00 [http-nio-8080-exec-6] DEBUG org.hibernate.orm.results - Initializer list is empty
14-04-2025 11:33:22,137-06:00 [http-nio-8080-exec-6] DEBUG o.h.id.IdentifierGeneratorHelper - Extracted generated values [com.ebac.modulo39.dto.Usuario]: [Ljava.lang.Object;@3dd403ad
14-04-2025 11:33:22,138-06:00 [http-nio-8080-exec-6] DEBUG o.s.orm.jpa.JpaTransactionManager - Initiating transaction commit
14-04-2025 11:33:22,139-06:00 [http-nio-8080-exec-6] DEBUG o.s.orm.jpa.JpaTransactionManager - Committing JPA transaction on EntityManager [SessionImpl(233097053<open>)]
14-04-2025 11:33:22,139-06:00 [http-nio-8080-exec-6] DEBUG o.h.e.t.internal.TransactionImpl - committing
14-04-2025 11:33:22,140-06:00 [http-nio-8080-exec-6] DEBUG o.h.e.i.AbstractFlushingEventListener - Processing flush-time cascades
14-04-2025 11:33:22,140-06:00 [http-nio-8080-exec-6] DEBUG o.h.e.i.AbstractFlushingEventListener - Dirty checking collections
14-04-2025 11:33:22,144-06:00 [http-nio-8080-exec-6] DEBUG o.h.engine.internal.Collections - Collection found: [com.ebac.modulo39.dto.Usuario.telefonos#6], was: [<unreferenced>] (initialized)
14-04-2025 11:33:22,148-06:00 [http-nio-8080-exec-6] DEBUG o.h.e.i.AbstractFlushingEventListener - Flushed: 0 insertions, 0 updates, 0 deletions to 1 objects
14-04-2025 11:33:22,148-06:00 [http-nio-8080-exec-6] DEBUG o.h.e.i.AbstractFlushingEventListener - Flushed: 1 (re)creations, 0 updates, 0 removals to 1 collections
14-04-2025 11:33:22,150-06:00 [http-nio-8080-exec-6] DEBUG o.h.internal.util.EntityPrinter - Listing entities:
14-04-2025 11:33:22,151-06:00 [http-nio-8080-exec-6] DEBUG o.h.internal.util.EntityPrinter - com.ebac.modulo39.dto.Usuario{idUsuario=6, telefonos=[], edad=27, nombre=Carolina}
14-04-2025 11:33:22,156-06:00 [http-nio-8080-exec-6] DEBUG o.s.orm.jpa.JpaTransactionManager - Not closing pre-bound JPA EntityManager after transaction
14-04-2025 11:33:22,157-06:00 [http-nio-8080-exec-6] INFO  c.e.m.controller.UsuarioController - Usuario creado
14-04-2025 11:33:22,157-06:00 [http-nio-8080-exec-6] INFO  c.e.m.controller.UsuarioController - Usuario creado
14-04-2025 11:33:22,158-06:00 [http-nio-8080-exec-6] DEBUG o.s.w.s.m.m.a.RequestResponseBodyMethodProcessor - Using 'application/json', given [*/*] and supported [application/json, application/*+json]
14-04-2025 11:33:22,158-06:00 [http-nio-8080-exec-6] DEBUG o.s.w.s.m.m.a.RequestResponseBodyMethodProcessor - Writing [com.ebac.modulo39.controller.ResponseWrapper@3d624d03]
14-04-2025 11:33:22,162-06:00 [http-nio-8080-exec-6] DEBUG o.s.o.j.s.OpenEntityManagerInViewInterceptor - Closing JPA EntityManager in OpenEntityManagerInViewInterceptor
14-04-2025 11:33:22,162-06:00 [http-nio-8080-exec-6] DEBUG o.s.web.servlet.DispatcherServlet - Completed 200 OK
14-04-2025 11:33:47,832-06:00 [HikariPool-1 housekeeper] DEBUG com.zaxxer.hikari.pool.HikariPool - HikariPool-1 - Pool stats (total=10, active=0, idle=10, waiting=0)
14-04-2025 11:33:47,832-06:00 [HikariPool-1 housekeeper] DEBUG com.zaxxer.hikari.pool.HikariPool - HikariPool-1 - Fill pool skipped, pool has sufficient level or currently being filled.
14-04-2025 11:34:17,845-06:00 [HikariPool-1 housekeeper] DEBUG com.zaxxer.hikari.pool.HikariPool - HikariPool-1 - Pool stats (total=10, active=0, idle=10, waiting=0)
14-04-2025 11:34:17,845-06:00 [HikariPool-1 housekeeper] DEBUG com.zaxxer.hikari.pool.HikariPool - HikariPool-1 - Fill pool skipped, pool has sufficient level or currently being filled.
14-04-2025 11:34:47,521-06:00 [http-nio-8080-exec-5] DEBUG o.s.web.servlet.DispatcherServlet - GET "/usuarios", parameters={}
14-04-2025 11:34:47,521-06:00 [http-nio-8080-exec-5] DEBUG o.s.w.s.m.m.a.RequestMappingHandlerMapping - Mapped to com.ebac.modulo39.controller.UsuarioController#obtenerUsuarios()
14-04-2025 11:34:47,522-06:00 [http-nio-8080-exec-5] DEBUG o.s.o.j.s.OpenEntityManagerInViewInterceptor - Opening JPA EntityManager in OpenEntityManagerInViewInterceptor
14-04-2025 11:34:47,522-06:00 [http-nio-8080-exec-5] INFO  c.e.m.controller.UsuarioController - Obteniendo usuarios
14-04-2025 11:34:47,522-06:00 [http-nio-8080-exec-5] INFO  c.e.m.controller.UsuarioController - Obteniendo usuarios
14-04-2025 11:34:47,523-06:00 [http-nio-8080-exec-5] DEBUG o.s.orm.jpa.JpaTransactionManager - Found thread-bound EntityManager [SessionImpl(1978700580<open>)] for JPA transaction
14-04-2025 11:34:47,523-06:00 [http-nio-8080-exec-5] DEBUG o.s.orm.jpa.JpaTransactionManager - Creating new transaction with name [org.springframework.data.jpa.repository.support.SimpleJpaRepository.findAll]: PROPAGATION_REQUIRED,ISOLATION_DEFAULT,readOnly
14-04-2025 11:34:47,524-06:00 [http-nio-8080-exec-5] DEBUG o.s.jdbc.datasource.DataSourceUtils - Setting JDBC Connection [HikariProxyConnection@1260257679 wrapping com.mysql.cj.jdbc.ConnectionImpl@5d194314] read-only
14-04-2025 11:34:47,525-06:00 [http-nio-8080-exec-5] DEBUG o.h.e.t.internal.TransactionImpl - On TransactionImpl creation, JpaCompliance#isJpaTransactionComplianceEnabled == false
14-04-2025 11:34:47,525-06:00 [http-nio-8080-exec-5] DEBUG o.h.e.t.internal.TransactionImpl - begin
14-04-2025 11:34:47,525-06:00 [http-nio-8080-exec-5] DEBUG o.s.orm.jpa.JpaTransactionManager - Exposing JPA transaction as JDBC [org.springframework.orm.jpa.vendor.HibernateJpaDialect$HibernateConnectionHandle@54eb0fa4]
14-04-2025 11:34:47,526-06:00 [http-nio-8080-exec-5] DEBUG org.hibernate.orm.sql.ast.create - Created new SQL alias : u1_0
14-04-2025 11:34:47,527-06:00 [http-nio-8080-exec-5] DEBUG org.hibernate.orm.sql.ast.create - Registration of TableGroup [StandardTableGroup(com.ebac.modulo39.dto.Usuario(41))] with identifierForTableGroup [com.ebac.modulo39.dto.Usuario] for NavigablePath [com.ebac.modulo39.dto.Usuario] 
14-04-2025 11:34:47,527-06:00 [http-nio-8080-exec-5] DEBUG org.hibernate.orm.results.graph.AST - DomainResult Graph:
 \-EntityResultImpl [com.ebac.modulo39.dto.Usuario(41)]
 |  +-BasicFetch [com.ebac.modulo39.dto.Usuario(41).edad]
 |  +-BasicFetch [com.ebac.modulo39.dto.Usuario(41).nombre]
 |  \-DelayedCollectionFetch [com.ebac.modulo39.dto.Usuario(41).telefonos]

14-04-2025 11:34:47,528-06:00 [http-nio-8080-exec-5] DEBUG org.hibernate.orm.sql.ast.tree - SQL AST Tree:
    SelectStatement {
      FromClause {
        StandardTableGroup (u1 : com.ebac.modulo39.dto.Usuario(41)) {
          primaryTableReference : usuario as u1_0
        }
      }
    }

14-04-2025 11:34:47,528-06:00 [http-nio-8080-exec-5] DEBUG org.hibernate.orm.sql.exec - Skipping reading Query result cache data: cache-enabled = false, cache-mode = NORMAL
14-04-2025 11:34:47,529-06:00 [http-nio-8080-exec-5] DEBUG org.hibernate.SQL - select u1_0.id_usuario,u1_0.edad,u1_0.nombre from usuario u1_0
14-04-2025 11:34:47,530-06:00 [http-nio-8080-exec-5] DEBUG org.hibernate.orm.results - Initializer list:
	  com.ebac.modulo39.dto.Usuario(41).telefonos -> DelayedCollectionInitializer(com.ebac.modulo39.dto.Usuario(41).telefonos)@1643858420 (PluralAttribute(com.ebac.modulo39.dto.Usuario.telefonos))
	  com.ebac.modulo39.dto.Usuario(41) -> EntityJoinedFetchInitializer(com.ebac.modulo39.dto.Usuario(41))@1928267863 (SingleTableEntityPersister(com.ebac.modulo39.dto.Usuario))

14-04-2025 11:34:47,531-06:00 [http-nio-8080-exec-5] DEBUG o.s.orm.jpa.JpaTransactionManager - Initiating transaction commit
14-04-2025 11:34:47,532-06:00 [http-nio-8080-exec-5] DEBUG o.s.orm.jpa.JpaTransactionManager - Committing JPA transaction on EntityManager [SessionImpl(1978700580<open>)]
14-04-2025 11:34:47,532-06:00 [http-nio-8080-exec-5] DEBUG o.h.e.t.internal.TransactionImpl - committing
14-04-2025 11:34:47,533-06:00 [http-nio-8080-exec-5] DEBUG o.s.jdbc.datasource.DataSourceUtils - Resetting read-only flag of JDBC Connection [HikariProxyConnection@1260257679 wrapping com.mysql.cj.jdbc.ConnectionImpl@5d194314]
14-04-2025 11:34:47,534-06:00 [http-nio-8080-exec-5] DEBUG o.s.orm.jpa.JpaTransactionManager - Not closing pre-bound JPA EntityManager after transaction
14-04-2025 11:34:47,535-06:00 [http-nio-8080-exec-5] DEBUG o.s.w.s.m.m.a.RequestResponseBodyMethodProcessor - Using 'application/json', given [*/*] and supported [application/json, application/*+json]
14-04-2025 11:34:47,535-06:00 [http-nio-8080-exec-5] DEBUG o.s.w.s.m.m.a.RequestResponseBodyMethodProcessor - Writing [com.ebac.modulo39.controller.ResponseWrapper@6f9d049]
14-04-2025 11:34:47,538-06:00 [http-nio-8080-exec-5] DEBUG org.hibernate.orm.sql.exec - Skipping reading Query result cache data: cache-enabled = false, cache-mode = IGNORE
14-04-2025 11:34:47,540-06:00 [http-nio-8080-exec-5] DEBUG org.hibernate.SQL - select t1_0.id_usuario,t1_0.id_telefono,t1_0.lada,t1_0.numero,t1_0.tipo_telefono from telefono t1_0 where t1_0.id_usuario=?
14-04-2025 11:34:47,544-06:00 [http-nio-8080-exec-5] DEBUG o.h.s.results.internal.ResultsHelper - Collection fully initialized: [com.ebac.modulo39.dto.Usuario.telefonos#3]
14-04-2025 11:34:47,545-06:00 [http-nio-8080-exec-5] DEBUG org.hibernate.orm.sql.exec - Skipping reading Query result cache data: cache-enabled = false, cache-mode = IGNORE
14-04-2025 11:34:47,545-06:00 [http-nio-8080-exec-5] DEBUG org.hibernate.SQL - select t1_0.id_usuario,t1_0.id_telefono,t1_0.lada,t1_0.numero,t1_0.tipo_telefono from telefono t1_0 where t1_0.id_usuario=?
14-04-2025 11:34:47,547-06:00 [http-nio-8080-exec-5] DEBUG o.h.s.results.internal.ResultsHelper - Collection fully initialized: [com.ebac.modulo39.dto.Usuario.telefonos#4]
14-04-2025 11:34:47,549-06:00 [http-nio-8080-exec-5] DEBUG org.hibernate.orm.sql.exec - Skipping reading Query result cache data: cache-enabled = false, cache-mode = IGNORE
14-04-2025 11:34:47,549-06:00 [http-nio-8080-exec-5] DEBUG org.hibernate.SQL - select t1_0.id_usuario,t1_0.id_telefono,t1_0.lada,t1_0.numero,t1_0.tipo_telefono from telefono t1_0 where t1_0.id_usuario=?
14-04-2025 11:34:47,551-06:00 [http-nio-8080-exec-5] DEBUG o.h.s.results.internal.ResultsHelper - Collection fully initialized: [com.ebac.modulo39.dto.Usuario.telefonos#5]
14-04-2025 11:34:47,551-06:00 [http-nio-8080-exec-5] DEBUG org.hibernate.orm.sql.exec - Skipping reading Query result cache data: cache-enabled = false, cache-mode = IGNORE
14-04-2025 11:34:47,551-06:00 [http-nio-8080-exec-5] DEBUG org.hibernate.SQL - select t1_0.id_usuario,t1_0.id_telefono,t1_0.lada,t1_0.numero,t1_0.tipo_telefono from telefono t1_0 where t1_0.id_usuario=?
14-04-2025 11:34:47,552-06:00 [http-nio-8080-exec-5] DEBUG o.h.s.results.internal.ResultsHelper - Collection fully initialized: [com.ebac.modulo39.dto.Usuario.telefonos#6]
14-04-2025 11:34:47,553-06:00 [http-nio-8080-exec-5] DEBUG o.s.o.j.s.OpenEntityManagerInViewInterceptor - Closing JPA EntityManager in OpenEntityManagerInViewInterceptor
14-04-2025 11:34:47,553-06:00 [http-nio-8080-exec-5] DEBUG o.s.web.servlet.DispatcherServlet - Completed 200 OK
14-04-2025 11:34:47,555-06:00 [http-nio-8080-exec-10] DEBUG o.s.web.servlet.DispatcherServlet - GET "/usuarios", parameters={}
14-04-2025 11:34:47,556-06:00 [http-nio-8080-exec-10] DEBUG o.s.w.s.m.m.a.RequestMappingHandlerMapping - Mapped to com.ebac.modulo39.controller.UsuarioController#obtenerUsuarios()
14-04-2025 11:34:47,556-06:00 [http-nio-8080-exec-10] DEBUG o.s.o.j.s.OpenEntityManagerInViewInterceptor - Opening JPA EntityManager in OpenEntityManagerInViewInterceptor
14-04-2025 11:34:47,556-06:00 [http-nio-8080-exec-10] INFO  c.e.m.controller.UsuarioController - Obteniendo usuarios
14-04-2025 11:34:47,556-06:00 [http-nio-8080-exec-10] INFO  c.e.m.controller.UsuarioController - Obteniendo usuarios
14-04-2025 11:34:47,556-06:00 [http-nio-8080-exec-10] DEBUG o.s.orm.jpa.JpaTransactionManager - Found thread-bound EntityManager [SessionImpl(1304933725<open>)] for JPA transaction
14-04-2025 11:34:47,558-06:00 [http-nio-8080-exec-10] DEBUG o.s.orm.jpa.JpaTransactionManager - Creating new transaction with name [org.springframework.data.jpa.repository.support.SimpleJpaRepository.findAll]: PROPAGATION_REQUIRED,ISOLATION_DEFAULT,readOnly
14-04-2025 11:34:47,558-06:00 [http-nio-8080-exec-10] DEBUG o.s.jdbc.datasource.DataSourceUtils - Setting JDBC Connection [HikariProxyConnection@40286405 wrapping com.mysql.cj.jdbc.ConnectionImpl@5d194314] read-only
14-04-2025 11:34:47,559-06:00 [http-nio-8080-exec-10] DEBUG o.h.e.t.internal.TransactionImpl - On TransactionImpl creation, JpaCompliance#isJpaTransactionComplianceEnabled == false
14-04-2025 11:34:47,559-06:00 [http-nio-8080-exec-10] DEBUG o.h.e.t.internal.TransactionImpl - begin
14-04-2025 11:34:47,559-06:00 [http-nio-8080-exec-10] DEBUG o.s.orm.jpa.JpaTransactionManager - Exposing JPA transaction as JDBC [org.springframework.orm.jpa.vendor.HibernateJpaDialect$HibernateConnectionHandle@4ecfc891]
14-04-2025 11:34:47,560-06:00 [http-nio-8080-exec-10] DEBUG org.hibernate.orm.sql.ast.create - Created new SQL alias : u1_0
14-04-2025 11:34:47,560-06:00 [http-nio-8080-exec-10] DEBUG org.hibernate.orm.sql.ast.create - Registration of TableGroup [StandardTableGroup(com.ebac.modulo39.dto.Usuario(42))] with identifierForTableGroup [com.ebac.modulo39.dto.Usuario] for NavigablePath [com.ebac.modulo39.dto.Usuario] 
14-04-2025 11:34:47,561-06:00 [http-nio-8080-exec-10] DEBUG org.hibernate.orm.results.graph.AST - DomainResult Graph:
 \-EntityResultImpl [com.ebac.modulo39.dto.Usuario(42)]
 |  +-BasicFetch [com.ebac.modulo39.dto.Usuario(42).edad]
 |  +-BasicFetch [com.ebac.modulo39.dto.Usuario(42).nombre]
 |  \-DelayedCollectionFetch [com.ebac.modulo39.dto.Usuario(42).telefonos]

14-04-2025 11:34:47,561-06:00 [http-nio-8080-exec-10] DEBUG org.hibernate.orm.sql.ast.tree - SQL AST Tree:
    SelectStatement {
      FromClause {
        StandardTableGroup (u1 : com.ebac.modulo39.dto.Usuario(42)) {
          primaryTableReference : usuario as u1_0
        }
      }
    }

14-04-2025 11:34:47,561-06:00 [http-nio-8080-exec-10] DEBUG org.hibernate.orm.sql.exec - Skipping reading Query result cache data: cache-enabled = false, cache-mode = NORMAL
14-04-2025 11:34:47,562-06:00 [http-nio-8080-exec-10] DEBUG org.hibernate.SQL - select u1_0.id_usuario,u1_0.edad,u1_0.nombre from usuario u1_0
14-04-2025 11:34:47,564-06:00 [http-nio-8080-exec-10] DEBUG org.hibernate.orm.results - Initializer list:
	  com.ebac.modulo39.dto.Usuario(42).telefonos -> DelayedCollectionInitializer(com.ebac.modulo39.dto.Usuario(42).telefonos)@1049230083 (PluralAttribute(com.ebac.modulo39.dto.Usuario.telefonos))
	  com.ebac.modulo39.dto.Usuario(42) -> EntityJoinedFetchInitializer(com.ebac.modulo39.dto.Usuario(42))@1551989335 (SingleTableEntityPersister(com.ebac.modulo39.dto.Usuario))

14-04-2025 11:34:47,565-06:00 [http-nio-8080-exec-10] DEBUG o.s.orm.jpa.JpaTransactionManager - Initiating transaction commit
14-04-2025 11:34:47,565-06:00 [http-nio-8080-exec-10] DEBUG o.s.orm.jpa.JpaTransactionManager - Committing JPA transaction on EntityManager [SessionImpl(1304933725<open>)]
14-04-2025 11:34:47,566-06:00 [http-nio-8080-exec-10] DEBUG o.h.e.t.internal.TransactionImpl - committing
14-04-2025 11:34:47,568-06:00 [http-nio-8080-exec-10] DEBUG o.s.jdbc.datasource.DataSourceUtils - Resetting read-only flag of JDBC Connection [HikariProxyConnection@40286405 wrapping com.mysql.cj.jdbc.ConnectionImpl@5d194314]
14-04-2025 11:34:47,569-06:00 [http-nio-8080-exec-10] DEBUG o.s.orm.jpa.JpaTransactionManager - Not closing pre-bound JPA EntityManager after transaction
14-04-2025 11:34:47,570-06:00 [http-nio-8080-exec-10] DEBUG o.s.w.s.m.m.a.RequestResponseBodyMethodProcessor - Using 'application/json', given [*/*] and supported [application/json, application/*+json]
14-04-2025 11:34:47,570-06:00 [http-nio-8080-exec-10] DEBUG o.s.w.s.m.m.a.RequestResponseBodyMethodProcessor - Writing [com.ebac.modulo39.controller.ResponseWrapper@96e740b]
14-04-2025 11:34:47,571-06:00 [http-nio-8080-exec-10] DEBUG org.hibernate.orm.sql.exec - Skipping reading Query result cache data: cache-enabled = false, cache-mode = IGNORE
14-04-2025 11:34:47,571-06:00 [http-nio-8080-exec-10] DEBUG org.hibernate.SQL - select t1_0.id_usuario,t1_0.id_telefono,t1_0.lada,t1_0.numero,t1_0.tipo_telefono from telefono t1_0 where t1_0.id_usuario=?
14-04-2025 11:34:47,572-06:00 [http-nio-8080-exec-10] DEBUG o.h.s.results.internal.ResultsHelper - Collection fully initialized: [com.ebac.modulo39.dto.Usuario.telefonos#3]
14-04-2025 11:34:47,572-06:00 [http-nio-8080-exec-10] DEBUG org.hibernate.orm.sql.exec - Skipping reading Query result cache data: cache-enabled = false, cache-mode = IGNORE
14-04-2025 11:34:47,573-06:00 [http-nio-8080-exec-10] DEBUG org.hibernate.SQL - select t1_0.id_usuario,t1_0.id_telefono,t1_0.lada,t1_0.numero,t1_0.tipo_telefono from telefono t1_0 where t1_0.id_usuario=?
14-04-2025 11:34:47,574-06:00 [http-nio-8080-exec-10] DEBUG o.h.s.results.internal.ResultsHelper - Collection fully initialized: [com.ebac.modulo39.dto.Usuario.telefonos#4]
14-04-2025 11:34:47,574-06:00 [http-nio-8080-exec-10] DEBUG org.hibernate.orm.sql.exec - Skipping reading Query result cache data: cache-enabled = false, cache-mode = IGNORE
14-04-2025 11:34:47,574-06:00 [http-nio-8080-exec-10] DEBUG org.hibernate.SQL - select t1_0.id_usuario,t1_0.id_telefono,t1_0.lada,t1_0.numero,t1_0.tipo_telefono from telefono t1_0 where t1_0.id_usuario=?
14-04-2025 11:34:47,575-06:00 [http-nio-8080-exec-10] DEBUG o.h.s.results.internal.ResultsHelper - Collection fully initialized: [com.ebac.modulo39.dto.Usuario.telefonos#5]
14-04-2025 11:34:47,576-06:00 [http-nio-8080-exec-10] DEBUG org.hibernate.orm.sql.exec - Skipping reading Query result cache data: cache-enabled = false, cache-mode = IGNORE
14-04-2025 11:34:47,576-06:00 [http-nio-8080-exec-10] DEBUG org.hibernate.SQL - select t1_0.id_usuario,t1_0.id_telefono,t1_0.lada,t1_0.numero,t1_0.tipo_telefono from telefono t1_0 where t1_0.id_usuario=?
14-04-2025 11:34:47,577-06:00 [http-nio-8080-exec-10] DEBUG o.h.s.results.internal.ResultsHelper - Collection fully initialized: [com.ebac.modulo39.dto.Usuario.telefonos#6]
14-04-2025 11:34:47,577-06:00 [http-nio-8080-exec-10] DEBUG o.s.o.j.s.OpenEntityManagerInViewInterceptor - Closing JPA EntityManager in OpenEntityManagerInViewInterceptor
14-04-2025 11:34:47,578-06:00 [http-nio-8080-exec-10] DEBUG o.s.web.servlet.DispatcherServlet - Completed 200 OK
14-04-2025 11:34:47,852-06:00 [HikariPool-1 housekeeper] DEBUG com.zaxxer.hikari.pool.HikariPool - HikariPool-1 - Pool stats (total=10, active=0, idle=10, waiting=0)
14-04-2025 11:34:47,852-06:00 [HikariPool-1 housekeeper] DEBUG com.zaxxer.hikari.pool.HikariPool - HikariPool-1 - Fill pool skipped, pool has sufficient level or currently being filled.
14-04-2025 11:35:17,860-06:00 [HikariPool-1 housekeeper] DEBUG com.zaxxer.hikari.pool.HikariPool - HikariPool-1 - Pool stats (total=10, active=0, idle=10, waiting=0)
14-04-2025 11:35:17,860-06:00 [HikariPool-1 housekeeper] DEBUG com.zaxxer.hikari.pool.HikariPool - HikariPool-1 - Fill pool skipped, pool has sufficient level or currently being filled.
14-04-2025 11:35:47,862-06:00 [HikariPool-1 housekeeper] DEBUG com.zaxxer.hikari.pool.HikariPool - HikariPool-1 - Pool stats (total=10, active=0, idle=10, waiting=0)
14-04-2025 11:35:47,862-06:00 [HikariPool-1 housekeeper] DEBUG com.zaxxer.hikari.pool.HikariPool - HikariPool-1 - Fill pool skipped, pool has sufficient level or currently being filled.
14-04-2025 11:36:17,864-06:00 [HikariPool-1 housekeeper] DEBUG com.zaxxer.hikari.pool.HikariPool - HikariPool-1 - Pool stats (total=10, active=0, idle=10, waiting=0)
14-04-2025 11:36:17,864-06:00 [HikariPool-1 housekeeper] DEBUG com.zaxxer.hikari.pool.HikariPool - HikariPool-1 - Fill pool skipped, pool has sufficient level or currently being filled.
14-04-2025 11:36:37,725-06:00 [HikariPool-1 connection closer] DEBUG com.zaxxer.hikari.pool.PoolBase - HikariPool-1 - Closing connection com.mysql.cj.jdbc.ConnectionImpl@6b94321b: (connection has passed maxLifetime)
14-04-2025 11:36:37,756-06:00 [HikariPool-1 connection adder] DEBUG com.zaxxer.hikari.pool.HikariPool - HikariPool-1 - Added connection com.mysql.cj.jdbc.ConnectionImpl@6f989ff6
14-04-2025 11:36:37,807-06:00 [HikariPool-1 connection adder] DEBUG com.zaxxer.hikari.pool.HikariPool - HikariPool-1 - Connection not added, stats (total=10, active=0, idle=10, waiting=0)
14-04-2025 11:36:40,651-06:00 [HikariPool-1 connection closer] DEBUG com.zaxxer.hikari.pool.PoolBase - HikariPool-1 - Closing connection com.mysql.cj.jdbc.ConnectionImpl@751ecc82: (connection has passed maxLifetime)
14-04-2025 11:36:40,656-06:00 [HikariPool-1 connection adder] DEBUG com.zaxxer.hikari.pool.HikariPool - HikariPool-1 - Added connection com.mysql.cj.jdbc.ConnectionImpl@2ea595cd
14-04-2025 11:36:40,699-06:00 [HikariPool-1 connection adder] DEBUG com.zaxxer.hikari.pool.HikariPool - HikariPool-1 - Connection not added, stats (total=10, active=0, idle=10, waiting=0)
14-04-2025 11:36:46,835-06:00 [HikariPool-1 connection closer] DEBUG com.zaxxer.hikari.pool.PoolBase - HikariPool-1 - Closing connection com.mysql.cj.jdbc.ConnectionImpl@3eb0db8c: (connection has passed maxLifetime)
14-04-2025 11:36:46,848-06:00 [HikariPool-1 connection adder] DEBUG com.zaxxer.hikari.pool.HikariPool - HikariPool-1 - Added connection com.mysql.cj.jdbc.ConnectionImpl@2eaa4782
14-04-2025 11:36:46,881-06:00 [HikariPool-1 connection adder] DEBUG com.zaxxer.hikari.pool.HikariPool - HikariPool-1 - Connection not added, stats (total=10, active=0, idle=10, waiting=0)
14-04-2025 11:36:47,879-06:00 [HikariPool-1 housekeeper] DEBUG com.zaxxer.hikari.pool.HikariPool - HikariPool-1 - Pool stats (total=10, active=0, idle=10, waiting=0)
14-04-2025 11:36:47,879-06:00 [HikariPool-1 housekeeper] DEBUG com.zaxxer.hikari.pool.HikariPool - HikariPool-1 - Fill pool skipped, pool has sufficient level or currently being filled.
14-04-2025 11:36:50,935-06:00 [HikariPool-1 connection closer] DEBUG com.zaxxer.hikari.pool.PoolBase - HikariPool-1 - Closing connection com.mysql.cj.jdbc.ConnectionImpl@4ec85c04: (connection has passed maxLifetime)
14-04-2025 11:36:50,935-06:00 [HikariPool-1 connection adder] DEBUG com.zaxxer.hikari.pool.HikariPool - HikariPool-1 - Added connection com.mysql.cj.jdbc.ConnectionImpl@6f974db9
14-04-2025 11:36:50,979-06:00 [HikariPool-1 connection adder] DEBUG com.zaxxer.hikari.pool.HikariPool - HikariPool-1 - Connection not added, stats (total=10, active=0, idle=10, waiting=0)
14-04-2025 11:36:53,706-06:00 [HikariPool-1 connection closer] DEBUG com.zaxxer.hikari.pool.PoolBase - HikariPool-1 - Closing connection com.mysql.cj.jdbc.ConnectionImpl@23c994da: (connection has passed maxLifetime)
14-04-2025 11:36:53,721-06:00 [HikariPool-1 connection adder] DEBUG com.zaxxer.hikari.pool.HikariPool - HikariPool-1 - Added connection com.mysql.cj.jdbc.ConnectionImpl@5eb2c27f
14-04-2025 11:36:53,753-06:00 [HikariPool-1 connection adder] DEBUG com.zaxxer.hikari.pool.HikariPool - HikariPool-1 - Connection not added, stats (total=10, active=0, idle=10, waiting=0)
14-04-2025 11:36:57,134-06:00 [HikariPool-1 connection closer] DEBUG com.zaxxer.hikari.pool.PoolBase - HikariPool-1 - Closing connection com.mysql.cj.jdbc.ConnectionImpl@ff5563f: (connection has passed maxLifetime)
14-04-2025 11:36:57,134-06:00 [HikariPool-1 connection adder] DEBUG com.zaxxer.hikari.pool.HikariPool - HikariPool-1 - Added connection com.mysql.cj.jdbc.ConnectionImpl@6d3d5bff
14-04-2025 11:36:57,176-06:00 [HikariPool-1 connection adder] DEBUG com.zaxxer.hikari.pool.HikariPool - HikariPool-1 - Connection not added, stats (total=10, active=0, idle=10, waiting=0)
14-04-2025 11:36:58,890-06:00 [HikariPool-1 connection closer] DEBUG com.zaxxer.hikari.pool.PoolBase - HikariPool-1 - Closing connection com.mysql.cj.jdbc.ConnectionImpl@5d194314: (connection has passed maxLifetime)
14-04-2025 11:36:58,890-06:00 [HikariPool-1 connection adder] DEBUG com.zaxxer.hikari.pool.HikariPool - HikariPool-1 - Added connection com.mysql.cj.jdbc.ConnectionImpl@41936c39
14-04-2025 11:36:58,934-06:00 [HikariPool-1 connection adder] DEBUG com.zaxxer.hikari.pool.HikariPool - HikariPool-1 - Connection not added, stats (total=10, active=0, idle=10, waiting=0)
14-04-2025 11:37:11,891-06:00 [HikariPool-1 connection closer] DEBUG com.zaxxer.hikari.pool.PoolBase - HikariPool-1 - Closing connection com.mysql.cj.jdbc.ConnectionImpl@1e95948c: (connection has passed maxLifetime)
14-04-2025 11:37:11,891-06:00 [HikariPool-1 connection adder] DEBUG com.zaxxer.hikari.pool.HikariPool - HikariPool-1 - Added connection com.mysql.cj.jdbc.ConnectionImpl@49c04bff
14-04-2025 11:37:11,935-06:00 [HikariPool-1 connection adder] DEBUG com.zaxxer.hikari.pool.HikariPool - HikariPool-1 - Connection not added, stats (total=10, active=0, idle=10, waiting=0)
14-04-2025 11:37:12,787-06:00 [HikariPool-1 connection closer] DEBUG com.zaxxer.hikari.pool.PoolBase - HikariPool-1 - Closing connection com.mysql.cj.jdbc.ConnectionImpl@79954484: (connection has passed maxLifetime)
14-04-2025 11:37:12,787-06:00 [HikariPool-1 connection adder] DEBUG com.zaxxer.hikari.pool.HikariPool - HikariPool-1 - Added connection com.mysql.cj.jdbc.ConnectionImpl@8fd41c4
14-04-2025 11:37:12,831-06:00 [HikariPool-1 connection adder] DEBUG com.zaxxer.hikari.pool.HikariPool - HikariPool-1 - Connection not added, stats (total=10, active=0, idle=10, waiting=0)
14-04-2025 11:37:16,139-06:00 [HikariPool-1 connection closer] DEBUG com.zaxxer.hikari.pool.PoolBase - HikariPool-1 - Closing connection com.mysql.cj.jdbc.ConnectionImpl@1241a30c: (connection has passed maxLifetime)
14-04-2025 11:37:16,150-06:00 [HikariPool-1 connection adder] DEBUG com.zaxxer.hikari.pool.HikariPool - HikariPool-1 - Added connection com.mysql.cj.jdbc.ConnectionImpl@39bfcb60
14-04-2025 11:37:16,192-06:00 [HikariPool-1 connection adder] DEBUG com.zaxxer.hikari.pool.HikariPool - HikariPool-1 - Connection not added, stats (total=10, active=0, idle=10, waiting=0)
14-04-2025 11:37:17,885-06:00 [HikariPool-1 housekeeper] DEBUG com.zaxxer.hikari.pool.HikariPool - HikariPool-1 - Pool stats (total=10, active=0, idle=10, waiting=0)
14-04-2025 11:37:17,885-06:00 [HikariPool-1 housekeeper] DEBUG com.zaxxer.hikari.pool.HikariPool - HikariPool-1 - Fill pool skipped, pool has sufficient level or currently being filled.
14-04-2025 11:37:47,894-06:00 [HikariPool-1 housekeeper] DEBUG com.zaxxer.hikari.pool.HikariPool - HikariPool-1 - Pool stats (total=10, active=0, idle=10, waiting=0)
14-04-2025 11:37:47,894-06:00 [HikariPool-1 housekeeper] DEBUG com.zaxxer.hikari.pool.HikariPool - HikariPool-1 - Fill pool skipped, pool has sufficient level or currently being filled.
14-04-2025 11:38:17,901-06:00 [HikariPool-1 housekeeper] DEBUG com.zaxxer.hikari.pool.HikariPool - HikariPool-1 - Pool stats (total=10, active=0, idle=10, waiting=0)
14-04-2025 11:38:17,901-06:00 [HikariPool-1 housekeeper] DEBUG com.zaxxer.hikari.pool.HikariPool - HikariPool-1 - Fill pool skipped, pool has sufficient level or currently being filled.
14-04-2025 11:38:47,903-06:00 [HikariPool-1 housekeeper] DEBUG com.zaxxer.hikari.pool.HikariPool - HikariPool-1 - Pool stats (total=10, active=0, idle=10, waiting=0)
14-04-2025 11:38:47,904-06:00 [HikariPool-1 housekeeper] DEBUG com.zaxxer.hikari.pool.HikariPool - HikariPool-1 - Fill pool skipped, pool has sufficient level or currently being filled.
14-04-2025 11:39:17,911-06:00 [HikariPool-1 housekeeper] DEBUG com.zaxxer.hikari.pool.HikariPool - HikariPool-1 - Pool stats (total=10, active=0, idle=10, waiting=0)
14-04-2025 11:39:17,911-06:00 [HikariPool-1 housekeeper] DEBUG com.zaxxer.hikari.pool.HikariPool - HikariPool-1 - Fill pool skipped, pool has sufficient level or currently being filled.
14-04-2025 11:39:47,914-06:00 [HikariPool-1 housekeeper] DEBUG com.zaxxer.hikari.pool.HikariPool - HikariPool-1 - Pool stats (total=10, active=0, idle=10, waiting=0)
14-04-2025 11:39:47,914-06:00 [HikariPool-1 housekeeper] DEBUG com.zaxxer.hikari.pool.HikariPool - HikariPool-1 - Fill pool skipped, pool has sufficient level or currently being filled.
14-04-2025 11:40:17,917-06:00 [HikariPool-1 housekeeper] DEBUG com.zaxxer.hikari.pool.HikariPool - HikariPool-1 - Pool stats (total=10, active=0, idle=10, waiting=0)
14-04-2025 11:40:17,917-06:00 [HikariPool-1 housekeeper] DEBUG com.zaxxer.hikari.pool.HikariPool - HikariPool-1 - Fill pool skipped, pool has sufficient level or currently being filled.
14-04-2025 11:40:45,794-06:00 [http-nio-8080-exec-9] DEBUG o.s.web.servlet.DispatcherServlet - GET "/usuarios", parameters={}
14-04-2025 11:40:45,795-06:00 [http-nio-8080-exec-9] DEBUG o.s.w.s.m.m.a.RequestMappingHandlerMapping - Mapped to com.ebac.modulo39.controller.UsuarioController#obtenerUsuarios()
14-04-2025 11:40:45,795-06:00 [http-nio-8080-exec-9] DEBUG o.s.o.j.s.OpenEntityManagerInViewInterceptor - Opening JPA EntityManager in OpenEntityManagerInViewInterceptor
14-04-2025 11:40:45,796-06:00 [http-nio-8080-exec-9] INFO  c.e.m.controller.UsuarioController - Obteniendo usuarios
14-04-2025 11:40:45,796-06:00 [http-nio-8080-exec-9] INFO  c.e.m.controller.UsuarioController - Obteniendo usuarios
14-04-2025 11:40:45,797-06:00 [http-nio-8080-exec-9] DEBUG o.s.orm.jpa.JpaTransactionManager - Found thread-bound EntityManager [SessionImpl(1495010961<open>)] for JPA transaction
14-04-2025 11:40:45,797-06:00 [http-nio-8080-exec-9] DEBUG o.s.orm.jpa.JpaTransactionManager - Creating new transaction with name [org.springframework.data.jpa.repository.support.SimpleJpaRepository.findAll]: PROPAGATION_REQUIRED,ISOLATION_DEFAULT,readOnly
14-04-2025 11:40:45,798-06:00 [http-nio-8080-exec-9] DEBUG o.s.jdbc.datasource.DataSourceUtils - Setting JDBC Connection [HikariProxyConnection@804173650 wrapping com.mysql.cj.jdbc.ConnectionImpl@6f989ff6] read-only
14-04-2025 11:40:45,799-06:00 [http-nio-8080-exec-9] DEBUG o.h.e.t.internal.TransactionImpl - On TransactionImpl creation, JpaCompliance#isJpaTransactionComplianceEnabled == false
14-04-2025 11:40:45,799-06:00 [http-nio-8080-exec-9] DEBUG o.h.e.t.internal.TransactionImpl - begin
14-04-2025 11:40:45,799-06:00 [http-nio-8080-exec-9] DEBUG o.s.orm.jpa.JpaTransactionManager - Exposing JPA transaction as JDBC [org.springframework.orm.jpa.vendor.HibernateJpaDialect$HibernateConnectionHandle@138ce479]
14-04-2025 11:40:45,800-06:00 [http-nio-8080-exec-9] DEBUG org.hibernate.orm.sql.ast.create - Created new SQL alias : u1_0
14-04-2025 11:40:45,801-06:00 [http-nio-8080-exec-9] DEBUG org.hibernate.orm.sql.ast.create - Registration of TableGroup [StandardTableGroup(com.ebac.modulo39.dto.Usuario(43))] with identifierForTableGroup [com.ebac.modulo39.dto.Usuario] for NavigablePath [com.ebac.modulo39.dto.Usuario] 
14-04-2025 11:40:45,801-06:00 [http-nio-8080-exec-9] DEBUG org.hibernate.orm.results.graph.AST - DomainResult Graph:
 \-EntityResultImpl [com.ebac.modulo39.dto.Usuario(43)]
 |  +-BasicFetch [com.ebac.modulo39.dto.Usuario(43).edad]
 |  +-BasicFetch [com.ebac.modulo39.dto.Usuario(43).nombre]
 |  \-DelayedCollectionFetch [com.ebac.modulo39.dto.Usuario(43).telefonos]

14-04-2025 11:40:45,802-06:00 [http-nio-8080-exec-9] DEBUG org.hibernate.orm.sql.ast.tree - SQL AST Tree:
    SelectStatement {
      FromClause {
        StandardTableGroup (u1 : com.ebac.modulo39.dto.Usuario(43)) {
          primaryTableReference : usuario as u1_0
        }
      }
    }

14-04-2025 11:40:45,802-06:00 [http-nio-8080-exec-9] DEBUG org.hibernate.orm.sql.exec - Skipping reading Query result cache data: cache-enabled = false, cache-mode = NORMAL
14-04-2025 11:40:45,802-06:00 [http-nio-8080-exec-9] DEBUG org.hibernate.SQL - select u1_0.id_usuario,u1_0.edad,u1_0.nombre from usuario u1_0
14-04-2025 11:40:45,807-06:00 [http-nio-8080-exec-9] DEBUG org.hibernate.orm.results - Initializer list:
	  com.ebac.modulo39.dto.Usuario(43).telefonos -> DelayedCollectionInitializer(com.ebac.modulo39.dto.Usuario(43).telefonos)@1758391316 (PluralAttribute(com.ebac.modulo39.dto.Usuario.telefonos))
	  com.ebac.modulo39.dto.Usuario(43) -> EntityJoinedFetchInitializer(com.ebac.modulo39.dto.Usuario(43))@89390757 (SingleTableEntityPersister(com.ebac.modulo39.dto.Usuario))

14-04-2025 11:40:45,809-06:00 [http-nio-8080-exec-9] DEBUG o.s.orm.jpa.JpaTransactionManager - Initiating transaction commit
14-04-2025 11:40:45,809-06:00 [http-nio-8080-exec-9] DEBUG o.s.orm.jpa.JpaTransactionManager - Committing JPA transaction on EntityManager [SessionImpl(1495010961<open>)]
14-04-2025 11:40:45,809-06:00 [http-nio-8080-exec-9] DEBUG o.h.e.t.internal.TransactionImpl - committing
14-04-2025 11:40:45,810-06:00 [http-nio-8080-exec-9] DEBUG o.s.jdbc.datasource.DataSourceUtils - Resetting read-only flag of JDBC Connection [HikariProxyConnection@804173650 wrapping com.mysql.cj.jdbc.ConnectionImpl@6f989ff6]
14-04-2025 11:40:45,811-06:00 [http-nio-8080-exec-9] DEBUG o.s.orm.jpa.JpaTransactionManager - Not closing pre-bound JPA EntityManager after transaction
14-04-2025 11:40:45,812-06:00 [http-nio-8080-exec-9] DEBUG o.s.w.s.m.m.a.RequestResponseBodyMethodProcessor - Using 'application/json', given [*/*] and supported [application/json, application/*+json]
14-04-2025 11:40:45,812-06:00 [http-nio-8080-exec-9] DEBUG o.s.w.s.m.m.a.RequestResponseBodyMethodProcessor - Writing [com.ebac.modulo39.controller.ResponseWrapper@7bdd75f6]
14-04-2025 11:40:45,813-06:00 [http-nio-8080-exec-9] DEBUG org.hibernate.orm.sql.exec - Skipping reading Query result cache data: cache-enabled = false, cache-mode = IGNORE
14-04-2025 11:40:45,813-06:00 [http-nio-8080-exec-9] DEBUG org.hibernate.SQL - select t1_0.id_usuario,t1_0.id_telefono,t1_0.lada,t1_0.numero,t1_0.tipo_telefono from telefono t1_0 where t1_0.id_usuario=?
14-04-2025 11:40:45,816-06:00 [http-nio-8080-exec-9] DEBUG o.h.s.results.internal.ResultsHelper - Collection fully initialized: [com.ebac.modulo39.dto.Usuario.telefonos#3]
14-04-2025 11:40:45,816-06:00 [http-nio-8080-exec-9] DEBUG org.hibernate.orm.sql.exec - Skipping reading Query result cache data: cache-enabled = false, cache-mode = IGNORE
14-04-2025 11:40:45,817-06:00 [http-nio-8080-exec-9] DEBUG org.hibernate.SQL - select t1_0.id_usuario,t1_0.id_telefono,t1_0.lada,t1_0.numero,t1_0.tipo_telefono from telefono t1_0 where t1_0.id_usuario=?
14-04-2025 11:40:45,818-06:00 [http-nio-8080-exec-9] DEBUG o.h.s.results.internal.ResultsHelper - Collection fully initialized: [com.ebac.modulo39.dto.Usuario.telefonos#4]
14-04-2025 11:40:45,818-06:00 [http-nio-8080-exec-9] DEBUG org.hibernate.orm.sql.exec - Skipping reading Query result cache data: cache-enabled = false, cache-mode = IGNORE
14-04-2025 11:40:45,819-06:00 [http-nio-8080-exec-9] DEBUG org.hibernate.SQL - select t1_0.id_usuario,t1_0.id_telefono,t1_0.lada,t1_0.numero,t1_0.tipo_telefono from telefono t1_0 where t1_0.id_usuario=?
14-04-2025 11:40:45,820-06:00 [http-nio-8080-exec-9] DEBUG o.h.s.results.internal.ResultsHelper - Collection fully initialized: [com.ebac.modulo39.dto.Usuario.telefonos#5]
14-04-2025 11:40:45,820-06:00 [http-nio-8080-exec-9] DEBUG org.hibernate.orm.sql.exec - Skipping reading Query result cache data: cache-enabled = false, cache-mode = IGNORE
14-04-2025 11:40:45,821-06:00 [http-nio-8080-exec-9] DEBUG org.hibernate.SQL - select t1_0.id_usuario,t1_0.id_telefono,t1_0.lada,t1_0.numero,t1_0.tipo_telefono from telefono t1_0 where t1_0.id_usuario=?
14-04-2025 11:40:45,822-06:00 [http-nio-8080-exec-9] DEBUG o.h.s.results.internal.ResultsHelper - Collection fully initialized: [com.ebac.modulo39.dto.Usuario.telefonos#6]
14-04-2025 11:40:45,823-06:00 [http-nio-8080-exec-9] DEBUG o.s.o.j.s.OpenEntityManagerInViewInterceptor - Closing JPA EntityManager in OpenEntityManagerInViewInterceptor
14-04-2025 11:40:45,823-06:00 [http-nio-8080-exec-9] DEBUG o.s.web.servlet.DispatcherServlet - Completed 200 OK
14-04-2025 11:40:45,827-06:00 [http-nio-8080-exec-1] DEBUG o.s.web.servlet.DispatcherServlet - GET "/usuarios", parameters={}
14-04-2025 11:40:45,828-06:00 [http-nio-8080-exec-1] DEBUG o.s.w.s.m.m.a.RequestMappingHandlerMapping - Mapped to com.ebac.modulo39.controller.UsuarioController#obtenerUsuarios()
14-04-2025 11:40:45,830-06:00 [http-nio-8080-exec-1] DEBUG o.s.o.j.s.OpenEntityManagerInViewInterceptor - Opening JPA EntityManager in OpenEntityManagerInViewInterceptor
14-04-2025 11:40:45,832-06:00 [http-nio-8080-exec-1] INFO  c.e.m.controller.UsuarioController - Obteniendo usuarios
14-04-2025 11:40:45,832-06:00 [http-nio-8080-exec-1] INFO  c.e.m.controller.UsuarioController - Obteniendo usuarios
14-04-2025 11:40:45,833-06:00 [http-nio-8080-exec-1] DEBUG o.s.orm.jpa.JpaTransactionManager - Found thread-bound EntityManager [SessionImpl(1282289048<open>)] for JPA transaction
14-04-2025 11:40:45,833-06:00 [http-nio-8080-exec-1] DEBUG o.s.orm.jpa.JpaTransactionManager - Creating new transaction with name [org.springframework.data.jpa.repository.support.SimpleJpaRepository.findAll]: PROPAGATION_REQUIRED,ISOLATION_DEFAULT,readOnly
14-04-2025 11:40:45,834-06:00 [http-nio-8080-exec-1] DEBUG o.s.jdbc.datasource.DataSourceUtils - Setting JDBC Connection [HikariProxyConnection@1535721592 wrapping com.mysql.cj.jdbc.ConnectionImpl@6f989ff6] read-only
14-04-2025 11:40:45,834-06:00 [http-nio-8080-exec-1] DEBUG o.h.e.t.internal.TransactionImpl - On TransactionImpl creation, JpaCompliance#isJpaTransactionComplianceEnabled == false
14-04-2025 11:40:45,835-06:00 [http-nio-8080-exec-1] DEBUG o.h.e.t.internal.TransactionImpl - begin
14-04-2025 11:40:45,835-06:00 [http-nio-8080-exec-1] DEBUG o.s.orm.jpa.JpaTransactionManager - Exposing JPA transaction as JDBC [org.springframework.orm.jpa.vendor.HibernateJpaDialect$HibernateConnectionHandle@7df9e399]
14-04-2025 11:40:45,836-06:00 [http-nio-8080-exec-1] DEBUG org.hibernate.orm.sql.ast.create - Created new SQL alias : u1_0
14-04-2025 11:40:45,836-06:00 [http-nio-8080-exec-1] DEBUG org.hibernate.orm.sql.ast.create - Registration of TableGroup [StandardTableGroup(com.ebac.modulo39.dto.Usuario(44))] with identifierForTableGroup [com.ebac.modulo39.dto.Usuario] for NavigablePath [com.ebac.modulo39.dto.Usuario] 
14-04-2025 11:40:45,837-06:00 [http-nio-8080-exec-1] DEBUG org.hibernate.orm.results.graph.AST - DomainResult Graph:
 \-EntityResultImpl [com.ebac.modulo39.dto.Usuario(44)]
 |  +-BasicFetch [com.ebac.modulo39.dto.Usuario(44).edad]
 |  +-BasicFetch [com.ebac.modulo39.dto.Usuario(44).nombre]
 |  \-DelayedCollectionFetch [com.ebac.modulo39.dto.Usuario(44).telefonos]

14-04-2025 11:40:45,837-06:00 [http-nio-8080-exec-1] DEBUG org.hibernate.orm.sql.ast.tree - SQL AST Tree:
    SelectStatement {
      FromClause {
        StandardTableGroup (u1 : com.ebac.modulo39.dto.Usuario(44)) {
          primaryTableReference : usuario as u1_0
        }
      }
    }

14-04-2025 11:40:45,838-06:00 [http-nio-8080-exec-1] DEBUG org.hibernate.orm.sql.exec - Skipping reading Query result cache data: cache-enabled = false, cache-mode = NORMAL
14-04-2025 11:40:45,838-06:00 [http-nio-8080-exec-1] DEBUG org.hibernate.SQL - select u1_0.id_usuario,u1_0.edad,u1_0.nombre from usuario u1_0
14-04-2025 11:40:45,840-06:00 [http-nio-8080-exec-1] DEBUG org.hibernate.orm.results - Initializer list:
	  com.ebac.modulo39.dto.Usuario(44).telefonos -> DelayedCollectionInitializer(com.ebac.modulo39.dto.Usuario(44).telefonos)@1037856679 (PluralAttribute(com.ebac.modulo39.dto.Usuario.telefonos))
	  com.ebac.modulo39.dto.Usuario(44) -> EntityJoinedFetchInitializer(com.ebac.modulo39.dto.Usuario(44))@1146753974 (SingleTableEntityPersister(com.ebac.modulo39.dto.Usuario))

14-04-2025 11:40:45,841-06:00 [http-nio-8080-exec-1] DEBUG o.s.orm.jpa.JpaTransactionManager - Initiating transaction commit
14-04-2025 11:40:45,842-06:00 [http-nio-8080-exec-1] DEBUG o.s.orm.jpa.JpaTransactionManager - Committing JPA transaction on EntityManager [SessionImpl(1282289048<open>)]
14-04-2025 11:40:45,842-06:00 [http-nio-8080-exec-1] DEBUG o.h.e.t.internal.TransactionImpl - committing
14-04-2025 11:40:45,843-06:00 [http-nio-8080-exec-1] DEBUG o.s.jdbc.datasource.DataSourceUtils - Resetting read-only flag of JDBC Connection [HikariProxyConnection@1535721592 wrapping com.mysql.cj.jdbc.ConnectionImpl@6f989ff6]
14-04-2025 11:40:45,844-06:00 [http-nio-8080-exec-1] DEBUG o.s.orm.jpa.JpaTransactionManager - Not closing pre-bound JPA EntityManager after transaction
14-04-2025 11:40:45,844-06:00 [http-nio-8080-exec-1] DEBUG o.s.w.s.m.m.a.RequestResponseBodyMethodProcessor - Using 'application/json', given [*/*] and supported [application/json, application/*+json]
14-04-2025 11:40:45,845-06:00 [http-nio-8080-exec-1] DEBUG o.s.w.s.m.m.a.RequestResponseBodyMethodProcessor - Writing [com.ebac.modulo39.controller.ResponseWrapper@4862e61b]
14-04-2025 11:40:45,846-06:00 [http-nio-8080-exec-1] DEBUG org.hibernate.orm.sql.exec - Skipping reading Query result cache data: cache-enabled = false, cache-mode = IGNORE
14-04-2025 11:40:45,846-06:00 [http-nio-8080-exec-1] DEBUG org.hibernate.SQL - select t1_0.id_usuario,t1_0.id_telefono,t1_0.lada,t1_0.numero,t1_0.tipo_telefono from telefono t1_0 where t1_0.id_usuario=?
14-04-2025 11:40:45,848-06:00 [http-nio-8080-exec-1] DEBUG o.h.s.results.internal.ResultsHelper - Collection fully initialized: [com.ebac.modulo39.dto.Usuario.telefonos#3]
14-04-2025 11:40:45,849-06:00 [http-nio-8080-exec-1] DEBUG org.hibernate.orm.sql.exec - Skipping reading Query result cache data: cache-enabled = false, cache-mode = IGNORE
14-04-2025 11:40:45,849-06:00 [http-nio-8080-exec-1] DEBUG org.hibernate.SQL - select t1_0.id_usuario,t1_0.id_telefono,t1_0.lada,t1_0.numero,t1_0.tipo_telefono from telefono t1_0 where t1_0.id_usuario=?
14-04-2025 11:40:45,851-06:00 [http-nio-8080-exec-1] DEBUG o.h.s.results.internal.ResultsHelper - Collection fully initialized: [com.ebac.modulo39.dto.Usuario.telefonos#4]
14-04-2025 11:40:45,851-06:00 [http-nio-8080-exec-1] DEBUG org.hibernate.orm.sql.exec - Skipping reading Query result cache data: cache-enabled = false, cache-mode = IGNORE
14-04-2025 11:40:45,851-06:00 [http-nio-8080-exec-1] DEBUG org.hibernate.SQL - select t1_0.id_usuario,t1_0.id_telefono,t1_0.lada,t1_0.numero,t1_0.tipo_telefono from telefono t1_0 where t1_0.id_usuario=?
14-04-2025 11:40:45,853-06:00 [http-nio-8080-exec-1] DEBUG o.h.s.results.internal.ResultsHelper - Collection fully initialized: [com.ebac.modulo39.dto.Usuario.telefonos#5]
14-04-2025 11:40:45,853-06:00 [http-nio-8080-exec-1] DEBUG org.hibernate.orm.sql.exec - Skipping reading Query result cache data: cache-enabled = false, cache-mode = IGNORE
14-04-2025 11:40:45,853-06:00 [http-nio-8080-exec-1] DEBUG org.hibernate.SQL - select t1_0.id_usuario,t1_0.id_telefono,t1_0.lada,t1_0.numero,t1_0.tipo_telefono from telefono t1_0 where t1_0.id_usuario=?
14-04-2025 11:40:45,855-06:00 [http-nio-8080-exec-1] DEBUG o.h.s.results.internal.ResultsHelper - Collection fully initialized: [com.ebac.modulo39.dto.Usuario.telefonos#6]
14-04-2025 11:40:45,855-06:00 [http-nio-8080-exec-1] DEBUG o.s.o.j.s.OpenEntityManagerInViewInterceptor - Closing JPA EntityManager in OpenEntityManagerInViewInterceptor
14-04-2025 11:40:45,856-06:00 [http-nio-8080-exec-1] DEBUG o.s.web.servlet.DispatcherServlet - Completed 200 OK
14-04-2025 11:40:47,935-06:00 [HikariPool-1 housekeeper] DEBUG com.zaxxer.hikari.pool.HikariPool - HikariPool-1 - Pool stats (total=10, active=0, idle=10, waiting=0)
14-04-2025 11:40:47,939-06:00 [HikariPool-1 housekeeper] DEBUG com.zaxxer.hikari.pool.HikariPool - HikariPool-1 - Fill pool skipped, pool has sufficient level or currently being filled.
14-04-2025 11:40:49,883-06:00 [http-nio-8080-exec-3] DEBUG o.s.web.servlet.DispatcherServlet - OPTIONS "/usuarios/3", parameters={}
14-04-2025 11:40:49,884-06:00 [http-nio-8080-exec-3] DEBUG o.s.w.s.m.m.a.RequestMappingHandlerMapping - Mapped to com.ebac.modulo39.controller.UsuarioController#eliminarUsuario(Long)
14-04-2025 11:40:49,885-06:00 [http-nio-8080-exec-3] DEBUG o.s.o.j.s.OpenEntityManagerInViewInterceptor - Opening JPA EntityManager in OpenEntityManagerInViewInterceptor
14-04-2025 11:40:49,885-06:00 [http-nio-8080-exec-3] DEBUG o.s.o.j.s.OpenEntityManagerInViewInterceptor - Closing JPA EntityManager in OpenEntityManagerInViewInterceptor
14-04-2025 11:40:49,885-06:00 [http-nio-8080-exec-3] DEBUG o.s.web.servlet.DispatcherServlet - Completed 200 OK
14-04-2025 11:40:49,887-06:00 [http-nio-8080-exec-4] DEBUG o.s.web.servlet.DispatcherServlet - DELETE "/usuarios/3", parameters={}
14-04-2025 11:40:49,888-06:00 [http-nio-8080-exec-4] DEBUG o.s.w.s.m.m.a.RequestMappingHandlerMapping - Mapped to com.ebac.modulo39.controller.UsuarioController#eliminarUsuario(Long)
14-04-2025 11:40:49,889-06:00 [http-nio-8080-exec-4] DEBUG o.s.o.j.s.OpenEntityManagerInViewInterceptor - Opening JPA EntityManager in OpenEntityManagerInViewInterceptor
14-04-2025 11:40:49,892-06:00 [http-nio-8080-exec-4] DEBUG o.s.orm.jpa.JpaTransactionManager - Found thread-bound EntityManager [SessionImpl(606438995<open>)] for JPA transaction
14-04-2025 11:40:49,893-06:00 [http-nio-8080-exec-4] DEBUG o.s.orm.jpa.JpaTransactionManager - Creating new transaction with name [org.springframework.data.jpa.repository.support.SimpleJpaRepository.findById]: PROPAGATION_REQUIRED,ISOLATION_DEFAULT,readOnly
14-04-2025 11:40:49,893-06:00 [http-nio-8080-exec-4] DEBUG o.s.jdbc.datasource.DataSourceUtils - Setting JDBC Connection [HikariProxyConnection@1188360927 wrapping com.mysql.cj.jdbc.ConnectionImpl@6f989ff6] read-only
14-04-2025 11:40:49,894-06:00 [http-nio-8080-exec-4] DEBUG o.h.e.t.internal.TransactionImpl - On TransactionImpl creation, JpaCompliance#isJpaTransactionComplianceEnabled == false
14-04-2025 11:40:49,894-06:00 [http-nio-8080-exec-4] DEBUG o.h.e.t.internal.TransactionImpl - begin
14-04-2025 11:40:49,895-06:00 [http-nio-8080-exec-4] DEBUG o.s.orm.jpa.JpaTransactionManager - Exposing JPA transaction as JDBC [org.springframework.orm.jpa.vendor.HibernateJpaDialect$HibernateConnectionHandle@43dc270]
14-04-2025 11:40:49,905-06:00 [http-nio-8080-exec-4] DEBUG org.hibernate.orm.sql.exec - Skipping reading Query result cache data: cache-enabled = false, cache-mode = IGNORE
14-04-2025 11:40:49,905-06:00 [http-nio-8080-exec-4] DEBUG org.hibernate.SQL - select u1_0.id_usuario,u1_0.edad,u1_0.nombre from usuario u1_0 where u1_0.id_usuario=?
14-04-2025 11:40:49,906-06:00 [http-nio-8080-exec-4] DEBUG org.hibernate.orm.results - Initializer list:
	  com.ebac.modulo39.dto.Usuario.telefonos -> DelayedCollectionInitializer(com.ebac.modulo39.dto.Usuario.telefonos)@1177860334 (PluralAttribute(com.ebac.modulo39.dto.Usuario.telefonos))
	  com.ebac.modulo39.dto.Usuario -> EntityJoinedFetchInitializer(com.ebac.modulo39.dto.Usuario)@1788824313 (SingleTableEntityPersister(com.ebac.modulo39.dto.Usuario))

14-04-2025 11:40:49,907-06:00 [http-nio-8080-exec-4] DEBUG o.s.orm.jpa.JpaTransactionManager - Initiating transaction commit
14-04-2025 11:40:49,907-06:00 [http-nio-8080-exec-4] DEBUG o.s.orm.jpa.JpaTransactionManager - Committing JPA transaction on EntityManager [SessionImpl(606438995<open>)]
14-04-2025 11:40:49,907-06:00 [http-nio-8080-exec-4] DEBUG o.h.e.t.internal.TransactionImpl - committing
14-04-2025 11:40:49,908-06:00 [http-nio-8080-exec-4] DEBUG o.s.jdbc.datasource.DataSourceUtils - Resetting read-only flag of JDBC Connection [HikariProxyConnection@1188360927 wrapping com.mysql.cj.jdbc.ConnectionImpl@6f989ff6]
14-04-2025 11:40:49,908-06:00 [http-nio-8080-exec-4] DEBUG o.s.orm.jpa.JpaTransactionManager - Not closing pre-bound JPA EntityManager after transaction
14-04-2025 11:40:49,909-06:00 [http-nio-8080-exec-4] DEBUG o.s.orm.jpa.JpaTransactionManager - Found thread-bound EntityManager [SessionImpl(606438995<open>)] for JPA transaction
14-04-2025 11:40:49,909-06:00 [http-nio-8080-exec-4] DEBUG o.s.orm.jpa.JpaTransactionManager - Creating new transaction with name [org.springframework.data.jpa.repository.support.SimpleJpaRepository.deleteById]: PROPAGATION_REQUIRED,ISOLATION_DEFAULT
14-04-2025 11:40:49,909-06:00 [http-nio-8080-exec-4] DEBUG o.h.e.t.internal.TransactionImpl - begin
14-04-2025 11:40:49,910-06:00 [http-nio-8080-exec-4] DEBUG o.s.orm.jpa.JpaTransactionManager - Exposing JPA transaction as JDBC [org.springframework.orm.jpa.vendor.HibernateJpaDialect$HibernateConnectionHandle@7279e098]
14-04-2025 11:40:49,913-06:00 [http-nio-8080-exec-4] DEBUG o.h.j.i.PersistenceUnitUtilImpl - jakarta.persistence.PersistenceUnitUtil.getIdentifier is only intended to work with enhanced entities (although Hibernate also adapts this support to its proxies); however the passed entity was not enhanced (nor a proxy).. may not be able to read identifier
14-04-2025 11:40:49,915-06:00 [http-nio-8080-exec-4] DEBUG org.hibernate.orm.sql.exec - Skipping reading Query result cache data: cache-enabled = false, cache-mode = IGNORE
14-04-2025 11:40:49,915-06:00 [http-nio-8080-exec-4] DEBUG org.hibernate.SQL - select t1_0.id_usuario,t1_0.id_telefono,t1_0.lada,t1_0.numero,t1_0.tipo_telefono from telefono t1_0 where t1_0.id_usuario=?
14-04-2025 11:40:49,917-06:00 [http-nio-8080-exec-4] DEBUG o.h.s.results.internal.ResultsHelper - Collection fully initialized: [com.ebac.modulo39.dto.Usuario.telefonos#3]
14-04-2025 11:40:49,919-06:00 [http-nio-8080-exec-4] DEBUG o.s.orm.jpa.JpaTransactionManager - Initiating transaction commit
14-04-2025 11:40:49,919-06:00 [http-nio-8080-exec-4] DEBUG o.s.orm.jpa.JpaTransactionManager - Committing JPA transaction on EntityManager [SessionImpl(606438995<open>)]
14-04-2025 11:40:49,920-06:00 [http-nio-8080-exec-4] DEBUG o.h.e.t.internal.TransactionImpl - committing
14-04-2025 11:40:49,920-06:00 [http-nio-8080-exec-4] DEBUG o.h.e.i.AbstractFlushingEventListener - Processing flush-time cascades
14-04-2025 11:40:49,920-06:00 [http-nio-8080-exec-4] DEBUG o.h.e.i.AbstractFlushingEventListener - Dirty checking collections
14-04-2025 11:40:49,920-06:00 [http-nio-8080-exec-4] DEBUG o.h.engine.internal.Collections - Collection dereferenced: [com.ebac.modulo39.dto.Usuario.telefonos#3]
14-04-2025 11:40:49,921-06:00 [http-nio-8080-exec-4] DEBUG o.h.e.i.AbstractFlushingEventListener - Flushed: 0 insertions, 0 updates, 1 deletions to 1 objects
14-04-2025 11:40:49,922-06:00 [http-nio-8080-exec-4] DEBUG o.h.e.i.AbstractFlushingEventListener - Flushed: 0 (re)creations, 0 updates, 1 removals to 1 collections
14-04-2025 11:40:49,922-06:00 [http-nio-8080-exec-4] DEBUG o.h.internal.util.EntityPrinter - Listing entities:
14-04-2025 11:40:49,922-06:00 [http-nio-8080-exec-4] DEBUG o.h.internal.util.EntityPrinter - com.ebac.modulo39.dto.Usuario{idUsuario=3, telefonos=[], edad=30, nombre=Juan Pérez}
14-04-2025 11:40:49,926-06:00 [http-nio-8080-exec-4] DEBUG org.hibernate.SQL - delete from usuario where id_usuario=?
14-04-2025 11:40:49,940-06:00 [http-nio-8080-exec-4] DEBUG o.s.orm.jpa.JpaTransactionManager - Not closing pre-bound JPA EntityManager after transaction
14-04-2025 11:40:49,941-06:00 [http-nio-8080-exec-4] INFO  c.e.m.controller.UsuarioController - Usuario eliminado
14-04-2025 11:40:49,941-06:00 [http-nio-8080-exec-4] INFO  c.e.m.controller.UsuarioController - Usuario eliminado
14-04-2025 11:40:49,941-06:00 [http-nio-8080-exec-4] DEBUG o.s.w.s.m.m.a.RequestResponseBodyMethodProcessor - Using 'application/json', given [*/*] and supported [application/json, application/*+json]
14-04-2025 11:40:49,942-06:00 [http-nio-8080-exec-4] DEBUG o.s.w.s.m.m.a.RequestResponseBodyMethodProcessor - Writing [com.ebac.modulo39.controller.ResponseWrapper@26abdb5c]
14-04-2025 11:40:49,943-06:00 [http-nio-8080-exec-4] DEBUG o.s.o.j.s.OpenEntityManagerInViewInterceptor - Closing JPA EntityManager in OpenEntityManagerInViewInterceptor
14-04-2025 11:40:49,943-06:00 [http-nio-8080-exec-4] DEBUG o.s.web.servlet.DispatcherServlet - Completed 200 OK
14-04-2025 11:40:53,123-06:00 [http-nio-8080-exec-6] DEBUG o.s.web.servlet.DispatcherServlet - GET "/usuarios", parameters={}
14-04-2025 11:40:53,124-06:00 [http-nio-8080-exec-6] DEBUG o.s.w.s.m.m.a.RequestMappingHandlerMapping - Mapped to com.ebac.modulo39.controller.UsuarioController#obtenerUsuarios()
14-04-2025 11:40:53,124-06:00 [http-nio-8080-exec-6] DEBUG o.s.o.j.s.OpenEntityManagerInViewInterceptor - Opening JPA EntityManager in OpenEntityManagerInViewInterceptor
14-04-2025 11:40:53,125-06:00 [http-nio-8080-exec-6] INFO  c.e.m.controller.UsuarioController - Obteniendo usuarios
14-04-2025 11:40:53,125-06:00 [http-nio-8080-exec-6] INFO  c.e.m.controller.UsuarioController - Obteniendo usuarios
14-04-2025 11:40:53,125-06:00 [http-nio-8080-exec-6] DEBUG o.s.orm.jpa.JpaTransactionManager - Found thread-bound EntityManager [SessionImpl(1848913145<open>)] for JPA transaction
14-04-2025 11:40:53,125-06:00 [http-nio-8080-exec-6] DEBUG o.s.orm.jpa.JpaTransactionManager - Creating new transaction with name [org.springframework.data.jpa.repository.support.SimpleJpaRepository.findAll]: PROPAGATION_REQUIRED,ISOLATION_DEFAULT,readOnly
14-04-2025 11:40:53,126-06:00 [http-nio-8080-exec-6] DEBUG o.s.jdbc.datasource.DataSourceUtils - Setting JDBC Connection [HikariProxyConnection@1431685036 wrapping com.mysql.cj.jdbc.ConnectionImpl@6f989ff6] read-only
14-04-2025 11:40:53,126-06:00 [http-nio-8080-exec-6] DEBUG o.h.e.t.internal.TransactionImpl - On TransactionImpl creation, JpaCompliance#isJpaTransactionComplianceEnabled == false
14-04-2025 11:40:53,127-06:00 [http-nio-8080-exec-6] DEBUG o.h.e.t.internal.TransactionImpl - begin
14-04-2025 11:40:53,127-06:00 [http-nio-8080-exec-6] DEBUG o.s.orm.jpa.JpaTransactionManager - Exposing JPA transaction as JDBC [org.springframework.orm.jpa.vendor.HibernateJpaDialect$HibernateConnectionHandle@3d1729eb]
14-04-2025 11:40:53,128-06:00 [http-nio-8080-exec-6] DEBUG org.hibernate.orm.sql.ast.create - Created new SQL alias : u1_0
14-04-2025 11:40:53,128-06:00 [http-nio-8080-exec-6] DEBUG org.hibernate.orm.sql.ast.create - Registration of TableGroup [StandardTableGroup(com.ebac.modulo39.dto.Usuario(45))] with identifierForTableGroup [com.ebac.modulo39.dto.Usuario] for NavigablePath [com.ebac.modulo39.dto.Usuario] 
14-04-2025 11:40:53,128-06:00 [http-nio-8080-exec-6] DEBUG org.hibernate.orm.results.graph.AST - DomainResult Graph:
 \-EntityResultImpl [com.ebac.modulo39.dto.Usuario(45)]
 |  +-BasicFetch [com.ebac.modulo39.dto.Usuario(45).edad]
 |  +-BasicFetch [com.ebac.modulo39.dto.Usuario(45).nombre]
 |  \-DelayedCollectionFetch [com.ebac.modulo39.dto.Usuario(45).telefonos]

14-04-2025 11:40:53,128-06:00 [http-nio-8080-exec-6] DEBUG org.hibernate.orm.sql.ast.tree - SQL AST Tree:
    SelectStatement {
      FromClause {
        StandardTableGroup (u1 : com.ebac.modulo39.dto.Usuario(45)) {
          primaryTableReference : usuario as u1_0
        }
      }
    }

14-04-2025 11:40:53,128-06:00 [http-nio-8080-exec-6] DEBUG org.hibernate.orm.sql.exec - Skipping reading Query result cache data: cache-enabled = false, cache-mode = NORMAL
14-04-2025 11:40:53,128-06:00 [http-nio-8080-exec-6] DEBUG org.hibernate.SQL - select u1_0.id_usuario,u1_0.edad,u1_0.nombre from usuario u1_0
14-04-2025 11:40:53,133-06:00 [http-nio-8080-exec-6] DEBUG org.hibernate.orm.results - Initializer list:
	  com.ebac.modulo39.dto.Usuario(45).telefonos -> DelayedCollectionInitializer(com.ebac.modulo39.dto.Usuario(45).telefonos)@1419930750 (PluralAttribute(com.ebac.modulo39.dto.Usuario.telefonos))
	  com.ebac.modulo39.dto.Usuario(45) -> EntityJoinedFetchInitializer(com.ebac.modulo39.dto.Usuario(45))@360502348 (SingleTableEntityPersister(com.ebac.modulo39.dto.Usuario))

14-04-2025 11:40:53,134-06:00 [http-nio-8080-exec-6] DEBUG o.s.orm.jpa.JpaTransactionManager - Initiating transaction commit
14-04-2025 11:40:53,134-06:00 [http-nio-8080-exec-6] DEBUG o.s.orm.jpa.JpaTransactionManager - Committing JPA transaction on EntityManager [SessionImpl(1848913145<open>)]
14-04-2025 11:40:53,134-06:00 [http-nio-8080-exec-6] DEBUG o.h.e.t.internal.TransactionImpl - committing
14-04-2025 11:40:53,135-06:00 [http-nio-8080-exec-6] DEBUG o.s.jdbc.datasource.DataSourceUtils - Resetting read-only flag of JDBC Connection [HikariProxyConnection@1431685036 wrapping com.mysql.cj.jdbc.ConnectionImpl@6f989ff6]
14-04-2025 11:40:53,135-06:00 [http-nio-8080-exec-6] DEBUG o.s.orm.jpa.JpaTransactionManager - Not closing pre-bound JPA EntityManager after transaction
14-04-2025 11:40:53,136-06:00 [http-nio-8080-exec-6] DEBUG o.s.w.s.m.m.a.RequestResponseBodyMethodProcessor - Using 'application/json', given [*/*] and supported [application/json, application/*+json]
14-04-2025 11:40:53,136-06:00 [http-nio-8080-exec-6] DEBUG o.s.w.s.m.m.a.RequestResponseBodyMethodProcessor - Writing [com.ebac.modulo39.controller.ResponseWrapper@1e0bf679]
14-04-2025 11:40:53,137-06:00 [http-nio-8080-exec-6] DEBUG org.hibernate.orm.sql.exec - Skipping reading Query result cache data: cache-enabled = false, cache-mode = IGNORE
14-04-2025 11:40:53,137-06:00 [http-nio-8080-exec-6] DEBUG org.hibernate.SQL - select t1_0.id_usuario,t1_0.id_telefono,t1_0.lada,t1_0.numero,t1_0.tipo_telefono from telefono t1_0 where t1_0.id_usuario=?
14-04-2025 11:40:53,138-06:00 [http-nio-8080-exec-6] DEBUG o.h.s.results.internal.ResultsHelper - Collection fully initialized: [com.ebac.modulo39.dto.Usuario.telefonos#4]
14-04-2025 11:40:53,139-06:00 [http-nio-8080-exec-6] DEBUG org.hibernate.orm.sql.exec - Skipping reading Query result cache data: cache-enabled = false, cache-mode = IGNORE
14-04-2025 11:40:53,139-06:00 [http-nio-8080-exec-6] DEBUG org.hibernate.SQL - select t1_0.id_usuario,t1_0.id_telefono,t1_0.lada,t1_0.numero,t1_0.tipo_telefono from telefono t1_0 where t1_0.id_usuario=?
14-04-2025 11:40:53,140-06:00 [http-nio-8080-exec-6] DEBUG o.h.s.results.internal.ResultsHelper - Collection fully initialized: [com.ebac.modulo39.dto.Usuario.telefonos#5]
14-04-2025 11:40:53,140-06:00 [http-nio-8080-exec-6] DEBUG org.hibernate.orm.sql.exec - Skipping reading Query result cache data: cache-enabled = false, cache-mode = IGNORE
14-04-2025 11:40:53,140-06:00 [http-nio-8080-exec-6] DEBUG org.hibernate.SQL - select t1_0.id_usuario,t1_0.id_telefono,t1_0.lada,t1_0.numero,t1_0.tipo_telefono from telefono t1_0 where t1_0.id_usuario=?
14-04-2025 11:40:53,142-06:00 [http-nio-8080-exec-6] DEBUG o.h.s.results.internal.ResultsHelper - Collection fully initialized: [com.ebac.modulo39.dto.Usuario.telefonos#6]
14-04-2025 11:40:53,143-06:00 [http-nio-8080-exec-6] DEBUG o.s.o.j.s.OpenEntityManagerInViewInterceptor - Closing JPA EntityManager in OpenEntityManagerInViewInterceptor
14-04-2025 11:40:53,144-06:00 [http-nio-8080-exec-6] DEBUG o.s.web.servlet.DispatcherServlet - Completed 200 OK
14-04-2025 11:40:53,147-06:00 [http-nio-8080-exec-7] DEBUG o.s.web.servlet.DispatcherServlet - GET "/usuarios", parameters={}
14-04-2025 11:40:53,148-06:00 [http-nio-8080-exec-7] DEBUG o.s.w.s.m.m.a.RequestMappingHandlerMapping - Mapped to com.ebac.modulo39.controller.UsuarioController#obtenerUsuarios()
14-04-2025 11:40:53,148-06:00 [http-nio-8080-exec-7] DEBUG o.s.o.j.s.OpenEntityManagerInViewInterceptor - Opening JPA EntityManager in OpenEntityManagerInViewInterceptor
14-04-2025 11:40:53,149-06:00 [http-nio-8080-exec-7] INFO  c.e.m.controller.UsuarioController - Obteniendo usuarios
14-04-2025 11:40:53,149-06:00 [http-nio-8080-exec-7] INFO  c.e.m.controller.UsuarioController - Obteniendo usuarios
14-04-2025 11:40:53,149-06:00 [http-nio-8080-exec-7] DEBUG o.s.orm.jpa.JpaTransactionManager - Found thread-bound EntityManager [SessionImpl(1612146690<open>)] for JPA transaction
14-04-2025 11:40:53,149-06:00 [http-nio-8080-exec-7] DEBUG o.s.orm.jpa.JpaTransactionManager - Creating new transaction with name [org.springframework.data.jpa.repository.support.SimpleJpaRepository.findAll]: PROPAGATION_REQUIRED,ISOLATION_DEFAULT,readOnly
14-04-2025 11:40:53,149-06:00 [http-nio-8080-exec-7] DEBUG o.s.jdbc.datasource.DataSourceUtils - Setting JDBC Connection [HikariProxyConnection@556385207 wrapping com.mysql.cj.jdbc.ConnectionImpl@6f989ff6] read-only
14-04-2025 11:40:53,150-06:00 [http-nio-8080-exec-7] DEBUG o.h.e.t.internal.TransactionImpl - On TransactionImpl creation, JpaCompliance#isJpaTransactionComplianceEnabled == false
14-04-2025 11:40:53,150-06:00 [http-nio-8080-exec-7] DEBUG o.h.e.t.internal.TransactionImpl - begin
14-04-2025 11:40:53,151-06:00 [http-nio-8080-exec-7] DEBUG o.s.orm.jpa.JpaTransactionManager - Exposing JPA transaction as JDBC [org.springframework.orm.jpa.vendor.HibernateJpaDialect$HibernateConnectionHandle@18fbdeae]
14-04-2025 11:40:53,152-06:00 [http-nio-8080-exec-7] DEBUG org.hibernate.orm.sql.ast.create - Created new SQL alias : u1_0
14-04-2025 11:40:53,152-06:00 [http-nio-8080-exec-7] DEBUG org.hibernate.orm.sql.ast.create - Registration of TableGroup [StandardTableGroup(com.ebac.modulo39.dto.Usuario(46))] with identifierForTableGroup [com.ebac.modulo39.dto.Usuario] for NavigablePath [com.ebac.modulo39.dto.Usuario] 
14-04-2025 11:40:53,152-06:00 [http-nio-8080-exec-7] DEBUG org.hibernate.orm.results.graph.AST - DomainResult Graph:
 \-EntityResultImpl [com.ebac.modulo39.dto.Usuario(46)]
 |  +-BasicFetch [com.ebac.modulo39.dto.Usuario(46).edad]
 |  +-BasicFetch [com.ebac.modulo39.dto.Usuario(46).nombre]
 |  \-DelayedCollectionFetch [com.ebac.modulo39.dto.Usuario(46).telefonos]

14-04-2025 11:40:53,152-06:00 [http-nio-8080-exec-7] DEBUG org.hibernate.orm.sql.ast.tree - SQL AST Tree:
    SelectStatement {
      FromClause {
        StandardTableGroup (u1 : com.ebac.modulo39.dto.Usuario(46)) {
          primaryTableReference : usuario as u1_0
        }
      }
    }

14-04-2025 11:40:53,153-06:00 [http-nio-8080-exec-7] DEBUG org.hibernate.orm.sql.exec - Skipping reading Query result cache data: cache-enabled = false, cache-mode = NORMAL
14-04-2025 11:40:53,153-06:00 [http-nio-8080-exec-7] DEBUG org.hibernate.SQL - select u1_0.id_usuario,u1_0.edad,u1_0.nombre from usuario u1_0
14-04-2025 11:40:53,154-06:00 [http-nio-8080-exec-7] DEBUG org.hibernate.orm.results - Initializer list:
	  com.ebac.modulo39.dto.Usuario(46) -> EntityJoinedFetchInitializer(com.ebac.modulo39.dto.Usuario(46))@784473697 (SingleTableEntityPersister(com.ebac.modulo39.dto.Usuario))
	  com.ebac.modulo39.dto.Usuario(46).telefonos -> DelayedCollectionInitializer(com.ebac.modulo39.dto.Usuario(46).telefonos)@472972112 (PluralAttribute(com.ebac.modulo39.dto.Usuario.telefonos))

14-04-2025 11:40:53,155-06:00 [http-nio-8080-exec-7] DEBUG o.s.orm.jpa.JpaTransactionManager - Initiating transaction commit
14-04-2025 11:40:53,155-06:00 [http-nio-8080-exec-7] DEBUG o.s.orm.jpa.JpaTransactionManager - Committing JPA transaction on EntityManager [SessionImpl(1612146690<open>)]
14-04-2025 11:40:53,155-06:00 [http-nio-8080-exec-7] DEBUG o.h.e.t.internal.TransactionImpl - committing
14-04-2025 11:40:53,156-06:00 [http-nio-8080-exec-7] DEBUG o.s.jdbc.datasource.DataSourceUtils - Resetting read-only flag of JDBC Connection [HikariProxyConnection@556385207 wrapping com.mysql.cj.jdbc.ConnectionImpl@6f989ff6]
14-04-2025 11:40:53,157-06:00 [http-nio-8080-exec-7] DEBUG o.s.orm.jpa.JpaTransactionManager - Not closing pre-bound JPA EntityManager after transaction
14-04-2025 11:40:53,157-06:00 [http-nio-8080-exec-7] DEBUG o.s.w.s.m.m.a.RequestResponseBodyMethodProcessor - Using 'application/json', given [*/*] and supported [application/json, application/*+json]
14-04-2025 11:40:53,157-06:00 [http-nio-8080-exec-7] DEBUG o.s.w.s.m.m.a.RequestResponseBodyMethodProcessor - Writing [com.ebac.modulo39.controller.ResponseWrapper@6d013dc6]
14-04-2025 11:40:53,158-06:00 [http-nio-8080-exec-7] DEBUG org.hibernate.orm.sql.exec - Skipping reading Query result cache data: cache-enabled = false, cache-mode = IGNORE
14-04-2025 11:40:53,158-06:00 [http-nio-8080-exec-7] DEBUG org.hibernate.SQL - select t1_0.id_usuario,t1_0.id_telefono,t1_0.lada,t1_0.numero,t1_0.tipo_telefono from telefono t1_0 where t1_0.id_usuario=?
14-04-2025 11:40:53,159-06:00 [http-nio-8080-exec-7] DEBUG o.h.s.results.internal.ResultsHelper - Collection fully initialized: [com.ebac.modulo39.dto.Usuario.telefonos#4]
14-04-2025 11:40:53,160-06:00 [http-nio-8080-exec-7] DEBUG org.hibernate.orm.sql.exec - Skipping reading Query result cache data: cache-enabled = false, cache-mode = IGNORE
14-04-2025 11:40:53,161-06:00 [http-nio-8080-exec-7] DEBUG org.hibernate.SQL - select t1_0.id_usuario,t1_0.id_telefono,t1_0.lada,t1_0.numero,t1_0.tipo_telefono from telefono t1_0 where t1_0.id_usuario=?
14-04-2025 11:40:53,164-06:00 [http-nio-8080-exec-7] DEBUG o.h.s.results.internal.ResultsHelper - Collection fully initialized: [com.ebac.modulo39.dto.Usuario.telefonos#5]
14-04-2025 11:40:53,164-06:00 [http-nio-8080-exec-7] DEBUG org.hibernate.orm.sql.exec - Skipping reading Query result cache data: cache-enabled = false, cache-mode = IGNORE
14-04-2025 11:40:53,165-06:00 [http-nio-8080-exec-7] DEBUG org.hibernate.SQL - select t1_0.id_usuario,t1_0.id_telefono,t1_0.lada,t1_0.numero,t1_0.tipo_telefono from telefono t1_0 where t1_0.id_usuario=?
14-04-2025 11:40:53,166-06:00 [http-nio-8080-exec-7] DEBUG o.h.s.results.internal.ResultsHelper - Collection fully initialized: [com.ebac.modulo39.dto.Usuario.telefonos#6]
14-04-2025 11:40:53,166-06:00 [http-nio-8080-exec-7] DEBUG o.s.o.j.s.OpenEntityManagerInViewInterceptor - Closing JPA EntityManager in OpenEntityManagerInViewInterceptor
14-04-2025 11:40:53,166-06:00 [http-nio-8080-exec-7] DEBUG o.s.web.servlet.DispatcherServlet - Completed 200 OK
14-04-2025 11:41:06,725-06:00 [http-nio-8080-exec-5] DEBUG o.s.web.servlet.DispatcherServlet - OPTIONS "/usuarios/6", parameters={}
14-04-2025 11:41:06,726-06:00 [http-nio-8080-exec-5] DEBUG o.s.w.s.m.m.a.RequestMappingHandlerMapping - Mapped to com.ebac.modulo39.controller.UsuarioController#eliminarUsuario(Long)
14-04-2025 11:41:06,726-06:00 [http-nio-8080-exec-5] DEBUG o.s.o.j.s.OpenEntityManagerInViewInterceptor - Opening JPA EntityManager in OpenEntityManagerInViewInterceptor
14-04-2025 11:41:06,727-06:00 [http-nio-8080-exec-5] DEBUG o.s.o.j.s.OpenEntityManagerInViewInterceptor - Closing JPA EntityManager in OpenEntityManagerInViewInterceptor
14-04-2025 11:41:06,727-06:00 [http-nio-8080-exec-5] DEBUG o.s.web.servlet.DispatcherServlet - Completed 200 OK
14-04-2025 11:41:06,729-06:00 [http-nio-8080-exec-10] DEBUG o.s.web.servlet.DispatcherServlet - DELETE "/usuarios/6", parameters={}
14-04-2025 11:41:06,729-06:00 [http-nio-8080-exec-10] DEBUG o.s.w.s.m.m.a.RequestMappingHandlerMapping - Mapped to com.ebac.modulo39.controller.UsuarioController#eliminarUsuario(Long)
14-04-2025 11:41:06,730-06:00 [http-nio-8080-exec-10] DEBUG o.s.o.j.s.OpenEntityManagerInViewInterceptor - Opening JPA EntityManager in OpenEntityManagerInViewInterceptor
14-04-2025 11:41:06,730-06:00 [http-nio-8080-exec-10] DEBUG o.s.orm.jpa.JpaTransactionManager - Found thread-bound EntityManager [SessionImpl(10783258<open>)] for JPA transaction
14-04-2025 11:41:06,730-06:00 [http-nio-8080-exec-10] DEBUG o.s.orm.jpa.JpaTransactionManager - Creating new transaction with name [org.springframework.data.jpa.repository.support.SimpleJpaRepository.findById]: PROPAGATION_REQUIRED,ISOLATION_DEFAULT,readOnly
14-04-2025 11:41:06,731-06:00 [http-nio-8080-exec-10] DEBUG o.s.jdbc.datasource.DataSourceUtils - Setting JDBC Connection [HikariProxyConnection@1993939209 wrapping com.mysql.cj.jdbc.ConnectionImpl@6f989ff6] read-only
14-04-2025 11:41:06,731-06:00 [http-nio-8080-exec-10] DEBUG o.h.e.t.internal.TransactionImpl - On TransactionImpl creation, JpaCompliance#isJpaTransactionComplianceEnabled == false
14-04-2025 11:41:06,731-06:00 [http-nio-8080-exec-10] DEBUG o.h.e.t.internal.TransactionImpl - begin
14-04-2025 11:41:06,732-06:00 [http-nio-8080-exec-10] DEBUG o.s.orm.jpa.JpaTransactionManager - Exposing JPA transaction as JDBC [org.springframework.orm.jpa.vendor.HibernateJpaDialect$HibernateConnectionHandle@3c0334c2]
14-04-2025 11:41:06,732-06:00 [http-nio-8080-exec-10] DEBUG org.hibernate.orm.sql.exec - Skipping reading Query result cache data: cache-enabled = false, cache-mode = IGNORE
14-04-2025 11:41:06,733-06:00 [http-nio-8080-exec-10] DEBUG org.hibernate.SQL - select u1_0.id_usuario,u1_0.edad,u1_0.nombre from usuario u1_0 where u1_0.id_usuario=?
14-04-2025 11:41:06,735-06:00 [http-nio-8080-exec-10] DEBUG o.s.orm.jpa.JpaTransactionManager - Initiating transaction commit
14-04-2025 11:41:06,735-06:00 [http-nio-8080-exec-10] DEBUG o.s.orm.jpa.JpaTransactionManager - Committing JPA transaction on EntityManager [SessionImpl(10783258<open>)]
14-04-2025 11:41:06,735-06:00 [http-nio-8080-exec-10] DEBUG o.h.e.t.internal.TransactionImpl - committing
14-04-2025 11:41:06,735-06:00 [http-nio-8080-exec-10] DEBUG o.s.jdbc.datasource.DataSourceUtils - Resetting read-only flag of JDBC Connection [HikariProxyConnection@1993939209 wrapping com.mysql.cj.jdbc.ConnectionImpl@6f989ff6]
14-04-2025 11:41:06,735-06:00 [http-nio-8080-exec-10] DEBUG o.s.orm.jpa.JpaTransactionManager - Not closing pre-bound JPA EntityManager after transaction
14-04-2025 11:41:06,736-06:00 [http-nio-8080-exec-10] DEBUG o.s.orm.jpa.JpaTransactionManager - Found thread-bound EntityManager [SessionImpl(10783258<open>)] for JPA transaction
14-04-2025 11:41:06,736-06:00 [http-nio-8080-exec-10] DEBUG o.s.orm.jpa.JpaTransactionManager - Creating new transaction with name [org.springframework.data.jpa.repository.support.SimpleJpaRepository.deleteById]: PROPAGATION_REQUIRED,ISOLATION_DEFAULT
14-04-2025 11:41:06,736-06:00 [http-nio-8080-exec-10] DEBUG o.h.e.t.internal.TransactionImpl - begin
14-04-2025 11:41:06,736-06:00 [http-nio-8080-exec-10] DEBUG o.s.orm.jpa.JpaTransactionManager - Exposing JPA transaction as JDBC [org.springframework.orm.jpa.vendor.HibernateJpaDialect$HibernateConnectionHandle@52ac8ff2]
14-04-2025 11:41:06,737-06:00 [http-nio-8080-exec-10] DEBUG o.h.j.i.PersistenceUnitUtilImpl - jakarta.persistence.PersistenceUnitUtil.getIdentifier is only intended to work with enhanced entities (although Hibernate also adapts this support to its proxies); however the passed entity was not enhanced (nor a proxy).. may not be able to read identifier
14-04-2025 11:41:06,737-06:00 [http-nio-8080-exec-10] DEBUG org.hibernate.orm.sql.exec - Skipping reading Query result cache data: cache-enabled = false, cache-mode = IGNORE
14-04-2025 11:41:06,738-06:00 [http-nio-8080-exec-10] DEBUG org.hibernate.SQL - select t1_0.id_usuario,t1_0.id_telefono,t1_0.lada,t1_0.numero,t1_0.tipo_telefono from telefono t1_0 where t1_0.id_usuario=?
14-04-2025 11:41:06,739-06:00 [http-nio-8080-exec-10] DEBUG o.h.s.results.internal.ResultsHelper - Collection fully initialized: [com.ebac.modulo39.dto.Usuario.telefonos#6]
14-04-2025 11:41:06,739-06:00 [http-nio-8080-exec-10] DEBUG o.s.orm.jpa.JpaTransactionManager - Initiating transaction commit
14-04-2025 11:41:06,739-06:00 [http-nio-8080-exec-10] DEBUG o.s.orm.jpa.JpaTransactionManager - Committing JPA transaction on EntityManager [SessionImpl(10783258<open>)]
14-04-2025 11:41:06,739-06:00 [http-nio-8080-exec-10] DEBUG o.h.e.t.internal.TransactionImpl - committing
14-04-2025 11:41:06,739-06:00 [http-nio-8080-exec-10] DEBUG o.h.e.i.AbstractFlushingEventListener - Processing flush-time cascades
14-04-2025 11:41:06,740-06:00 [http-nio-8080-exec-10] DEBUG o.h.e.i.AbstractFlushingEventListener - Dirty checking collections
14-04-2025 11:41:06,740-06:00 [http-nio-8080-exec-10] DEBUG o.h.engine.internal.Collections - Collection dereferenced: [com.ebac.modulo39.dto.Usuario.telefonos#6]
14-04-2025 11:41:06,740-06:00 [http-nio-8080-exec-10] DEBUG o.h.e.i.AbstractFlushingEventListener - Flushed: 0 insertions, 0 updates, 1 deletions to 1 objects
14-04-2025 11:41:06,740-06:00 [http-nio-8080-exec-10] DEBUG o.h.e.i.AbstractFlushingEventListener - Flushed: 0 (re)creations, 0 updates, 1 removals to 1 collections
14-04-2025 11:41:06,740-06:00 [http-nio-8080-exec-10] DEBUG o.h.internal.util.EntityPrinter - Listing entities:
14-04-2025 11:41:06,741-06:00 [http-nio-8080-exec-10] DEBUG o.h.internal.util.EntityPrinter - com.ebac.modulo39.dto.Usuario{idUsuario=6, telefonos=[], edad=27, nombre=Carolina}
14-04-2025 11:41:06,741-06:00 [http-nio-8080-exec-10] DEBUG org.hibernate.SQL - delete from usuario where id_usuario=?
14-04-2025 11:41:06,748-06:00 [http-nio-8080-exec-10] DEBUG o.s.orm.jpa.JpaTransactionManager - Not closing pre-bound JPA EntityManager after transaction
14-04-2025 11:41:06,748-06:00 [http-nio-8080-exec-10] INFO  c.e.m.controller.UsuarioController - Usuario eliminado
14-04-2025 11:41:06,748-06:00 [http-nio-8080-exec-10] INFO  c.e.m.controller.UsuarioController - Usuario eliminado
14-04-2025 11:41:06,749-06:00 [http-nio-8080-exec-10] DEBUG o.s.w.s.m.m.a.RequestResponseBodyMethodProcessor - Using 'application/json', given [*/*] and supported [application/json, application/*+json]
14-04-2025 11:41:06,749-06:00 [http-nio-8080-exec-10] DEBUG o.s.w.s.m.m.a.RequestResponseBodyMethodProcessor - Writing [com.ebac.modulo39.controller.ResponseWrapper@5ad38159]
14-04-2025 11:41:06,750-06:00 [http-nio-8080-exec-10] DEBUG o.s.o.j.s.OpenEntityManagerInViewInterceptor - Closing JPA EntityManager in OpenEntityManagerInViewInterceptor
14-04-2025 11:41:06,750-06:00 [http-nio-8080-exec-10] DEBUG o.s.web.servlet.DispatcherServlet - Completed 200 OK
14-04-2025 11:41:10,891-06:00 [http-nio-8080-exec-2] DEBUG o.s.web.servlet.DispatcherServlet - OPTIONS "/usuarios/5", parameters={}
14-04-2025 11:41:10,892-06:00 [http-nio-8080-exec-2] DEBUG o.s.w.s.m.m.a.RequestMappingHandlerMapping - Mapped to com.ebac.modulo39.controller.UsuarioController#eliminarUsuario(Long)
14-04-2025 11:41:10,892-06:00 [http-nio-8080-exec-2] DEBUG o.s.o.j.s.OpenEntityManagerInViewInterceptor - Opening JPA EntityManager in OpenEntityManagerInViewInterceptor
14-04-2025 11:41:10,893-06:00 [http-nio-8080-exec-2] DEBUG o.s.o.j.s.OpenEntityManagerInViewInterceptor - Closing JPA EntityManager in OpenEntityManagerInViewInterceptor
14-04-2025 11:41:10,894-06:00 [http-nio-8080-exec-2] DEBUG o.s.web.servlet.DispatcherServlet - Completed 200 OK
14-04-2025 11:41:10,897-06:00 [http-nio-8080-exec-8] DEBUG o.s.web.servlet.DispatcherServlet - DELETE "/usuarios/5", parameters={}
14-04-2025 11:41:10,897-06:00 [http-nio-8080-exec-8] DEBUG o.s.w.s.m.m.a.RequestMappingHandlerMapping - Mapped to com.ebac.modulo39.controller.UsuarioController#eliminarUsuario(Long)
14-04-2025 11:41:10,898-06:00 [http-nio-8080-exec-8] DEBUG o.s.o.j.s.OpenEntityManagerInViewInterceptor - Opening JPA EntityManager in OpenEntityManagerInViewInterceptor
14-04-2025 11:41:10,898-06:00 [http-nio-8080-exec-8] DEBUG o.s.orm.jpa.JpaTransactionManager - Found thread-bound EntityManager [SessionImpl(765629698<open>)] for JPA transaction
14-04-2025 11:41:10,898-06:00 [http-nio-8080-exec-8] DEBUG o.s.orm.jpa.JpaTransactionManager - Creating new transaction with name [org.springframework.data.jpa.repository.support.SimpleJpaRepository.findById]: PROPAGATION_REQUIRED,ISOLATION_DEFAULT,readOnly
14-04-2025 11:41:10,899-06:00 [http-nio-8080-exec-8] DEBUG o.s.jdbc.datasource.DataSourceUtils - Setting JDBC Connection [HikariProxyConnection@778167334 wrapping com.mysql.cj.jdbc.ConnectionImpl@6f989ff6] read-only
14-04-2025 11:41:10,900-06:00 [http-nio-8080-exec-8] DEBUG o.h.e.t.internal.TransactionImpl - On TransactionImpl creation, JpaCompliance#isJpaTransactionComplianceEnabled == false
14-04-2025 11:41:10,900-06:00 [http-nio-8080-exec-8] DEBUG o.h.e.t.internal.TransactionImpl - begin
14-04-2025 11:41:10,900-06:00 [http-nio-8080-exec-8] DEBUG o.s.orm.jpa.JpaTransactionManager - Exposing JPA transaction as JDBC [org.springframework.orm.jpa.vendor.HibernateJpaDialect$HibernateConnectionHandle@990b637]
14-04-2025 11:41:10,901-06:00 [http-nio-8080-exec-8] DEBUG org.hibernate.orm.sql.exec - Skipping reading Query result cache data: cache-enabled = false, cache-mode = IGNORE
14-04-2025 11:41:10,901-06:00 [http-nio-8080-exec-8] DEBUG org.hibernate.SQL - select u1_0.id_usuario,u1_0.edad,u1_0.nombre from usuario u1_0 where u1_0.id_usuario=?
14-04-2025 11:41:10,902-06:00 [http-nio-8080-exec-8] DEBUG o.s.orm.jpa.JpaTransactionManager - Initiating transaction commit
14-04-2025 11:41:10,902-06:00 [http-nio-8080-exec-8] DEBUG o.s.orm.jpa.JpaTransactionManager - Committing JPA transaction on EntityManager [SessionImpl(765629698<open>)]
14-04-2025 11:41:10,902-06:00 [http-nio-8080-exec-8] DEBUG o.h.e.t.internal.TransactionImpl - committing
14-04-2025 11:41:10,903-06:00 [http-nio-8080-exec-8] DEBUG o.s.jdbc.datasource.DataSourceUtils - Resetting read-only flag of JDBC Connection [HikariProxyConnection@778167334 wrapping com.mysql.cj.jdbc.ConnectionImpl@6f989ff6]
14-04-2025 11:41:10,903-06:00 [http-nio-8080-exec-8] DEBUG o.s.orm.jpa.JpaTransactionManager - Not closing pre-bound JPA EntityManager after transaction
14-04-2025 11:41:10,904-06:00 [http-nio-8080-exec-8] DEBUG o.s.orm.jpa.JpaTransactionManager - Found thread-bound EntityManager [SessionImpl(765629698<open>)] for JPA transaction
14-04-2025 11:41:10,904-06:00 [http-nio-8080-exec-8] DEBUG o.s.orm.jpa.JpaTransactionManager - Creating new transaction with name [org.springframework.data.jpa.repository.support.SimpleJpaRepository.deleteById]: PROPAGATION_REQUIRED,ISOLATION_DEFAULT
14-04-2025 11:41:10,904-06:00 [http-nio-8080-exec-8] DEBUG o.h.e.t.internal.TransactionImpl - begin
14-04-2025 11:41:10,904-06:00 [http-nio-8080-exec-8] DEBUG o.s.orm.jpa.JpaTransactionManager - Exposing JPA transaction as JDBC [org.springframework.orm.jpa.vendor.HibernateJpaDialect$HibernateConnectionHandle@7bdf294c]
14-04-2025 11:41:10,905-06:00 [http-nio-8080-exec-8] DEBUG o.h.j.i.PersistenceUnitUtilImpl - jakarta.persistence.PersistenceUnitUtil.getIdentifier is only intended to work with enhanced entities (although Hibernate also adapts this support to its proxies); however the passed entity was not enhanced (nor a proxy).. may not be able to read identifier
14-04-2025 11:41:10,905-06:00 [http-nio-8080-exec-8] DEBUG org.hibernate.orm.sql.exec - Skipping reading Query result cache data: cache-enabled = false, cache-mode = IGNORE
14-04-2025 11:41:10,905-06:00 [http-nio-8080-exec-8] DEBUG org.hibernate.SQL - select t1_0.id_usuario,t1_0.id_telefono,t1_0.lada,t1_0.numero,t1_0.tipo_telefono from telefono t1_0 where t1_0.id_usuario=?
14-04-2025 11:41:10,906-06:00 [http-nio-8080-exec-8] DEBUG o.h.s.results.internal.ResultsHelper - Collection fully initialized: [com.ebac.modulo39.dto.Usuario.telefonos#5]
14-04-2025 11:41:10,907-06:00 [http-nio-8080-exec-8] DEBUG o.s.orm.jpa.JpaTransactionManager - Initiating transaction commit
14-04-2025 11:41:10,907-06:00 [http-nio-8080-exec-8] DEBUG o.s.orm.jpa.JpaTransactionManager - Committing JPA transaction on EntityManager [SessionImpl(765629698<open>)]
14-04-2025 11:41:10,907-06:00 [http-nio-8080-exec-8] DEBUG o.h.e.t.internal.TransactionImpl - committing
14-04-2025 11:41:10,907-06:00 [http-nio-8080-exec-8] DEBUG o.h.e.i.AbstractFlushingEventListener - Processing flush-time cascades
14-04-2025 11:41:10,908-06:00 [http-nio-8080-exec-8] DEBUG o.h.e.i.AbstractFlushingEventListener - Dirty checking collections
14-04-2025 11:41:10,908-06:00 [http-nio-8080-exec-8] DEBUG o.h.engine.internal.Collections - Collection dereferenced: [com.ebac.modulo39.dto.Usuario.telefonos#5]
14-04-2025 11:41:10,908-06:00 [http-nio-8080-exec-8] DEBUG o.h.e.i.AbstractFlushingEventListener - Flushed: 0 insertions, 0 updates, 1 deletions to 1 objects
14-04-2025 11:41:10,908-06:00 [http-nio-8080-exec-8] DEBUG o.h.e.i.AbstractFlushingEventListener - Flushed: 0 (re)creations, 0 updates, 1 removals to 1 collections
14-04-2025 11:41:10,908-06:00 [http-nio-8080-exec-8] DEBUG o.h.internal.util.EntityPrinter - Listing entities:
14-04-2025 11:41:10,908-06:00 [http-nio-8080-exec-8] DEBUG o.h.internal.util.EntityPrinter - com.ebac.modulo39.dto.Usuario{idUsuario=5, telefonos=[], edad=40, nombre=Gloria Choza}
14-04-2025 11:41:10,909-06:00 [http-nio-8080-exec-8] DEBUG org.hibernate.SQL - delete from usuario where id_usuario=?
14-04-2025 11:41:10,914-06:00 [http-nio-8080-exec-8] DEBUG o.s.orm.jpa.JpaTransactionManager - Not closing pre-bound JPA EntityManager after transaction
14-04-2025 11:41:10,914-06:00 [http-nio-8080-exec-8] INFO  c.e.m.controller.UsuarioController - Usuario eliminado
14-04-2025 11:41:10,914-06:00 [http-nio-8080-exec-8] INFO  c.e.m.controller.UsuarioController - Usuario eliminado
14-04-2025 11:41:10,915-06:00 [http-nio-8080-exec-8] DEBUG o.s.w.s.m.m.a.RequestResponseBodyMethodProcessor - Using 'application/json', given [*/*] and supported [application/json, application/*+json]
14-04-2025 11:41:10,916-06:00 [http-nio-8080-exec-8] DEBUG o.s.w.s.m.m.a.RequestResponseBodyMethodProcessor - Writing [com.ebac.modulo39.controller.ResponseWrapper@b5ccb38]
14-04-2025 11:41:10,916-06:00 [http-nio-8080-exec-8] DEBUG o.s.o.j.s.OpenEntityManagerInViewInterceptor - Closing JPA EntityManager in OpenEntityManagerInViewInterceptor
14-04-2025 11:41:10,917-06:00 [http-nio-8080-exec-8] DEBUG o.s.web.servlet.DispatcherServlet - Completed 200 OK
14-04-2025 11:41:17,952-06:00 [HikariPool-1 housekeeper] DEBUG com.zaxxer.hikari.pool.HikariPool - HikariPool-1 - Pool stats (total=10, active=0, idle=10, waiting=0)
14-04-2025 11:41:17,952-06:00 [HikariPool-1 housekeeper] DEBUG com.zaxxer.hikari.pool.HikariPool - HikariPool-1 - Fill pool skipped, pool has sufficient level or currently being filled.
14-04-2025 11:41:34,230-06:00 [http-nio-8080-exec-9] DEBUG o.s.web.servlet.DispatcherServlet - POST "/usuarios", parameters={}
14-04-2025 11:41:34,231-06:00 [http-nio-8080-exec-9] DEBUG o.s.w.s.m.m.a.RequestMappingHandlerMapping - Mapped to com.ebac.modulo39.controller.UsuarioController#crearUsuario(Usuario)
14-04-2025 11:41:34,231-06:00 [http-nio-8080-exec-9] DEBUG o.s.o.j.s.OpenEntityManagerInViewInterceptor - Opening JPA EntityManager in OpenEntityManagerInViewInterceptor
14-04-2025 11:41:34,232-06:00 [http-nio-8080-exec-9] DEBUG o.s.w.s.m.m.a.RequestResponseBodyMethodProcessor - Read "application/json;charset=UTF-8" to [Usuario(idUsuario=null, nombre=Emilio Ortega, edad=33, telefonos=[])]
14-04-2025 11:41:34,232-06:00 [http-nio-8080-exec-9] DEBUG o.s.orm.jpa.JpaTransactionManager - Found thread-bound EntityManager [SessionImpl(415168265<open>)] for JPA transaction
14-04-2025 11:41:34,233-06:00 [http-nio-8080-exec-9] DEBUG o.s.orm.jpa.JpaTransactionManager - Creating new transaction with name [org.springframework.data.jpa.repository.support.SimpleJpaRepository.save]: PROPAGATION_REQUIRED,ISOLATION_DEFAULT
14-04-2025 11:41:34,233-06:00 [http-nio-8080-exec-9] DEBUG o.h.e.t.internal.TransactionImpl - On TransactionImpl creation, JpaCompliance#isJpaTransactionComplianceEnabled == false
14-04-2025 11:41:34,233-06:00 [http-nio-8080-exec-9] DEBUG o.h.e.t.internal.TransactionImpl - begin
14-04-2025 11:41:34,234-06:00 [http-nio-8080-exec-9] DEBUG o.s.orm.jpa.JpaTransactionManager - Exposing JPA transaction as JDBC [org.springframework.orm.jpa.vendor.HibernateJpaDialect$HibernateConnectionHandle@18834f93]
14-04-2025 11:41:34,234-06:00 [http-nio-8080-exec-9] DEBUG o.h.j.i.PersistenceUnitUtilImpl - jakarta.persistence.PersistenceUnitUtil.getIdentifier is only intended to work with enhanced entities (although Hibernate also adapts this support to its proxies); however the passed entity was not enhanced (nor a proxy).. may not be able to read identifier
14-04-2025 11:41:34,234-06:00 [http-nio-8080-exec-9] DEBUG o.hibernate.engine.spi.ActionQueue - Executing identity-insert immediately
14-04-2025 11:41:34,235-06:00 [http-nio-8080-exec-9] DEBUG org.hibernate.SQL - insert into usuario (edad,nombre) values (?,?)
14-04-2025 11:41:34,237-06:00 [http-nio-8080-exec-9] DEBUG org.hibernate.orm.results - Initializer list is empty
14-04-2025 11:41:34,237-06:00 [http-nio-8080-exec-9] DEBUG o.h.id.IdentifierGeneratorHelper - Extracted generated values [com.ebac.modulo39.dto.Usuario]: [Ljava.lang.Object;@505ea5fa
14-04-2025 11:41:34,238-06:00 [http-nio-8080-exec-9] DEBUG o.s.orm.jpa.JpaTransactionManager - Initiating transaction commit
14-04-2025 11:41:34,238-06:00 [http-nio-8080-exec-9] DEBUG o.s.orm.jpa.JpaTransactionManager - Committing JPA transaction on EntityManager [SessionImpl(415168265<open>)]
14-04-2025 11:41:34,238-06:00 [http-nio-8080-exec-9] DEBUG o.h.e.t.internal.TransactionImpl - committing
14-04-2025 11:41:34,238-06:00 [http-nio-8080-exec-9] DEBUG o.h.e.i.AbstractFlushingEventListener - Processing flush-time cascades
14-04-2025 11:41:34,239-06:00 [http-nio-8080-exec-9] DEBUG o.h.e.i.AbstractFlushingEventListener - Dirty checking collections
14-04-2025 11:41:34,239-06:00 [http-nio-8080-exec-9] DEBUG o.h.engine.internal.Collections - Collection found: [com.ebac.modulo39.dto.Usuario.telefonos#7], was: [<unreferenced>] (initialized)
14-04-2025 11:41:34,239-06:00 [http-nio-8080-exec-9] DEBUG o.h.e.i.AbstractFlushingEventListener - Flushed: 0 insertions, 0 updates, 0 deletions to 1 objects
14-04-2025 11:41:34,240-06:00 [http-nio-8080-exec-9] DEBUG o.h.e.i.AbstractFlushingEventListener - Flushed: 1 (re)creations, 0 updates, 0 removals to 1 collections
14-04-2025 11:41:34,240-06:00 [http-nio-8080-exec-9] DEBUG o.h.internal.util.EntityPrinter - Listing entities:
14-04-2025 11:41:34,240-06:00 [http-nio-8080-exec-9] DEBUG o.h.internal.util.EntityPrinter - com.ebac.modulo39.dto.Usuario{idUsuario=7, telefonos=[], edad=33, nombre=Emilio Ortega}
14-04-2025 11:41:34,246-06:00 [http-nio-8080-exec-9] DEBUG o.s.orm.jpa.JpaTransactionManager - Not closing pre-bound JPA EntityManager after transaction
14-04-2025 11:41:34,246-06:00 [http-nio-8080-exec-9] INFO  c.e.m.controller.UsuarioController - Usuario creado
14-04-2025 11:41:34,246-06:00 [http-nio-8080-exec-9] INFO  c.e.m.controller.UsuarioController - Usuario creado
14-04-2025 11:41:34,247-06:00 [http-nio-8080-exec-9] DEBUG o.s.w.s.m.m.a.RequestResponseBodyMethodProcessor - Using 'application/json', given [*/*] and supported [application/json, application/*+json]
14-04-2025 11:41:34,248-06:00 [http-nio-8080-exec-9] DEBUG o.s.w.s.m.m.a.RequestResponseBodyMethodProcessor - Writing [com.ebac.modulo39.controller.ResponseWrapper@3b269d55]
14-04-2025 11:41:34,249-06:00 [http-nio-8080-exec-9] DEBUG o.s.o.j.s.OpenEntityManagerInViewInterceptor - Closing JPA EntityManager in OpenEntityManagerInViewInterceptor
14-04-2025 11:41:34,249-06:00 [http-nio-8080-exec-9] DEBUG o.s.web.servlet.DispatcherServlet - Completed 200 OK
14-04-2025 11:41:42,529-06:00 [http-nio-8080-exec-1] DEBUG o.s.web.servlet.DispatcherServlet - GET "/usuarios", parameters={}
14-04-2025 11:41:42,530-06:00 [http-nio-8080-exec-1] DEBUG o.s.w.s.m.m.a.RequestMappingHandlerMapping - Mapped to com.ebac.modulo39.controller.UsuarioController#obtenerUsuarios()
14-04-2025 11:41:42,530-06:00 [http-nio-8080-exec-1] DEBUG o.s.o.j.s.OpenEntityManagerInViewInterceptor - Opening JPA EntityManager in OpenEntityManagerInViewInterceptor
14-04-2025 11:41:42,531-06:00 [http-nio-8080-exec-1] INFO  c.e.m.controller.UsuarioController - Obteniendo usuarios
14-04-2025 11:41:42,531-06:00 [http-nio-8080-exec-1] INFO  c.e.m.controller.UsuarioController - Obteniendo usuarios
14-04-2025 11:41:42,531-06:00 [http-nio-8080-exec-1] DEBUG o.s.orm.jpa.JpaTransactionManager - Found thread-bound EntityManager [SessionImpl(2019276263<open>)] for JPA transaction
14-04-2025 11:41:42,531-06:00 [http-nio-8080-exec-1] DEBUG o.s.orm.jpa.JpaTransactionManager - Creating new transaction with name [org.springframework.data.jpa.repository.support.SimpleJpaRepository.findAll]: PROPAGATION_REQUIRED,ISOLATION_DEFAULT,readOnly
14-04-2025 11:41:42,532-06:00 [http-nio-8080-exec-1] DEBUG o.s.jdbc.datasource.DataSourceUtils - Setting JDBC Connection [HikariProxyConnection@261975392 wrapping com.mysql.cj.jdbc.ConnectionImpl@6f989ff6] read-only
14-04-2025 11:41:42,532-06:00 [http-nio-8080-exec-1] DEBUG o.h.e.t.internal.TransactionImpl - On TransactionImpl creation, JpaCompliance#isJpaTransactionComplianceEnabled == false
14-04-2025 11:41:42,533-06:00 [http-nio-8080-exec-1] DEBUG o.h.e.t.internal.TransactionImpl - begin
14-04-2025 11:41:42,533-06:00 [http-nio-8080-exec-1] DEBUG o.s.orm.jpa.JpaTransactionManager - Exposing JPA transaction as JDBC [org.springframework.orm.jpa.vendor.HibernateJpaDialect$HibernateConnectionHandle@6617a33d]
14-04-2025 11:41:42,534-06:00 [http-nio-8080-exec-1] DEBUG org.hibernate.orm.sql.ast.create - Created new SQL alias : u1_0
14-04-2025 11:41:42,534-06:00 [http-nio-8080-exec-1] DEBUG org.hibernate.orm.sql.ast.create - Registration of TableGroup [StandardTableGroup(com.ebac.modulo39.dto.Usuario(47))] with identifierForTableGroup [com.ebac.modulo39.dto.Usuario] for NavigablePath [com.ebac.modulo39.dto.Usuario] 
14-04-2025 11:41:42,535-06:00 [http-nio-8080-exec-1] DEBUG org.hibernate.orm.results.graph.AST - DomainResult Graph:
 \-EntityResultImpl [com.ebac.modulo39.dto.Usuario(47)]
 |  +-BasicFetch [com.ebac.modulo39.dto.Usuario(47).edad]
 |  +-BasicFetch [com.ebac.modulo39.dto.Usuario(47).nombre]
 |  \-DelayedCollectionFetch [com.ebac.modulo39.dto.Usuario(47).telefonos]

14-04-2025 11:41:42,535-06:00 [http-nio-8080-exec-1] DEBUG org.hibernate.orm.sql.ast.tree - SQL AST Tree:
    SelectStatement {
      FromClause {
        StandardTableGroup (u1 : com.ebac.modulo39.dto.Usuario(47)) {
          primaryTableReference : usuario as u1_0
        }
      }
    }

14-04-2025 11:41:42,535-06:00 [http-nio-8080-exec-1] DEBUG org.hibernate.orm.sql.exec - Skipping reading Query result cache data: cache-enabled = false, cache-mode = NORMAL
14-04-2025 11:41:42,535-06:00 [http-nio-8080-exec-1] DEBUG org.hibernate.SQL - select u1_0.id_usuario,u1_0.edad,u1_0.nombre from usuario u1_0
14-04-2025 11:41:42,537-06:00 [http-nio-8080-exec-1] DEBUG org.hibernate.orm.results - Initializer list:
	  com.ebac.modulo39.dto.Usuario(47) -> EntityJoinedFetchInitializer(com.ebac.modulo39.dto.Usuario(47))@1906203444 (SingleTableEntityPersister(com.ebac.modulo39.dto.Usuario))
	  com.ebac.modulo39.dto.Usuario(47).telefonos -> DelayedCollectionInitializer(com.ebac.modulo39.dto.Usuario(47).telefonos)@1207955616 (PluralAttribute(com.ebac.modulo39.dto.Usuario.telefonos))

14-04-2025 11:41:42,538-06:00 [http-nio-8080-exec-1] DEBUG o.s.orm.jpa.JpaTransactionManager - Initiating transaction commit
14-04-2025 11:41:42,538-06:00 [http-nio-8080-exec-1] DEBUG o.s.orm.jpa.JpaTransactionManager - Committing JPA transaction on EntityManager [SessionImpl(2019276263<open>)]
14-04-2025 11:41:42,538-06:00 [http-nio-8080-exec-1] DEBUG o.h.e.t.internal.TransactionImpl - committing
14-04-2025 11:41:42,540-06:00 [http-nio-8080-exec-1] DEBUG o.s.jdbc.datasource.DataSourceUtils - Resetting read-only flag of JDBC Connection [HikariProxyConnection@261975392 wrapping com.mysql.cj.jdbc.ConnectionImpl@6f989ff6]
14-04-2025 11:41:42,540-06:00 [http-nio-8080-exec-1] DEBUG o.s.orm.jpa.JpaTransactionManager - Not closing pre-bound JPA EntityManager after transaction
14-04-2025 11:41:42,541-06:00 [http-nio-8080-exec-1] DEBUG o.s.w.s.m.m.a.RequestResponseBodyMethodProcessor - Using 'application/json', given [*/*] and supported [application/json, application/*+json]
14-04-2025 11:41:42,541-06:00 [http-nio-8080-exec-1] DEBUG o.s.w.s.m.m.a.RequestResponseBodyMethodProcessor - Writing [com.ebac.modulo39.controller.ResponseWrapper@28a40a39]
14-04-2025 11:41:42,542-06:00 [http-nio-8080-exec-1] DEBUG org.hibernate.orm.sql.exec - Skipping reading Query result cache data: cache-enabled = false, cache-mode = IGNORE
14-04-2025 11:41:42,542-06:00 [http-nio-8080-exec-1] DEBUG org.hibernate.SQL - select t1_0.id_usuario,t1_0.id_telefono,t1_0.lada,t1_0.numero,t1_0.tipo_telefono from telefono t1_0 where t1_0.id_usuario=?
14-04-2025 11:41:42,544-06:00 [http-nio-8080-exec-1] DEBUG o.h.s.results.internal.ResultsHelper - Collection fully initialized: [com.ebac.modulo39.dto.Usuario.telefonos#4]
14-04-2025 11:41:42,544-06:00 [http-nio-8080-exec-1] DEBUG org.hibernate.orm.sql.exec - Skipping reading Query result cache data: cache-enabled = false, cache-mode = IGNORE
14-04-2025 11:41:42,545-06:00 [http-nio-8080-exec-1] DEBUG org.hibernate.SQL - select t1_0.id_usuario,t1_0.id_telefono,t1_0.lada,t1_0.numero,t1_0.tipo_telefono from telefono t1_0 where t1_0.id_usuario=?
14-04-2025 11:41:42,547-06:00 [http-nio-8080-exec-1] DEBUG o.h.s.results.internal.ResultsHelper - Collection fully initialized: [com.ebac.modulo39.dto.Usuario.telefonos#7]
14-04-2025 11:41:42,550-06:00 [http-nio-8080-exec-1] DEBUG o.s.o.j.s.OpenEntityManagerInViewInterceptor - Closing JPA EntityManager in OpenEntityManagerInViewInterceptor
14-04-2025 11:41:42,550-06:00 [http-nio-8080-exec-1] DEBUG o.s.web.servlet.DispatcherServlet - Completed 200 OK
14-04-2025 11:41:42,552-06:00 [http-nio-8080-exec-3] DEBUG o.s.web.servlet.DispatcherServlet - GET "/usuarios", parameters={}
14-04-2025 11:41:42,553-06:00 [http-nio-8080-exec-3] DEBUG o.s.w.s.m.m.a.RequestMappingHandlerMapping - Mapped to com.ebac.modulo39.controller.UsuarioController#obtenerUsuarios()
14-04-2025 11:41:42,554-06:00 [http-nio-8080-exec-3] DEBUG o.s.o.j.s.OpenEntityManagerInViewInterceptor - Opening JPA EntityManager in OpenEntityManagerInViewInterceptor
14-04-2025 11:41:42,555-06:00 [http-nio-8080-exec-3] INFO  c.e.m.controller.UsuarioController - Obteniendo usuarios
14-04-2025 11:41:42,555-06:00 [http-nio-8080-exec-3] INFO  c.e.m.controller.UsuarioController - Obteniendo usuarios
14-04-2025 11:41:42,557-06:00 [http-nio-8080-exec-3] DEBUG o.s.orm.jpa.JpaTransactionManager - Found thread-bound EntityManager [SessionImpl(1756878167<open>)] for JPA transaction
14-04-2025 11:41:42,557-06:00 [http-nio-8080-exec-3] DEBUG o.s.orm.jpa.JpaTransactionManager - Creating new transaction with name [org.springframework.data.jpa.repository.support.SimpleJpaRepository.findAll]: PROPAGATION_REQUIRED,ISOLATION_DEFAULT,readOnly
14-04-2025 11:41:42,557-06:00 [http-nio-8080-exec-3] DEBUG o.s.jdbc.datasource.DataSourceUtils - Setting JDBC Connection [HikariProxyConnection@929300455 wrapping com.mysql.cj.jdbc.ConnectionImpl@6f989ff6] read-only
14-04-2025 11:41:42,558-06:00 [http-nio-8080-exec-3] DEBUG o.h.e.t.internal.TransactionImpl - On TransactionImpl creation, JpaCompliance#isJpaTransactionComplianceEnabled == false
14-04-2025 11:41:42,558-06:00 [http-nio-8080-exec-3] DEBUG o.h.e.t.internal.TransactionImpl - begin
14-04-2025 11:41:42,558-06:00 [http-nio-8080-exec-3] DEBUG o.s.orm.jpa.JpaTransactionManager - Exposing JPA transaction as JDBC [org.springframework.orm.jpa.vendor.HibernateJpaDialect$HibernateConnectionHandle@4f55650b]
14-04-2025 11:41:42,559-06:00 [http-nio-8080-exec-3] DEBUG org.hibernate.orm.sql.ast.create - Created new SQL alias : u1_0
14-04-2025 11:41:42,559-06:00 [http-nio-8080-exec-3] DEBUG org.hibernate.orm.sql.ast.create - Registration of TableGroup [StandardTableGroup(com.ebac.modulo39.dto.Usuario(48))] with identifierForTableGroup [com.ebac.modulo39.dto.Usuario] for NavigablePath [com.ebac.modulo39.dto.Usuario] 
14-04-2025 11:41:42,560-06:00 [http-nio-8080-exec-3] DEBUG org.hibernate.orm.results.graph.AST - DomainResult Graph:
 \-EntityResultImpl [com.ebac.modulo39.dto.Usuario(48)]
 |  +-BasicFetch [com.ebac.modulo39.dto.Usuario(48).edad]
 |  +-BasicFetch [com.ebac.modulo39.dto.Usuario(48).nombre]
 |  \-DelayedCollectionFetch [com.ebac.modulo39.dto.Usuario(48).telefonos]

14-04-2025 11:41:42,560-06:00 [http-nio-8080-exec-3] DEBUG org.hibernate.orm.sql.ast.tree - SQL AST Tree:
    SelectStatement {
      FromClause {
        StandardTableGroup (u1 : com.ebac.modulo39.dto.Usuario(48)) {
          primaryTableReference : usuario as u1_0
        }
      }
    }

14-04-2025 11:41:42,561-06:00 [http-nio-8080-exec-3] DEBUG org.hibernate.orm.sql.exec - Skipping reading Query result cache data: cache-enabled = false, cache-mode = NORMAL
14-04-2025 11:41:42,561-06:00 [http-nio-8080-exec-3] DEBUG org.hibernate.SQL - select u1_0.id_usuario,u1_0.edad,u1_0.nombre from usuario u1_0
14-04-2025 11:41:42,562-06:00 [http-nio-8080-exec-3] DEBUG org.hibernate.orm.results - Initializer list:
	  com.ebac.modulo39.dto.Usuario(48) -> EntityJoinedFetchInitializer(com.ebac.modulo39.dto.Usuario(48))@188513107 (SingleTableEntityPersister(com.ebac.modulo39.dto.Usuario))
	  com.ebac.modulo39.dto.Usuario(48).telefonos -> DelayedCollectionInitializer(com.ebac.modulo39.dto.Usuario(48).telefonos)@1277859212 (PluralAttribute(com.ebac.modulo39.dto.Usuario.telefonos))

14-04-2025 11:41:42,563-06:00 [http-nio-8080-exec-3] DEBUG o.s.orm.jpa.JpaTransactionManager - Initiating transaction commit
14-04-2025 11:41:42,563-06:00 [http-nio-8080-exec-3] DEBUG o.s.orm.jpa.JpaTransactionManager - Committing JPA transaction on EntityManager [SessionImpl(1756878167<open>)]
14-04-2025 11:41:42,563-06:00 [http-nio-8080-exec-3] DEBUG o.h.e.t.internal.TransactionImpl - committing
14-04-2025 11:41:42,564-06:00 [http-nio-8080-exec-3] DEBUG o.s.jdbc.datasource.DataSourceUtils - Resetting read-only flag of JDBC Connection [HikariProxyConnection@929300455 wrapping com.mysql.cj.jdbc.ConnectionImpl@6f989ff6]
14-04-2025 11:41:42,564-06:00 [http-nio-8080-exec-3] DEBUG o.s.orm.jpa.JpaTransactionManager - Not closing pre-bound JPA EntityManager after transaction
14-04-2025 11:41:42,565-06:00 [http-nio-8080-exec-3] DEBUG o.s.w.s.m.m.a.RequestResponseBodyMethodProcessor - Using 'application/json', given [*/*] and supported [application/json, application/*+json]
14-04-2025 11:41:42,565-06:00 [http-nio-8080-exec-3] DEBUG o.s.w.s.m.m.a.RequestResponseBodyMethodProcessor - Writing [com.ebac.modulo39.controller.ResponseWrapper@2836ff55]
14-04-2025 11:41:42,566-06:00 [http-nio-8080-exec-3] DEBUG org.hibernate.orm.sql.exec - Skipping reading Query result cache data: cache-enabled = false, cache-mode = IGNORE
14-04-2025 11:41:42,566-06:00 [http-nio-8080-exec-3] DEBUG org.hibernate.SQL - select t1_0.id_usuario,t1_0.id_telefono,t1_0.lada,t1_0.numero,t1_0.tipo_telefono from telefono t1_0 where t1_0.id_usuario=?
14-04-2025 11:41:42,567-06:00 [http-nio-8080-exec-3] DEBUG o.h.s.results.internal.ResultsHelper - Collection fully initialized: [com.ebac.modulo39.dto.Usuario.telefonos#4]
14-04-2025 11:41:42,568-06:00 [http-nio-8080-exec-3] DEBUG org.hibernate.orm.sql.exec - Skipping reading Query result cache data: cache-enabled = false, cache-mode = IGNORE
14-04-2025 11:41:42,568-06:00 [http-nio-8080-exec-3] DEBUG org.hibernate.SQL - select t1_0.id_usuario,t1_0.id_telefono,t1_0.lada,t1_0.numero,t1_0.tipo_telefono from telefono t1_0 where t1_0.id_usuario=?
14-04-2025 11:41:42,570-06:00 [http-nio-8080-exec-3] DEBUG o.h.s.results.internal.ResultsHelper - Collection fully initialized: [com.ebac.modulo39.dto.Usuario.telefonos#7]
14-04-2025 11:41:42,572-06:00 [http-nio-8080-exec-3] DEBUG o.s.o.j.s.OpenEntityManagerInViewInterceptor - Closing JPA EntityManager in OpenEntityManagerInViewInterceptor
14-04-2025 11:41:42,573-06:00 [http-nio-8080-exec-3] DEBUG o.s.web.servlet.DispatcherServlet - Completed 200 OK
14-04-2025 11:41:47,963-06:00 [HikariPool-1 housekeeper] DEBUG com.zaxxer.hikari.pool.HikariPool - HikariPool-1 - Pool stats (total=10, active=0, idle=10, waiting=0)
14-04-2025 11:41:47,963-06:00 [HikariPool-1 housekeeper] DEBUG com.zaxxer.hikari.pool.HikariPool - HikariPool-1 - Fill pool skipped, pool has sufficient level or currently being filled.
14-04-2025 11:41:48,015-06:00 [http-nio-8080-exec-4] DEBUG o.s.web.servlet.DispatcherServlet - OPTIONS "/usuarios/7", parameters={}
14-04-2025 11:41:48,016-06:00 [http-nio-8080-exec-4] DEBUG o.s.w.s.m.m.a.RequestMappingHandlerMapping - Mapped to com.ebac.modulo39.controller.UsuarioController#eliminarUsuario(Long)
14-04-2025 11:41:48,016-06:00 [http-nio-8080-exec-4] DEBUG o.s.o.j.s.OpenEntityManagerInViewInterceptor - Opening JPA EntityManager in OpenEntityManagerInViewInterceptor
14-04-2025 11:41:48,016-06:00 [http-nio-8080-exec-4] DEBUG o.s.o.j.s.OpenEntityManagerInViewInterceptor - Closing JPA EntityManager in OpenEntityManagerInViewInterceptor
14-04-2025 11:41:48,017-06:00 [http-nio-8080-exec-4] DEBUG o.s.web.servlet.DispatcherServlet - Completed 200 OK
14-04-2025 11:41:48,018-06:00 [http-nio-8080-exec-6] DEBUG o.s.web.servlet.DispatcherServlet - DELETE "/usuarios/7", parameters={}
14-04-2025 11:41:48,019-06:00 [http-nio-8080-exec-6] DEBUG o.s.w.s.m.m.a.RequestMappingHandlerMapping - Mapped to com.ebac.modulo39.controller.UsuarioController#eliminarUsuario(Long)
14-04-2025 11:41:48,019-06:00 [http-nio-8080-exec-6] DEBUG o.s.o.j.s.OpenEntityManagerInViewInterceptor - Opening JPA EntityManager in OpenEntityManagerInViewInterceptor
14-04-2025 11:41:48,020-06:00 [http-nio-8080-exec-6] DEBUG o.s.orm.jpa.JpaTransactionManager - Found thread-bound EntityManager [SessionImpl(204638773<open>)] for JPA transaction
14-04-2025 11:41:48,020-06:00 [http-nio-8080-exec-6] DEBUG o.s.orm.jpa.JpaTransactionManager - Creating new transaction with name [org.springframework.data.jpa.repository.support.SimpleJpaRepository.findById]: PROPAGATION_REQUIRED,ISOLATION_DEFAULT,readOnly
14-04-2025 11:41:48,021-06:00 [http-nio-8080-exec-6] DEBUG o.s.jdbc.datasource.DataSourceUtils - Setting JDBC Connection [HikariProxyConnection@920639430 wrapping com.mysql.cj.jdbc.ConnectionImpl@6f989ff6] read-only
14-04-2025 11:41:48,021-06:00 [http-nio-8080-exec-6] DEBUG o.h.e.t.internal.TransactionImpl - On TransactionImpl creation, JpaCompliance#isJpaTransactionComplianceEnabled == false
14-04-2025 11:41:48,021-06:00 [http-nio-8080-exec-6] DEBUG o.h.e.t.internal.TransactionImpl - begin
14-04-2025 11:41:48,022-06:00 [http-nio-8080-exec-6] DEBUG o.s.orm.jpa.JpaTransactionManager - Exposing JPA transaction as JDBC [org.springframework.orm.jpa.vendor.HibernateJpaDialect$HibernateConnectionHandle@6951e7dc]
14-04-2025 11:41:48,022-06:00 [http-nio-8080-exec-6] DEBUG org.hibernate.orm.sql.exec - Skipping reading Query result cache data: cache-enabled = false, cache-mode = IGNORE
14-04-2025 11:41:48,022-06:00 [http-nio-8080-exec-6] DEBUG org.hibernate.SQL - select u1_0.id_usuario,u1_0.edad,u1_0.nombre from usuario u1_0 where u1_0.id_usuario=?
14-04-2025 11:41:48,023-06:00 [http-nio-8080-exec-6] DEBUG o.s.orm.jpa.JpaTransactionManager - Initiating transaction commit
14-04-2025 11:41:48,024-06:00 [http-nio-8080-exec-6] DEBUG o.s.orm.jpa.JpaTransactionManager - Committing JPA transaction on EntityManager [SessionImpl(204638773<open>)]
14-04-2025 11:41:48,024-06:00 [http-nio-8080-exec-6] DEBUG o.h.e.t.internal.TransactionImpl - committing
14-04-2025 11:41:48,024-06:00 [http-nio-8080-exec-6] DEBUG o.s.jdbc.datasource.DataSourceUtils - Resetting read-only flag of JDBC Connection [HikariProxyConnection@920639430 wrapping com.mysql.cj.jdbc.ConnectionImpl@6f989ff6]
14-04-2025 11:41:48,025-06:00 [http-nio-8080-exec-6] DEBUG o.s.orm.jpa.JpaTransactionManager - Not closing pre-bound JPA EntityManager after transaction
14-04-2025 11:41:48,025-06:00 [http-nio-8080-exec-6] DEBUG o.s.orm.jpa.JpaTransactionManager - Found thread-bound EntityManager [SessionImpl(204638773<open>)] for JPA transaction
14-04-2025 11:41:48,025-06:00 [http-nio-8080-exec-6] DEBUG o.s.orm.jpa.JpaTransactionManager - Creating new transaction with name [org.springframework.data.jpa.repository.support.SimpleJpaRepository.deleteById]: PROPAGATION_REQUIRED,ISOLATION_DEFAULT
14-04-2025 11:41:48,025-06:00 [http-nio-8080-exec-6] DEBUG o.h.e.t.internal.TransactionImpl - begin
14-04-2025 11:41:48,025-06:00 [http-nio-8080-exec-6] DEBUG o.s.orm.jpa.JpaTransactionManager - Exposing JPA transaction as JDBC [org.springframework.orm.jpa.vendor.HibernateJpaDialect$HibernateConnectionHandle@4f0e032]
14-04-2025 11:41:48,026-06:00 [http-nio-8080-exec-6] DEBUG o.h.j.i.PersistenceUnitUtilImpl - jakarta.persistence.PersistenceUnitUtil.getIdentifier is only intended to work with enhanced entities (although Hibernate also adapts this support to its proxies); however the passed entity was not enhanced (nor a proxy).. may not be able to read identifier
14-04-2025 11:41:48,026-06:00 [http-nio-8080-exec-6] DEBUG org.hibernate.orm.sql.exec - Skipping reading Query result cache data: cache-enabled = false, cache-mode = IGNORE
14-04-2025 11:41:48,026-06:00 [http-nio-8080-exec-6] DEBUG org.hibernate.SQL - select t1_0.id_usuario,t1_0.id_telefono,t1_0.lada,t1_0.numero,t1_0.tipo_telefono from telefono t1_0 where t1_0.id_usuario=?
14-04-2025 11:41:48,027-06:00 [http-nio-8080-exec-6] DEBUG o.h.s.results.internal.ResultsHelper - Collection fully initialized: [com.ebac.modulo39.dto.Usuario.telefonos#7]
14-04-2025 11:41:48,027-06:00 [http-nio-8080-exec-6] DEBUG o.s.orm.jpa.JpaTransactionManager - Initiating transaction commit
14-04-2025 11:41:48,028-06:00 [http-nio-8080-exec-6] DEBUG o.s.orm.jpa.JpaTransactionManager - Committing JPA transaction on EntityManager [SessionImpl(204638773<open>)]
14-04-2025 11:41:48,028-06:00 [http-nio-8080-exec-6] DEBUG o.h.e.t.internal.TransactionImpl - committing
14-04-2025 11:41:48,028-06:00 [http-nio-8080-exec-6] DEBUG o.h.e.i.AbstractFlushingEventListener - Processing flush-time cascades
14-04-2025 11:41:48,028-06:00 [http-nio-8080-exec-6] DEBUG o.h.e.i.AbstractFlushingEventListener - Dirty checking collections
14-04-2025 11:41:48,028-06:00 [http-nio-8080-exec-6] DEBUG o.h.engine.internal.Collections - Collection dereferenced: [com.ebac.modulo39.dto.Usuario.telefonos#7]
14-04-2025 11:41:48,028-06:00 [http-nio-8080-exec-6] DEBUG o.h.e.i.AbstractFlushingEventListener - Flushed: 0 insertions, 0 updates, 1 deletions to 1 objects
14-04-2025 11:41:48,029-06:00 [http-nio-8080-exec-6] DEBUG o.h.e.i.AbstractFlushingEventListener - Flushed: 0 (re)creations, 0 updates, 1 removals to 1 collections
14-04-2025 11:41:48,029-06:00 [http-nio-8080-exec-6] DEBUG o.h.internal.util.EntityPrinter - Listing entities:
14-04-2025 11:41:48,029-06:00 [http-nio-8080-exec-6] DEBUG o.h.internal.util.EntityPrinter - com.ebac.modulo39.dto.Usuario{idUsuario=7, telefonos=[], edad=33, nombre=Emilio Ortega}
14-04-2025 11:41:48,030-06:00 [http-nio-8080-exec-6] DEBUG org.hibernate.SQL - delete from usuario where id_usuario=?
14-04-2025 11:41:48,036-06:00 [http-nio-8080-exec-6] DEBUG o.s.orm.jpa.JpaTransactionManager - Not closing pre-bound JPA EntityManager after transaction
14-04-2025 11:41:48,037-06:00 [http-nio-8080-exec-6] INFO  c.e.m.controller.UsuarioController - Usuario eliminado
14-04-2025 11:41:48,037-06:00 [http-nio-8080-exec-6] INFO  c.e.m.controller.UsuarioController - Usuario eliminado
14-04-2025 11:41:48,037-06:00 [http-nio-8080-exec-6] DEBUG o.s.w.s.m.m.a.RequestResponseBodyMethodProcessor - Using 'application/json', given [*/*] and supported [application/json, application/*+json]
14-04-2025 11:41:48,037-06:00 [http-nio-8080-exec-6] DEBUG o.s.w.s.m.m.a.RequestResponseBodyMethodProcessor - Writing [com.ebac.modulo39.controller.ResponseWrapper@309ada86]
14-04-2025 11:41:48,038-06:00 [http-nio-8080-exec-6] DEBUG o.s.o.j.s.OpenEntityManagerInViewInterceptor - Closing JPA EntityManager in OpenEntityManagerInViewInterceptor
14-04-2025 11:41:48,038-06:00 [http-nio-8080-exec-6] DEBUG o.s.web.servlet.DispatcherServlet - Completed 200 OK
14-04-2025 11:42:17,965-06:00 [HikariPool-1 housekeeper] DEBUG com.zaxxer.hikari.pool.HikariPool - HikariPool-1 - Pool stats (total=10, active=0, idle=10, waiting=0)
14-04-2025 11:42:17,965-06:00 [HikariPool-1 housekeeper] DEBUG com.zaxxer.hikari.pool.HikariPool - HikariPool-1 - Fill pool skipped, pool has sufficient level or currently being filled.
14-04-2025 11:42:47,977-06:00 [HikariPool-1 housekeeper] DEBUG com.zaxxer.hikari.pool.HikariPool - HikariPool-1 - Pool stats (total=10, active=0, idle=10, waiting=0)
14-04-2025 11:42:47,977-06:00 [HikariPool-1 housekeeper] DEBUG com.zaxxer.hikari.pool.HikariPool - HikariPool-1 - Fill pool skipped, pool has sufficient level or currently being filled.
14-04-2025 11:43:17,987-06:00 [HikariPool-1 housekeeper] DEBUG com.zaxxer.hikari.pool.HikariPool - HikariPool-1 - Pool stats (total=10, active=0, idle=10, waiting=0)
14-04-2025 11:43:17,987-06:00 [HikariPool-1 housekeeper] DEBUG com.zaxxer.hikari.pool.HikariPool - HikariPool-1 - Fill pool skipped, pool has sufficient level or currently being filled.
14-04-2025 11:43:26,797-06:00 [http-nio-8080-exec-10] DEBUG o.s.web.servlet.DispatcherServlet - GET "/usuarios", parameters={}
14-04-2025 11:43:26,797-06:00 [http-nio-8080-exec-10] DEBUG o.s.w.s.m.m.a.RequestMappingHandlerMapping - Mapped to com.ebac.modulo39.controller.UsuarioController#obtenerUsuarios()
14-04-2025 11:43:26,798-06:00 [http-nio-8080-exec-10] DEBUG o.s.o.j.s.OpenEntityManagerInViewInterceptor - Opening JPA EntityManager in OpenEntityManagerInViewInterceptor
14-04-2025 11:43:26,799-06:00 [http-nio-8080-exec-10] INFO  c.e.m.controller.UsuarioController - Obteniendo usuarios
14-04-2025 11:43:26,799-06:00 [http-nio-8080-exec-10] INFO  c.e.m.controller.UsuarioController - Obteniendo usuarios
14-04-2025 11:43:26,800-06:00 [http-nio-8080-exec-10] DEBUG o.s.orm.jpa.JpaTransactionManager - Found thread-bound EntityManager [SessionImpl(1365779672<open>)] for JPA transaction
14-04-2025 11:43:26,800-06:00 [http-nio-8080-exec-10] DEBUG o.s.orm.jpa.JpaTransactionManager - Creating new transaction with name [org.springframework.data.jpa.repository.support.SimpleJpaRepository.findAll]: PROPAGATION_REQUIRED,ISOLATION_DEFAULT,readOnly
14-04-2025 11:43:26,800-06:00 [http-nio-8080-exec-10] DEBUG o.s.jdbc.datasource.DataSourceUtils - Setting JDBC Connection [HikariProxyConnection@1121401636 wrapping com.mysql.cj.jdbc.ConnectionImpl@6f989ff6] read-only
14-04-2025 11:43:26,802-06:00 [http-nio-8080-exec-10] DEBUG o.h.e.t.internal.TransactionImpl - On TransactionImpl creation, JpaCompliance#isJpaTransactionComplianceEnabled == false
14-04-2025 11:43:26,802-06:00 [http-nio-8080-exec-10] DEBUG o.h.e.t.internal.TransactionImpl - begin
14-04-2025 11:43:26,802-06:00 [http-nio-8080-exec-10] DEBUG o.s.orm.jpa.JpaTransactionManager - Exposing JPA transaction as JDBC [org.springframework.orm.jpa.vendor.HibernateJpaDialect$HibernateConnectionHandle@6d0a39c3]
14-04-2025 11:43:26,803-06:00 [http-nio-8080-exec-10] DEBUG org.hibernate.orm.sql.ast.create - Created new SQL alias : u1_0
14-04-2025 11:43:26,804-06:00 [http-nio-8080-exec-10] DEBUG org.hibernate.orm.sql.ast.create - Registration of TableGroup [StandardTableGroup(com.ebac.modulo39.dto.Usuario(49))] with identifierForTableGroup [com.ebac.modulo39.dto.Usuario] for NavigablePath [com.ebac.modulo39.dto.Usuario] 
14-04-2025 11:43:26,804-06:00 [http-nio-8080-exec-10] DEBUG org.hibernate.orm.results.graph.AST - DomainResult Graph:
 \-EntityResultImpl [com.ebac.modulo39.dto.Usuario(49)]
 |  +-BasicFetch [com.ebac.modulo39.dto.Usuario(49).edad]
 |  +-BasicFetch [com.ebac.modulo39.dto.Usuario(49).nombre]
 |  \-DelayedCollectionFetch [com.ebac.modulo39.dto.Usuario(49).telefonos]

14-04-2025 11:43:26,805-06:00 [http-nio-8080-exec-10] DEBUG org.hibernate.orm.sql.ast.tree - SQL AST Tree:
    SelectStatement {
      FromClause {
        StandardTableGroup (u1 : com.ebac.modulo39.dto.Usuario(49)) {
          primaryTableReference : usuario as u1_0
        }
      }
    }

14-04-2025 11:43:26,805-06:00 [http-nio-8080-exec-10] DEBUG org.hibernate.orm.sql.exec - Skipping reading Query result cache data: cache-enabled = false, cache-mode = NORMAL
14-04-2025 11:43:26,805-06:00 [http-nio-8080-exec-10] DEBUG org.hibernate.SQL - select u1_0.id_usuario,u1_0.edad,u1_0.nombre from usuario u1_0
14-04-2025 11:43:26,807-06:00 [http-nio-8080-exec-10] DEBUG org.hibernate.orm.results - Initializer list:
	  com.ebac.modulo39.dto.Usuario(49) -> EntityJoinedFetchInitializer(com.ebac.modulo39.dto.Usuario(49))@692199515 (SingleTableEntityPersister(com.ebac.modulo39.dto.Usuario))
	  com.ebac.modulo39.dto.Usuario(49).telefonos -> DelayedCollectionInitializer(com.ebac.modulo39.dto.Usuario(49).telefonos)@1651198960 (PluralAttribute(com.ebac.modulo39.dto.Usuario.telefonos))

14-04-2025 11:43:26,808-06:00 [http-nio-8080-exec-10] DEBUG o.s.orm.jpa.JpaTransactionManager - Initiating transaction commit
14-04-2025 11:43:26,809-06:00 [http-nio-8080-exec-10] DEBUG o.s.orm.jpa.JpaTransactionManager - Committing JPA transaction on EntityManager [SessionImpl(1365779672<open>)]
14-04-2025 11:43:26,809-06:00 [http-nio-8080-exec-10] DEBUG o.h.e.t.internal.TransactionImpl - committing
14-04-2025 11:43:26,811-06:00 [http-nio-8080-exec-10] DEBUG o.s.jdbc.datasource.DataSourceUtils - Resetting read-only flag of JDBC Connection [HikariProxyConnection@1121401636 wrapping com.mysql.cj.jdbc.ConnectionImpl@6f989ff6]
14-04-2025 11:43:26,812-06:00 [http-nio-8080-exec-10] DEBUG o.s.orm.jpa.JpaTransactionManager - Not closing pre-bound JPA EntityManager after transaction
14-04-2025 11:43:26,812-06:00 [http-nio-8080-exec-10] DEBUG o.s.w.s.m.m.a.RequestResponseBodyMethodProcessor - Using 'application/json', given [*/*] and supported [application/json, application/*+json]
14-04-2025 11:43:26,813-06:00 [http-nio-8080-exec-10] DEBUG o.s.w.s.m.m.a.RequestResponseBodyMethodProcessor - Writing [com.ebac.modulo39.controller.ResponseWrapper@ab6ed7e]
14-04-2025 11:43:26,813-06:00 [http-nio-8080-exec-10] DEBUG org.hibernate.orm.sql.exec - Skipping reading Query result cache data: cache-enabled = false, cache-mode = IGNORE
14-04-2025 11:43:26,814-06:00 [http-nio-8080-exec-10] DEBUG org.hibernate.SQL - select t1_0.id_usuario,t1_0.id_telefono,t1_0.lada,t1_0.numero,t1_0.tipo_telefono from telefono t1_0 where t1_0.id_usuario=?
14-04-2025 11:43:26,815-06:00 [http-nio-8080-exec-10] DEBUG o.h.s.results.internal.ResultsHelper - Collection fully initialized: [com.ebac.modulo39.dto.Usuario.telefonos#4]
14-04-2025 11:43:26,816-06:00 [http-nio-8080-exec-10] DEBUG o.s.o.j.s.OpenEntityManagerInViewInterceptor - Closing JPA EntityManager in OpenEntityManagerInViewInterceptor
14-04-2025 11:43:26,817-06:00 [http-nio-8080-exec-10] DEBUG o.s.web.servlet.DispatcherServlet - Completed 200 OK
14-04-2025 11:43:26,819-06:00 [http-nio-8080-exec-2] DEBUG o.s.web.servlet.DispatcherServlet - GET "/usuarios", parameters={}
14-04-2025 11:43:26,820-06:00 [http-nio-8080-exec-2] DEBUG o.s.w.s.m.m.a.RequestMappingHandlerMapping - Mapped to com.ebac.modulo39.controller.UsuarioController#obtenerUsuarios()
14-04-2025 11:43:26,820-06:00 [http-nio-8080-exec-2] DEBUG o.s.o.j.s.OpenEntityManagerInViewInterceptor - Opening JPA EntityManager in OpenEntityManagerInViewInterceptor
14-04-2025 11:43:26,821-06:00 [http-nio-8080-exec-2] INFO  c.e.m.controller.UsuarioController - Obteniendo usuarios
14-04-2025 11:43:26,821-06:00 [http-nio-8080-exec-2] INFO  c.e.m.controller.UsuarioController - Obteniendo usuarios
14-04-2025 11:43:26,821-06:00 [http-nio-8080-exec-2] DEBUG o.s.orm.jpa.JpaTransactionManager - Found thread-bound EntityManager [SessionImpl(246405130<open>)] for JPA transaction
14-04-2025 11:43:26,821-06:00 [http-nio-8080-exec-2] DEBUG o.s.orm.jpa.JpaTransactionManager - Creating new transaction with name [org.springframework.data.jpa.repository.support.SimpleJpaRepository.findAll]: PROPAGATION_REQUIRED,ISOLATION_DEFAULT,readOnly
14-04-2025 11:43:26,821-06:00 [http-nio-8080-exec-2] DEBUG o.s.jdbc.datasource.DataSourceUtils - Setting JDBC Connection [HikariProxyConnection@638232243 wrapping com.mysql.cj.jdbc.ConnectionImpl@6f989ff6] read-only
14-04-2025 11:43:26,822-06:00 [http-nio-8080-exec-2] DEBUG o.h.e.t.internal.TransactionImpl - On TransactionImpl creation, JpaCompliance#isJpaTransactionComplianceEnabled == false
14-04-2025 11:43:26,822-06:00 [http-nio-8080-exec-2] DEBUG o.h.e.t.internal.TransactionImpl - begin
14-04-2025 11:43:26,823-06:00 [http-nio-8080-exec-2] DEBUG o.s.orm.jpa.JpaTransactionManager - Exposing JPA transaction as JDBC [org.springframework.orm.jpa.vendor.HibernateJpaDialect$HibernateConnectionHandle@fa8d170]
14-04-2025 11:43:26,824-06:00 [http-nio-8080-exec-2] DEBUG org.hibernate.orm.sql.ast.create - Created new SQL alias : u1_0
14-04-2025 11:43:26,824-06:00 [http-nio-8080-exec-2] DEBUG org.hibernate.orm.sql.ast.create - Registration of TableGroup [StandardTableGroup(com.ebac.modulo39.dto.Usuario(50))] with identifierForTableGroup [com.ebac.modulo39.dto.Usuario] for NavigablePath [com.ebac.modulo39.dto.Usuario] 
14-04-2025 11:43:26,825-06:00 [http-nio-8080-exec-2] DEBUG org.hibernate.orm.results.graph.AST - DomainResult Graph:
 \-EntityResultImpl [com.ebac.modulo39.dto.Usuario(50)]
 |  +-BasicFetch [com.ebac.modulo39.dto.Usuario(50).edad]
 |  +-BasicFetch [com.ebac.modulo39.dto.Usuario(50).nombre]
 |  \-DelayedCollectionFetch [com.ebac.modulo39.dto.Usuario(50).telefonos]

14-04-2025 11:43:26,825-06:00 [http-nio-8080-exec-2] DEBUG org.hibernate.orm.sql.ast.tree - SQL AST Tree:
    SelectStatement {
      FromClause {
        StandardTableGroup (u1 : com.ebac.modulo39.dto.Usuario(50)) {
          primaryTableReference : usuario as u1_0
        }
      }
    }

14-04-2025 11:43:26,825-06:00 [http-nio-8080-exec-2] DEBUG org.hibernate.orm.sql.exec - Skipping reading Query result cache data: cache-enabled = false, cache-mode = NORMAL
14-04-2025 11:43:26,825-06:00 [http-nio-8080-exec-2] DEBUG org.hibernate.SQL - select u1_0.id_usuario,u1_0.edad,u1_0.nombre from usuario u1_0
14-04-2025 11:43:26,827-06:00 [http-nio-8080-exec-2] DEBUG org.hibernate.orm.results - Initializer list:
	  com.ebac.modulo39.dto.Usuario(50).telefonos -> DelayedCollectionInitializer(com.ebac.modulo39.dto.Usuario(50).telefonos)@1668285894 (PluralAttribute(com.ebac.modulo39.dto.Usuario.telefonos))
	  com.ebac.modulo39.dto.Usuario(50) -> EntityJoinedFetchInitializer(com.ebac.modulo39.dto.Usuario(50))@1996509274 (SingleTableEntityPersister(com.ebac.modulo39.dto.Usuario))

14-04-2025 11:43:26,827-06:00 [http-nio-8080-exec-2] DEBUG o.s.orm.jpa.JpaTransactionManager - Initiating transaction commit
14-04-2025 11:43:26,828-06:00 [http-nio-8080-exec-2] DEBUG o.s.orm.jpa.JpaTransactionManager - Committing JPA transaction on EntityManager [SessionImpl(246405130<open>)]
14-04-2025 11:43:26,828-06:00 [http-nio-8080-exec-2] DEBUG o.h.e.t.internal.TransactionImpl - committing
14-04-2025 11:43:26,829-06:00 [http-nio-8080-exec-2] DEBUG o.s.jdbc.datasource.DataSourceUtils - Resetting read-only flag of JDBC Connection [HikariProxyConnection@638232243 wrapping com.mysql.cj.jdbc.ConnectionImpl@6f989ff6]
14-04-2025 11:43:26,829-06:00 [http-nio-8080-exec-2] DEBUG o.s.orm.jpa.JpaTransactionManager - Not closing pre-bound JPA EntityManager after transaction
14-04-2025 11:43:26,830-06:00 [http-nio-8080-exec-2] DEBUG o.s.w.s.m.m.a.RequestResponseBodyMethodProcessor - Using 'application/json', given [*/*] and supported [application/json, application/*+json]
14-04-2025 11:43:26,830-06:00 [http-nio-8080-exec-2] DEBUG o.s.w.s.m.m.a.RequestResponseBodyMethodProcessor - Writing [com.ebac.modulo39.controller.ResponseWrapper@723bf045]
14-04-2025 11:43:26,831-06:00 [http-nio-8080-exec-2] DEBUG org.hibernate.orm.sql.exec - Skipping reading Query result cache data: cache-enabled = false, cache-mode = IGNORE
14-04-2025 11:43:26,831-06:00 [http-nio-8080-exec-2] DEBUG org.hibernate.SQL - select t1_0.id_usuario,t1_0.id_telefono,t1_0.lada,t1_0.numero,t1_0.tipo_telefono from telefono t1_0 where t1_0.id_usuario=?
14-04-2025 11:43:26,833-06:00 [http-nio-8080-exec-2] DEBUG o.h.s.results.internal.ResultsHelper - Collection fully initialized: [com.ebac.modulo39.dto.Usuario.telefonos#4]
14-04-2025 11:43:26,833-06:00 [http-nio-8080-exec-2] DEBUG o.s.o.j.s.OpenEntityManagerInViewInterceptor - Closing JPA EntityManager in OpenEntityManagerInViewInterceptor
14-04-2025 11:43:26,834-06:00 [http-nio-8080-exec-2] DEBUG o.s.web.servlet.DispatcherServlet - Completed 200 OK
14-04-2025 11:43:43,100-06:00 [http-nio-8080-exec-8] DEBUG o.s.web.servlet.DispatcherServlet - GET "/usuarios", parameters={}
14-04-2025 11:43:43,100-06:00 [http-nio-8080-exec-8] DEBUG o.s.w.s.m.m.a.RequestMappingHandlerMapping - Mapped to com.ebac.modulo39.controller.UsuarioController#obtenerUsuarios()
14-04-2025 11:43:43,101-06:00 [http-nio-8080-exec-8] DEBUG o.s.o.j.s.OpenEntityManagerInViewInterceptor - Opening JPA EntityManager in OpenEntityManagerInViewInterceptor
14-04-2025 11:43:43,101-06:00 [http-nio-8080-exec-8] INFO  c.e.m.controller.UsuarioController - Obteniendo usuarios
14-04-2025 11:43:43,101-06:00 [http-nio-8080-exec-8] INFO  c.e.m.controller.UsuarioController - Obteniendo usuarios
14-04-2025 11:43:43,102-06:00 [http-nio-8080-exec-8] DEBUG o.s.orm.jpa.JpaTransactionManager - Found thread-bound EntityManager [SessionImpl(1927901320<open>)] for JPA transaction
14-04-2025 11:43:43,102-06:00 [http-nio-8080-exec-8] DEBUG o.s.orm.jpa.JpaTransactionManager - Creating new transaction with name [org.springframework.data.jpa.repository.support.SimpleJpaRepository.findAll]: PROPAGATION_REQUIRED,ISOLATION_DEFAULT,readOnly
14-04-2025 11:43:43,103-06:00 [http-nio-8080-exec-8] DEBUG o.s.jdbc.datasource.DataSourceUtils - Setting JDBC Connection [HikariProxyConnection@925031654 wrapping com.mysql.cj.jdbc.ConnectionImpl@6f989ff6] read-only
14-04-2025 11:43:43,103-06:00 [http-nio-8080-exec-8] DEBUG o.h.e.t.internal.TransactionImpl - On TransactionImpl creation, JpaCompliance#isJpaTransactionComplianceEnabled == false
14-04-2025 11:43:43,103-06:00 [http-nio-8080-exec-8] DEBUG o.h.e.t.internal.TransactionImpl - begin
14-04-2025 11:43:43,104-06:00 [http-nio-8080-exec-8] DEBUG o.s.orm.jpa.JpaTransactionManager - Exposing JPA transaction as JDBC [org.springframework.orm.jpa.vendor.HibernateJpaDialect$HibernateConnectionHandle@28f06fff]
14-04-2025 11:43:43,105-06:00 [http-nio-8080-exec-8] DEBUG org.hibernate.orm.sql.ast.create - Created new SQL alias : u1_0
14-04-2025 11:43:43,105-06:00 [http-nio-8080-exec-8] DEBUG org.hibernate.orm.sql.ast.create - Registration of TableGroup [StandardTableGroup(com.ebac.modulo39.dto.Usuario(51))] with identifierForTableGroup [com.ebac.modulo39.dto.Usuario] for NavigablePath [com.ebac.modulo39.dto.Usuario] 
14-04-2025 11:43:43,106-06:00 [http-nio-8080-exec-8] DEBUG org.hibernate.orm.results.graph.AST - DomainResult Graph:
 \-EntityResultImpl [com.ebac.modulo39.dto.Usuario(51)]
 |  +-BasicFetch [com.ebac.modulo39.dto.Usuario(51).edad]
 |  +-BasicFetch [com.ebac.modulo39.dto.Usuario(51).nombre]
 |  \-DelayedCollectionFetch [com.ebac.modulo39.dto.Usuario(51).telefonos]

14-04-2025 11:43:43,106-06:00 [http-nio-8080-exec-8] DEBUG org.hibernate.orm.sql.ast.tree - SQL AST Tree:
    SelectStatement {
      FromClause {
        StandardTableGroup (u1 : com.ebac.modulo39.dto.Usuario(51)) {
          primaryTableReference : usuario as u1_0
        }
      }
    }

14-04-2025 11:43:43,109-06:00 [http-nio-8080-exec-8] DEBUG org.hibernate.orm.sql.exec - Skipping reading Query result cache data: cache-enabled = false, cache-mode = NORMAL
14-04-2025 11:43:43,109-06:00 [http-nio-8080-exec-8] DEBUG org.hibernate.SQL - select u1_0.id_usuario,u1_0.edad,u1_0.nombre from usuario u1_0
14-04-2025 11:43:43,111-06:00 [http-nio-8080-exec-8] DEBUG org.hibernate.orm.results - Initializer list:
	  com.ebac.modulo39.dto.Usuario(51).telefonos -> DelayedCollectionInitializer(com.ebac.modulo39.dto.Usuario(51).telefonos)@1885646198 (PluralAttribute(com.ebac.modulo39.dto.Usuario.telefonos))
	  com.ebac.modulo39.dto.Usuario(51) -> EntityJoinedFetchInitializer(com.ebac.modulo39.dto.Usuario(51))@1717221185 (SingleTableEntityPersister(com.ebac.modulo39.dto.Usuario))

14-04-2025 11:43:43,112-06:00 [http-nio-8080-exec-8] DEBUG o.s.orm.jpa.JpaTransactionManager - Initiating transaction commit
14-04-2025 11:43:43,112-06:00 [http-nio-8080-exec-8] DEBUG o.s.orm.jpa.JpaTransactionManager - Committing JPA transaction on EntityManager [SessionImpl(1927901320<open>)]
14-04-2025 11:43:43,112-06:00 [http-nio-8080-exec-8] DEBUG o.h.e.t.internal.TransactionImpl - committing
14-04-2025 11:43:43,113-06:00 [http-nio-8080-exec-8] DEBUG o.s.jdbc.datasource.DataSourceUtils - Resetting read-only flag of JDBC Connection [HikariProxyConnection@925031654 wrapping com.mysql.cj.jdbc.ConnectionImpl@6f989ff6]
14-04-2025 11:43:43,114-06:00 [http-nio-8080-exec-8] DEBUG o.s.orm.jpa.JpaTransactionManager - Not closing pre-bound JPA EntityManager after transaction
14-04-2025 11:43:43,114-06:00 [http-nio-8080-exec-8] DEBUG o.s.w.s.m.m.a.RequestResponseBodyMethodProcessor - Using 'application/json', given [*/*] and supported [application/json, application/*+json]
14-04-2025 11:43:43,115-06:00 [http-nio-8080-exec-8] DEBUG o.s.w.s.m.m.a.RequestResponseBodyMethodProcessor - Writing [com.ebac.modulo39.controller.ResponseWrapper@64410910]
14-04-2025 11:43:43,115-06:00 [http-nio-8080-exec-8] DEBUG org.hibernate.orm.sql.exec - Skipping reading Query result cache data: cache-enabled = false, cache-mode = IGNORE
14-04-2025 11:43:43,115-06:00 [http-nio-8080-exec-8] DEBUG org.hibernate.SQL - select t1_0.id_usuario,t1_0.id_telefono,t1_0.lada,t1_0.numero,t1_0.tipo_telefono from telefono t1_0 where t1_0.id_usuario=?
14-04-2025 11:43:43,117-06:00 [http-nio-8080-exec-8] DEBUG o.h.s.results.internal.ResultsHelper - Collection fully initialized: [com.ebac.modulo39.dto.Usuario.telefonos#4]
14-04-2025 11:43:43,118-06:00 [http-nio-8080-exec-8] DEBUG o.s.o.j.s.OpenEntityManagerInViewInterceptor - Closing JPA EntityManager in OpenEntityManagerInViewInterceptor
14-04-2025 11:43:43,119-06:00 [http-nio-8080-exec-8] DEBUG o.s.web.servlet.DispatcherServlet - Completed 200 OK
14-04-2025 11:43:43,122-06:00 [http-nio-8080-exec-9] DEBUG o.s.web.servlet.DispatcherServlet - GET "/usuarios", parameters={}
14-04-2025 11:43:43,123-06:00 [http-nio-8080-exec-9] DEBUG o.s.w.s.m.m.a.RequestMappingHandlerMapping - Mapped to com.ebac.modulo39.controller.UsuarioController#obtenerUsuarios()
14-04-2025 11:43:43,123-06:00 [http-nio-8080-exec-9] DEBUG o.s.o.j.s.OpenEntityManagerInViewInterceptor - Opening JPA EntityManager in OpenEntityManagerInViewInterceptor
14-04-2025 11:43:43,124-06:00 [http-nio-8080-exec-9] INFO  c.e.m.controller.UsuarioController - Obteniendo usuarios
14-04-2025 11:43:43,124-06:00 [http-nio-8080-exec-9] INFO  c.e.m.controller.UsuarioController - Obteniendo usuarios
14-04-2025 11:43:43,124-06:00 [http-nio-8080-exec-9] DEBUG o.s.orm.jpa.JpaTransactionManager - Found thread-bound EntityManager [SessionImpl(906375203<open>)] for JPA transaction
14-04-2025 11:43:43,125-06:00 [http-nio-8080-exec-9] DEBUG o.s.orm.jpa.JpaTransactionManager - Creating new transaction with name [org.springframework.data.jpa.repository.support.SimpleJpaRepository.findAll]: PROPAGATION_REQUIRED,ISOLATION_DEFAULT,readOnly
14-04-2025 11:43:43,125-06:00 [http-nio-8080-exec-9] DEBUG o.s.jdbc.datasource.DataSourceUtils - Setting JDBC Connection [HikariProxyConnection@324153964 wrapping com.mysql.cj.jdbc.ConnectionImpl@6f989ff6] read-only
14-04-2025 11:43:43,126-06:00 [http-nio-8080-exec-9] DEBUG o.h.e.t.internal.TransactionImpl - On TransactionImpl creation, JpaCompliance#isJpaTransactionComplianceEnabled == false
14-04-2025 11:43:43,126-06:00 [http-nio-8080-exec-9] DEBUG o.h.e.t.internal.TransactionImpl - begin
14-04-2025 11:43:43,126-06:00 [http-nio-8080-exec-9] DEBUG o.s.orm.jpa.JpaTransactionManager - Exposing JPA transaction as JDBC [org.springframework.orm.jpa.vendor.HibernateJpaDialect$HibernateConnectionHandle@11d8f344]
14-04-2025 11:43:43,127-06:00 [http-nio-8080-exec-9] DEBUG org.hibernate.orm.sql.ast.create - Created new SQL alias : u1_0
14-04-2025 11:43:43,127-06:00 [http-nio-8080-exec-9] DEBUG org.hibernate.orm.sql.ast.create - Registration of TableGroup [StandardTableGroup(com.ebac.modulo39.dto.Usuario(52))] with identifierForTableGroup [com.ebac.modulo39.dto.Usuario] for NavigablePath [com.ebac.modulo39.dto.Usuario] 
14-04-2025 11:43:43,128-06:00 [http-nio-8080-exec-9] DEBUG org.hibernate.orm.results.graph.AST - DomainResult Graph:
 \-EntityResultImpl [com.ebac.modulo39.dto.Usuario(52)]
 |  +-BasicFetch [com.ebac.modulo39.dto.Usuario(52).edad]
 |  +-BasicFetch [com.ebac.modulo39.dto.Usuario(52).nombre]
 |  \-DelayedCollectionFetch [com.ebac.modulo39.dto.Usuario(52).telefonos]

14-04-2025 11:43:43,128-06:00 [http-nio-8080-exec-9] DEBUG org.hibernate.orm.sql.ast.tree - SQL AST Tree:
    SelectStatement {
      FromClause {
        StandardTableGroup (u1 : com.ebac.modulo39.dto.Usuario(52)) {
          primaryTableReference : usuario as u1_0
        }
      }
    }

14-04-2025 11:43:43,129-06:00 [http-nio-8080-exec-9] DEBUG org.hibernate.orm.sql.exec - Skipping reading Query result cache data: cache-enabled = false, cache-mode = NORMAL
14-04-2025 11:43:43,129-06:00 [http-nio-8080-exec-9] DEBUG org.hibernate.SQL - select u1_0.id_usuario,u1_0.edad,u1_0.nombre from usuario u1_0
14-04-2025 11:43:43,130-06:00 [http-nio-8080-exec-9] DEBUG org.hibernate.orm.results - Initializer list:
	  com.ebac.modulo39.dto.Usuario(52).telefonos -> DelayedCollectionInitializer(com.ebac.modulo39.dto.Usuario(52).telefonos)@361506570 (PluralAttribute(com.ebac.modulo39.dto.Usuario.telefonos))
	  com.ebac.modulo39.dto.Usuario(52) -> EntityJoinedFetchInitializer(com.ebac.modulo39.dto.Usuario(52))@1037651595 (SingleTableEntityPersister(com.ebac.modulo39.dto.Usuario))

14-04-2025 11:43:43,131-06:00 [http-nio-8080-exec-9] DEBUG o.s.orm.jpa.JpaTransactionManager - Initiating transaction commit
14-04-2025 11:43:43,131-06:00 [http-nio-8080-exec-9] DEBUG o.s.orm.jpa.JpaTransactionManager - Committing JPA transaction on EntityManager [SessionImpl(906375203<open>)]
14-04-2025 11:43:43,131-06:00 [http-nio-8080-exec-9] DEBUG o.h.e.t.internal.TransactionImpl - committing
14-04-2025 11:43:43,132-06:00 [http-nio-8080-exec-9] DEBUG o.s.jdbc.datasource.DataSourceUtils - Resetting read-only flag of JDBC Connection [HikariProxyConnection@324153964 wrapping com.mysql.cj.jdbc.ConnectionImpl@6f989ff6]
14-04-2025 11:43:43,132-06:00 [http-nio-8080-exec-9] DEBUG o.s.orm.jpa.JpaTransactionManager - Not closing pre-bound JPA EntityManager after transaction
14-04-2025 11:43:43,133-06:00 [http-nio-8080-exec-9] DEBUG o.s.w.s.m.m.a.RequestResponseBodyMethodProcessor - Using 'application/json', given [*/*] and supported [application/json, application/*+json]
14-04-2025 11:43:43,133-06:00 [http-nio-8080-exec-9] DEBUG o.s.w.s.m.m.a.RequestResponseBodyMethodProcessor - Writing [com.ebac.modulo39.controller.ResponseWrapper@37366c14]
14-04-2025 11:43:43,134-06:00 [http-nio-8080-exec-9] DEBUG org.hibernate.orm.sql.exec - Skipping reading Query result cache data: cache-enabled = false, cache-mode = IGNORE
14-04-2025 11:43:43,135-06:00 [http-nio-8080-exec-9] DEBUG org.hibernate.SQL - select t1_0.id_usuario,t1_0.id_telefono,t1_0.lada,t1_0.numero,t1_0.tipo_telefono from telefono t1_0 where t1_0.id_usuario=?
14-04-2025 11:43:43,136-06:00 [http-nio-8080-exec-9] DEBUG o.h.s.results.internal.ResultsHelper - Collection fully initialized: [com.ebac.modulo39.dto.Usuario.telefonos#4]
14-04-2025 11:43:43,139-06:00 [http-nio-8080-exec-9] DEBUG o.s.o.j.s.OpenEntityManagerInViewInterceptor - Closing JPA EntityManager in OpenEntityManagerInViewInterceptor
14-04-2025 11:43:43,139-06:00 [http-nio-8080-exec-9] DEBUG o.s.web.servlet.DispatcherServlet - Completed 200 OK
14-04-2025 11:43:47,994-06:00 [HikariPool-1 housekeeper] DEBUG com.zaxxer.hikari.pool.HikariPool - HikariPool-1 - Pool stats (total=10, active=0, idle=10, waiting=0)
14-04-2025 11:43:47,994-06:00 [HikariPool-1 housekeeper] DEBUG com.zaxxer.hikari.pool.HikariPool - HikariPool-1 - Fill pool skipped, pool has sufficient level or currently being filled.
14-04-2025 11:43:58,913-06:00 [http-nio-8080-exec-1] DEBUG o.s.web.servlet.DispatcherServlet - OPTIONS "/usuarios/4", parameters={}
14-04-2025 11:43:58,913-06:00 [http-nio-8080-exec-1] DEBUG o.s.w.s.m.m.a.RequestMappingHandlerMapping - Mapped to com.ebac.modulo39.controller.UsuarioController#actualizarUsuario(Long, Usuario)
14-04-2025 11:43:58,914-06:00 [http-nio-8080-exec-1] DEBUG o.s.o.j.s.OpenEntityManagerInViewInterceptor - Opening JPA EntityManager in OpenEntityManagerInViewInterceptor
14-04-2025 11:43:58,914-06:00 [http-nio-8080-exec-1] DEBUG o.s.o.j.s.OpenEntityManagerInViewInterceptor - Closing JPA EntityManager in OpenEntityManagerInViewInterceptor
14-04-2025 11:43:58,914-06:00 [http-nio-8080-exec-1] DEBUG o.s.web.servlet.DispatcherServlet - Completed 200 OK
14-04-2025 11:43:58,917-06:00 [http-nio-8080-exec-3] DEBUG o.s.web.servlet.DispatcherServlet - PUT "/usuarios/4", parameters={}
14-04-2025 11:43:58,917-06:00 [http-nio-8080-exec-3] DEBUG o.s.w.s.m.m.a.RequestMappingHandlerMapping - Mapped to com.ebac.modulo39.controller.UsuarioController#actualizarUsuario(Long, Usuario)
14-04-2025 11:43:58,918-06:00 [http-nio-8080-exec-3] DEBUG o.s.o.j.s.OpenEntityManagerInViewInterceptor - Opening JPA EntityManager in OpenEntityManagerInViewInterceptor
14-04-2025 11:43:58,919-06:00 [http-nio-8080-exec-3] DEBUG o.s.w.s.m.m.a.RequestResponseBodyMethodProcessor - Read "application/json;charset=UTF-8" to [Usuario(idUsuario=4, nombre=Rafael Cocom, edad=45, telefonos=[])]
14-04-2025 11:43:58,920-06:00 [http-nio-8080-exec-3] DEBUG o.s.orm.jpa.JpaTransactionManager - Found thread-bound EntityManager [SessionImpl(611467655<open>)] for JPA transaction
14-04-2025 11:43:58,920-06:00 [http-nio-8080-exec-3] DEBUG o.s.orm.jpa.JpaTransactionManager - Creating new transaction with name [org.springframework.data.jpa.repository.support.SimpleJpaRepository.findById]: PROPAGATION_REQUIRED,ISOLATION_DEFAULT,readOnly
14-04-2025 11:43:58,921-06:00 [http-nio-8080-exec-3] DEBUG o.s.jdbc.datasource.DataSourceUtils - Setting JDBC Connection [HikariProxyConnection@1485915983 wrapping com.mysql.cj.jdbc.ConnectionImpl@6f989ff6] read-only
14-04-2025 11:43:58,922-06:00 [http-nio-8080-exec-3] DEBUG o.h.e.t.internal.TransactionImpl - On TransactionImpl creation, JpaCompliance#isJpaTransactionComplianceEnabled == false
14-04-2025 11:43:58,922-06:00 [http-nio-8080-exec-3] DEBUG o.h.e.t.internal.TransactionImpl - begin
14-04-2025 11:43:58,923-06:00 [http-nio-8080-exec-3] DEBUG o.s.orm.jpa.JpaTransactionManager - Exposing JPA transaction as JDBC [org.springframework.orm.jpa.vendor.HibernateJpaDialect$HibernateConnectionHandle@5d7e393e]
14-04-2025 11:43:58,923-06:00 [http-nio-8080-exec-3] DEBUG org.hibernate.orm.sql.exec - Skipping reading Query result cache data: cache-enabled = false, cache-mode = IGNORE
14-04-2025 11:43:58,924-06:00 [http-nio-8080-exec-3] DEBUG org.hibernate.SQL - select u1_0.id_usuario,u1_0.edad,u1_0.nombre from usuario u1_0 where u1_0.id_usuario=?
14-04-2025 11:43:58,925-06:00 [http-nio-8080-exec-3] DEBUG o.s.orm.jpa.JpaTransactionManager - Initiating transaction commit
14-04-2025 11:43:58,926-06:00 [http-nio-8080-exec-3] DEBUG o.s.orm.jpa.JpaTransactionManager - Committing JPA transaction on EntityManager [SessionImpl(611467655<open>)]
14-04-2025 11:43:58,926-06:00 [http-nio-8080-exec-3] DEBUG o.h.e.t.internal.TransactionImpl - committing
14-04-2025 11:43:58,927-06:00 [http-nio-8080-exec-3] DEBUG o.s.jdbc.datasource.DataSourceUtils - Resetting read-only flag of JDBC Connection [HikariProxyConnection@1485915983 wrapping com.mysql.cj.jdbc.ConnectionImpl@6f989ff6]
14-04-2025 11:43:58,927-06:00 [http-nio-8080-exec-3] DEBUG o.s.orm.jpa.JpaTransactionManager - Not closing pre-bound JPA EntityManager after transaction
14-04-2025 11:43:58,928-06:00 [http-nio-8080-exec-3] DEBUG o.s.orm.jpa.JpaTransactionManager - Found thread-bound EntityManager [SessionImpl(611467655<open>)] for JPA transaction
14-04-2025 11:43:58,928-06:00 [http-nio-8080-exec-3] DEBUG o.s.orm.jpa.JpaTransactionManager - Creating new transaction with name [org.springframework.data.jpa.repository.support.SimpleJpaRepository.save]: PROPAGATION_REQUIRED,ISOLATION_DEFAULT
14-04-2025 11:43:58,928-06:00 [http-nio-8080-exec-3] DEBUG o.h.e.t.internal.TransactionImpl - begin
14-04-2025 11:43:58,929-06:00 [http-nio-8080-exec-3] DEBUG o.s.orm.jpa.JpaTransactionManager - Exposing JPA transaction as JDBC [org.springframework.orm.jpa.vendor.HibernateJpaDialect$HibernateConnectionHandle@3e9f12de]
14-04-2025 11:43:58,929-06:00 [http-nio-8080-exec-3] DEBUG o.h.j.i.PersistenceUnitUtilImpl - jakarta.persistence.PersistenceUnitUtil.getIdentifier is only intended to work with enhanced entities (although Hibernate also adapts this support to its proxies); however the passed entity was not enhanced (nor a proxy).. may not be able to read identifier
14-04-2025 11:43:58,933-06:00 [http-nio-8080-exec-3] DEBUG o.s.orm.jpa.JpaTransactionManager - Initiating transaction commit
14-04-2025 11:43:58,933-06:00 [http-nio-8080-exec-3] DEBUG o.s.orm.jpa.JpaTransactionManager - Committing JPA transaction on EntityManager [SessionImpl(611467655<open>)]
14-04-2025 11:43:58,933-06:00 [http-nio-8080-exec-3] DEBUG o.h.e.t.internal.TransactionImpl - committing
14-04-2025 11:43:58,933-06:00 [http-nio-8080-exec-3] DEBUG o.h.e.i.AbstractFlushingEventListener - Processing flush-time cascades
14-04-2025 11:43:58,934-06:00 [http-nio-8080-exec-3] DEBUG o.h.e.i.AbstractFlushingEventListener - Dirty checking collections
14-04-2025 11:43:58,934-06:00 [http-nio-8080-exec-3] DEBUG o.h.engine.spi.CollectionEntry - Collection dirty: [com.ebac.modulo39.dto.Usuario.telefonos#4]
14-04-2025 11:43:58,936-06:00 [http-nio-8080-exec-3] DEBUG o.h.engine.internal.Collections - Collection found: [com.ebac.modulo39.dto.Usuario.telefonos#4], was: [com.ebac.modulo39.dto.Usuario.telefonos#4] (uninitialized)
14-04-2025 11:43:58,938-06:00 [http-nio-8080-exec-3] DEBUG o.h.e.i.AbstractFlushingEventListener - Flushed: 0 insertions, 1 updates, 0 deletions to 1 objects
14-04-2025 11:43:58,938-06:00 [http-nio-8080-exec-3] DEBUG o.h.e.i.AbstractFlushingEventListener - Flushed: 0 (re)creations, 1 updates, 0 removals to 1 collections
14-04-2025 11:43:58,939-06:00 [http-nio-8080-exec-3] DEBUG o.h.internal.util.EntityPrinter - Listing entities:
14-04-2025 11:43:58,939-06:00 [http-nio-8080-exec-3] DEBUG o.h.internal.util.EntityPrinter - com.ebac.modulo39.dto.Usuario{idUsuario=4, telefonos=<uninitialized>, edad=45, nombre=Rafael Cocom}
14-04-2025 11:43:58,943-06:00 [http-nio-8080-exec-3] DEBUG org.hibernate.SQL - update usuario set edad=?,nombre=? where id_usuario=?
14-04-2025 11:43:58,953-06:00 [http-nio-8080-exec-3] DEBUG o.s.orm.jpa.JpaTransactionManager - Not closing pre-bound JPA EntityManager after transaction
14-04-2025 11:43:58,955-06:00 [http-nio-8080-exec-3] INFO  c.e.m.controller.UsuarioController - Usuario actualizado
14-04-2025 11:43:58,955-06:00 [http-nio-8080-exec-3] INFO  c.e.m.controller.UsuarioController - Usuario actualizado
14-04-2025 11:43:58,955-06:00 [http-nio-8080-exec-3] DEBUG o.s.w.s.m.m.a.RequestResponseBodyMethodProcessor - Using 'application/json', given [*/*] and supported [application/json, application/*+json]
14-04-2025 11:43:58,956-06:00 [http-nio-8080-exec-3] DEBUG o.s.w.s.m.m.a.RequestResponseBodyMethodProcessor - Writing [com.ebac.modulo39.controller.ResponseWrapper@7a2976a5]
14-04-2025 11:43:58,958-06:00 [http-nio-8080-exec-3] DEBUG o.s.o.j.s.OpenEntityManagerInViewInterceptor - Closing JPA EntityManager in OpenEntityManagerInViewInterceptor
14-04-2025 11:43:58,958-06:00 [http-nio-8080-exec-3] DEBUG o.s.web.servlet.DispatcherServlet - Completed 200 OK
14-04-2025 11:44:18,000-06:00 [HikariPool-1 housekeeper] DEBUG com.zaxxer.hikari.pool.HikariPool - HikariPool-1 - Pool stats (total=10, active=0, idle=10, waiting=0)
14-04-2025 11:44:18,000-06:00 [HikariPool-1 housekeeper] DEBUG com.zaxxer.hikari.pool.HikariPool - HikariPool-1 - Fill pool skipped, pool has sufficient level or currently being filled.
14-04-2025 11:44:48,005-06:00 [HikariPool-1 housekeeper] DEBUG com.zaxxer.hikari.pool.HikariPool - HikariPool-1 - Pool stats (total=10, active=0, idle=10, waiting=0)
14-04-2025 11:44:48,005-06:00 [HikariPool-1 housekeeper] DEBUG com.zaxxer.hikari.pool.HikariPool - HikariPool-1 - Fill pool skipped, pool has sufficient level or currently being filled.
14-04-2025 11:45:18,005-06:00 [HikariPool-1 housekeeper] DEBUG com.zaxxer.hikari.pool.HikariPool - HikariPool-1 - Pool stats (total=10, active=0, idle=10, waiting=0)
14-04-2025 11:45:18,006-06:00 [HikariPool-1 housekeeper] DEBUG com.zaxxer.hikari.pool.HikariPool - HikariPool-1 - Fill pool skipped, pool has sufficient level or currently being filled.
14-04-2025 11:45:48,011-06:00 [HikariPool-1 housekeeper] DEBUG com.zaxxer.hikari.pool.HikariPool - HikariPool-1 - Pool stats (total=10, active=0, idle=10, waiting=0)
14-04-2025 11:45:48,011-06:00 [HikariPool-1 housekeeper] DEBUG com.zaxxer.hikari.pool.HikariPool - HikariPool-1 - Fill pool skipped, pool has sufficient level or currently being filled.
